Item,Familia,Year,Production_t
"Abaca, manila hemp, raw",Fibras,1961,97340.0
"Abaca, manila hemp, raw",Fibras,1962,112345.0
"Abaca, manila hemp, raw",Fibras,1963,140265.0
"Abaca, manila hemp, raw",Fibras,1964,123970.0
"Abaca, manila hemp, raw",Fibras,1965,112814.0
"Abaca, manila hemp, raw",Fibras,1966,142581.0
"Abaca, manila hemp, raw",Fibras,1967,125049.0
"Abaca, manila hemp, raw",Fibras,1968,111569.0
"Abaca, manila hemp, raw",Fibras,1969,113801.0
"Abaca, manila hemp, raw",Fibras,1970,128423.0
"Abaca, manila hemp, raw",Fibras,1971,111561.0
"Abaca, manila hemp, raw",Fibras,1972,117229.0
"Abaca, manila hemp, raw",Fibras,1973,128233.0
"Abaca, manila hemp, raw",Fibras,1974,137328.0
"Abaca, manila hemp, raw",Fibras,1975,145656.0
"Abaca, manila hemp, raw",Fibras,1976,154869.0
"Abaca, manila hemp, raw",Fibras,1977,168809.0
"Abaca, manila hemp, raw",Fibras,1978,142122.0
"Abaca, manila hemp, raw",Fibras,1979,160746.0
"Abaca, manila hemp, raw",Fibras,1980,169966.0
"Abaca, manila hemp, raw",Fibras,1981,139339.0
"Abaca, manila hemp, raw",Fibras,1982,128697.0
"Abaca, manila hemp, raw",Fibras,1983,98822.0
"Abaca, manila hemp, raw",Fibras,1984,109262.0
"Abaca, manila hemp, raw",Fibras,1985,94006.0
"Abaca, manila hemp, raw",Fibras,1986,92314.0
"Abaca, manila hemp, raw",Fibras,1987,99901.0
"Abaca, manila hemp, raw",Fibras,1988,108129.0
"Abaca, manila hemp, raw",Fibras,1989,81955.0
"Abaca, manila hemp, raw",Fibras,1990,78590.0
"Abaca, manila hemp, raw",Fibras,1991,82566.86
"Abaca, manila hemp, raw",Fibras,1992,85395.98
"Abaca, manila hemp, raw",Fibras,1993,81828.0
"Abaca, manila hemp, raw",Fibras,1994,84270.63
"Abaca, manila hemp, raw",Fibras,1995,85100.01
"Abaca, manila hemp, raw",Fibras,1996,94509.46
"Abaca, manila hemp, raw",Fibras,1997,92722.1
"Abaca, manila hemp, raw",Fibras,1998,97470.88
"Abaca, manila hemp, raw",Fibras,1999,99854.98
"Abaca, manila hemp, raw",Fibras,2000,95655.33
"Abaca, manila hemp, raw",Fibras,2001,100048.39
"Abaca, manila hemp, raw",Fibras,2002,91196.98
"Abaca, manila hemp, raw",Fibras,2003,99922.37
"Abaca, manila hemp, raw",Fibras,2004,107279.49
"Abaca, manila hemp, raw",Fibras,2005,105310.82
"Abaca, manila hemp, raw",Fibras,2006,99927.71
"Abaca, manila hemp, raw",Fibras,2007,100502.54
"Abaca, manila hemp, raw",Fibras,2008,102395.86
"Abaca, manila hemp, raw",Fibras,2009,100117.42
"Abaca, manila hemp, raw",Fibras,2010,101642.79
"Abaca, manila hemp, raw",Fibras,2011,104666.09
"Abaca, manila hemp, raw",Fibras,2012,104783.93
"Abaca, manila hemp, raw",Fibras,2013,102062.1
"Abaca, manila hemp, raw",Fibras,2014,106432.67
"Abaca, manila hemp, raw",Fibras,2015,109874.78
"Abaca, manila hemp, raw",Fibras,2016,110251.87
"Abaca, manila hemp, raw",Fibras,2017,108631.06
"Abaca, manila hemp, raw",Fibras,2018,110801.8
"Abaca, manila hemp, raw",Fibras,2019,113057.53
"Abaca, manila hemp, raw",Fibras,2020,110896.77
"Abaca, manila hemp, raw",Fibras,2021,102405.99
"Abaca, manila hemp, raw",Fibras,2022,108074.9
"Abaca, manila hemp, raw",Fibras,2023,107128.96
"Abaca, manila hemp, raw",Fibras,2024,108560.75
"Almonds, in shell",Oleaginosas y frutos secos,1961,756588.0
"Almonds, in shell",Oleaginosas y frutos secos,1962,436538.0
"Almonds, in shell",Oleaginosas y frutos secos,1963,577518.0
"Almonds, in shell",Oleaginosas y frutos secos,1964,631599.0
"Almonds, in shell",Oleaginosas y frutos secos,1965,605077.0
"Almonds, in shell",Oleaginosas y frutos secos,1966,606315.0
"Almonds, in shell",Oleaginosas y frutos secos,1967,719378.0
"Almonds, in shell",Oleaginosas y frutos secos,1968,709540.0
"Almonds, in shell",Oleaginosas y frutos secos,1969,566655.0
"Almonds, in shell",Oleaginosas y frutos secos,1970,676749.0
"Almonds, in shell",Oleaginosas y frutos secos,1971,580612.0
"Almonds, in shell",Oleaginosas y frutos secos,1972,700004.0
"Almonds, in shell",Oleaginosas y frutos secos,1973,621331.0
"Almonds, in shell",Oleaginosas y frutos secos,1974,855554.0
"Almonds, in shell",Oleaginosas y frutos secos,1975,752361.0
"Almonds, in shell",Oleaginosas y frutos secos,1976,930057.0
"Almonds, in shell",Oleaginosas y frutos secos,1977,812282.0
"Almonds, in shell",Oleaginosas y frutos secos,1978,904525.0
"Almonds, in shell",Oleaginosas y frutos secos,1979,833748.0
"Almonds, in shell",Oleaginosas y frutos secos,1980,919655.0
"Almonds, in shell",Oleaginosas y frutos secos,1981,1231227.0
"Almonds, in shell",Oleaginosas y frutos secos,1982,1045648.0
"Almonds, in shell",Oleaginosas y frutos secos,1983,846642.0
"Almonds, in shell",Oleaginosas y frutos secos,1984,1165867.0
"Almonds, in shell",Oleaginosas y frutos secos,1985,1145592.0
"Almonds, in shell",Oleaginosas y frutos secos,1986,976832.0
"Almonds, in shell",Oleaginosas y frutos secos,1987,1251975.0
"Almonds, in shell",Oleaginosas y frutos secos,1988,1141283.0
"Almonds, in shell",Oleaginosas y frutos secos,1989,1273584.0
"Almonds, in shell",Oleaginosas y frutos secos,1990,1315419.0
"Almonds, in shell",Oleaginosas y frutos secos,1991,1287290.53
"Almonds, in shell",Oleaginosas y frutos secos,1992,1318115.83
"Almonds, in shell",Oleaginosas y frutos secos,1993,1275181.77
"Almonds, in shell",Oleaginosas y frutos secos,1994,1384318.38
"Almonds, in shell",Oleaginosas y frutos secos,1995,1047573.22
"Almonds, in shell",Oleaginosas y frutos secos,1996,1292075.99
"Almonds, in shell",Oleaginosas y frutos secos,1997,1592740.14
"Almonds, in shell",Oleaginosas y frutos secos,1998,1310894.08
"Almonds, in shell",Oleaginosas y frutos secos,1999,1657150.15
"Almonds, in shell",Oleaginosas y frutos secos,2000,1452206.36
"Almonds, in shell",Oleaginosas y frutos secos,2001,1552538.32
"Almonds, in shell",Oleaginosas y frutos secos,2002,1849682.74
"Almonds, in shell",Oleaginosas y frutos secos,2003,1772632.97
"Almonds, in shell",Oleaginosas y frutos secos,2004,1610184.83
"Almonds, in shell",Oleaginosas y frutos secos,2005,1848483.01
"Almonds, in shell",Oleaginosas y frutos secos,2006,2084658.06
"Almonds, in shell",Oleaginosas y frutos secos,2007,2290027.67
"Almonds, in shell",Oleaginosas y frutos secos,2008,2475261.38
"Almonds, in shell",Oleaginosas y frutos secos,2009,2416426.05
"Almonds, in shell",Oleaginosas y frutos secos,2010,2575821.38
"Almonds, in shell",Oleaginosas y frutos secos,2011,3092565.68
"Almonds, in shell",Oleaginosas y frutos secos,2012,2917104.5
"Almonds, in shell",Oleaginosas y frutos secos,2013,2963074.79
"Almonds, in shell",Oleaginosas y frutos secos,2014,2754709.8
"Almonds, in shell",Oleaginosas y frutos secos,2015,2709235.39
"Almonds, in shell",Oleaginosas y frutos secos,2016,2868279.2
"Almonds, in shell",Oleaginosas y frutos secos,2017,3114788.78
"Almonds, in shell",Oleaginosas y frutos secos,2018,3327121.33
"Almonds, in shell",Oleaginosas y frutos secos,2019,3576259.52
"Almonds, in shell",Oleaginosas y frutos secos,2020,4169735.28
"Almonds, in shell",Oleaginosas y frutos secos,2021,4030657.0
"Almonds, in shell",Oleaginosas y frutos secos,2022,3635552.63
"Almonds, in shell",Oleaginosas y frutos secos,2023,3543261.24
"Almonds, in shell",Oleaginosas y frutos secos,2024,3951576.08
"Anise, badian, coriander, cumin, caraway, fennel and juniper berries, raw",Estimulantes y especias,1961,82455.0
"Anise, badian, coriander, cumin, caraway, fennel and juniper berries, raw",Estimulantes y especias,1962,90662.0
"Anise, badian, coriander, cumin, caraway, fennel and juniper berries, raw",Estimulantes y especias,1963,93901.0
"Anise, badian, coriander, cumin, caraway, fennel and juniper berries, raw",Estimulantes y especias,1964,89070.0
"Anise, badian, coriander, cumin, caraway, fennel and juniper berries, raw",Estimulantes y especias,1965,97260.0
"Anise, badian, coriander, cumin, caraway, fennel and juniper berries, raw",Estimulantes y especias,1966,94085.0
"Anise, badian, coriander, cumin, caraway, fennel and juniper berries, raw",Estimulantes y especias,1967,97590.0
"Anise, badian, coriander, cumin, caraway, fennel and juniper berries, raw",Estimulantes y especias,1968,116324.0
"Anise, badian, coriander, cumin, caraway, fennel and juniper berries, raw",Estimulantes y especias,1969,100479.0
"Anise, badian, coriander, cumin, caraway, fennel and juniper berries, raw",Estimulantes y especias,1970,93886.0
"Anise, badian, coriander, cumin, caraway, fennel and juniper berries, raw",Estimulantes y especias,1971,106783.0
"Anise, badian, coriander, cumin, caraway, fennel and juniper berries, raw",Estimulantes y especias,1972,108417.0
"Anise, badian, coriander, cumin, caraway, fennel and juniper berries, raw",Estimulantes y especias,1973,98420.0
"Anise, badian, coriander, cumin, caraway, fennel and juniper berries, raw",Estimulantes y especias,1974,107431.0
"Anise, badian, coriander, cumin, caraway, fennel and juniper berries, raw",Estimulantes y especias,1975,109487.0
"Anise, badian, coriander, cumin, caraway, fennel and juniper berries, raw",Estimulantes y especias,1976,135436.0
"Anise, badian, coriander, cumin, caraway, fennel and juniper berries, raw",Estimulantes y especias,1977,175047.0
"Anise, badian, coriander, cumin, caraway, fennel and juniper berries, raw",Estimulantes y especias,1978,166284.0
"Anise, badian, coriander, cumin, caraway, fennel and juniper berries, raw",Estimulantes y especias,1979,152468.0
"Anise, badian, coriander, cumin, caraway, fennel and juniper berries, raw",Estimulantes y especias,1980,173185.0
"Anise, badian, coriander, cumin, caraway, fennel and juniper berries, raw",Estimulantes y especias,1981,131810.0
"Anise, badian, coriander, cumin, caraway, fennel and juniper berries, raw",Estimulantes y especias,1982,157865.0
"Anise, badian, coriander, cumin, caraway, fennel and juniper berries, raw",Estimulantes y especias,1983,206165.0
"Anise, badian, coriander, cumin, caraway, fennel and juniper berries, raw",Estimulantes y especias,1984,164176.0
"Anise, badian, coriander, cumin, caraway, fennel and juniper berries, raw",Estimulantes y especias,1985,141664.0
"Anise, badian, coriander, cumin, caraway, fennel and juniper berries, raw",Estimulantes y especias,1986,170785.0
"Anise, badian, coriander, cumin, caraway, fennel and juniper berries, raw",Estimulantes y especias,1987,180891.0
"Anise, badian, coriander, cumin, caraway, fennel and juniper berries, raw",Estimulantes y especias,1988,276234.0
"Anise, badian, coriander, cumin, caraway, fennel and juniper berries, raw",Estimulantes y especias,1989,220249.0
"Anise, badian, coriander, cumin, caraway, fennel and juniper berries, raw",Estimulantes y especias,1990,242446.99
"Anise, badian, coriander, cumin, caraway, fennel and juniper berries, raw",Estimulantes y especias,1991,244536.6
"Anise, badian, coriander, cumin, caraway, fennel and juniper berries, raw",Estimulantes y especias,1992,532895.3
"Anise, badian, coriander, cumin, caraway, fennel and juniper berries, raw",Estimulantes y especias,1993,589837.05
"Anise, badian, coriander, cumin, caraway, fennel and juniper berries, raw",Estimulantes y especias,1994,586652.84
"Anise, badian, coriander, cumin, caraway, fennel and juniper berries, raw",Estimulantes y especias,1995,508366.69
"Anise, badian, coriander, cumin, caraway, fennel and juniper berries, raw",Estimulantes y especias,1996,499458.4
"Anise, badian, coriander, cumin, caraway, fennel and juniper berries, raw",Estimulantes y especias,1997,632567.99
"Anise, badian, coriander, cumin, caraway, fennel and juniper berries, raw",Estimulantes y especias,1998,780655.9
"Anise, badian, coriander, cumin, caraway, fennel and juniper berries, raw",Estimulantes y especias,1999,668076.99
"Anise, badian, coriander, cumin, caraway, fennel and juniper berries, raw",Estimulantes y especias,2000,556537.6
"Anise, badian, coriander, cumin, caraway, fennel and juniper berries, raw",Estimulantes y especias,2001,647641.94
"Anise, badian, coriander, cumin, caraway, fennel and juniper berries, raw",Estimulantes y especias,2002,951629.25
"Anise, badian, coriander, cumin, caraway, fennel and juniper berries, raw",Estimulantes y especias,2003,676381.11
"Anise, badian, coriander, cumin, caraway, fennel and juniper berries, raw",Estimulantes y especias,2004,1005091.22
"Anise, badian, coriander, cumin, caraway, fennel and juniper berries, raw",Estimulantes y especias,2005,739378.21
"Anise, badian, coriander, cumin, caraway, fennel and juniper berries, raw",Estimulantes y especias,2006,778901.4
"Anise, badian, coriander, cumin, caraway, fennel and juniper berries, raw",Estimulantes y especias,2007,745678.47
"Anise, badian, coriander, cumin, caraway, fennel and juniper berries, raw",Estimulantes y especias,2008,883101.49
"Anise, badian, coriander, cumin, caraway, fennel and juniper berries, raw",Estimulantes y especias,2009,834982.87
"Anise, badian, coriander, cumin, caraway, fennel and juniper berries, raw",Estimulantes y especias,2010,875711.46
"Anise, badian, coriander, cumin, caraway, fennel and juniper berries, raw",Estimulantes y especias,2011,1337042.22
"Anise, badian, coriander, cumin, caraway, fennel and juniper berries, raw",Estimulantes y especias,2012,1476635.15
"Anise, badian, coriander, cumin, caraway, fennel and juniper berries, raw",Estimulantes y especias,2013,1446020.42
"Anise, badian, coriander, cumin, caraway, fennel and juniper berries, raw",Estimulantes y especias,2014,1324208.96
"Anise, badian, coriander, cumin, caraway, fennel and juniper berries, raw",Estimulantes y especias,2015,1566454.9
"Anise, badian, coriander, cumin, caraway, fennel and juniper berries, raw",Estimulantes y especias,2016,1804222.09
"Anise, badian, coriander, cumin, caraway, fennel and juniper berries, raw",Estimulantes y especias,2017,2153866.93
"Anise, badian, coriander, cumin, caraway, fennel and juniper berries, raw",Estimulantes y especias,2018,2010397.91
"Anise, badian, coriander, cumin, caraway, fennel and juniper berries, raw",Estimulantes y especias,2019,1943657.88
"Anise, badian, coriander, cumin, caraway, fennel and juniper berries, raw",Estimulantes y especias,2020,2299556.14
"Anise, badian, coriander, cumin, caraway, fennel and juniper berries, raw",Estimulantes y especias,2021,2414901.64
"Anise, badian, coriander, cumin, caraway, fennel and juniper berries, raw",Estimulantes y especias,2022,1941852.81
"Anise, badian, coriander, cumin, caraway, fennel and juniper berries, raw",Estimulantes y especias,2023,2250152.1
"Anise, badian, coriander, cumin, caraway, fennel and juniper berries, raw",Estimulantes y especias,2024,2672330.3
Apples,Frutas,1961,17053651.0
Apples,Frutas,1962,21694110.0
Apples,Frutas,1963,21009272.0
Apples,Frutas,1964,22231724.0
Apples,Frutas,1965,21323988.0
Apples,Frutas,1966,21762455.0
Apples,Frutas,1967,25370910.0
Apples,Frutas,1968,24087398.0
Apples,Frutas,1969,26778974.0
Apples,Frutas,1970,27005728.0
Apples,Frutas,1971,26580791.0
Apples,Frutas,1972,24759595.0
Apples,Frutas,1973,29138481.0
Apples,Frutas,1974,27121411.0
Apples,Frutas,1975,31135523.0
Apples,Frutas,1976,31406940.0
Apples,Frutas,1977,30490589.0
Apples,Frutas,1978,32486840.0
Apples,Frutas,1979,36556334.0
Apples,Frutas,1980,33942609.0
Apples,Frutas,1981,32667138.0
Apples,Frutas,1982,40496873.0
Apples,Frutas,1983,39795515.0
Apples,Frutas,1984,39814942.0
Apples,Frutas,1985,38908542.0
Apples,Frutas,1986,42595784.0
Apples,Frutas,1987,38462837.0
Apples,Frutas,1988,42688532.0
Apples,Frutas,1989,42464226.0
Apples,Frutas,1990,40912868.3
Apples,Frutas,1991,35991124.39
Apples,Frutas,1992,44263659.98
Apples,Frutas,1993,47727079.78
Apples,Frutas,1994,46468250.48
Apples,Frutas,1995,48852052.75
Apples,Frutas,1996,54337383.25
Apples,Frutas,1997,56003557.25
Apples,Frutas,1998,54927433.38
Apples,Frutas,1999,56989864.97
Apples,Frutas,2000,59129865.46
Apples,Frutas,2001,57098257.03
Apples,Frutas,2002,55300636.3
Apples,Frutas,2003,58099822.54
Apples,Frutas,2004,62238526.48
Apples,Frutas,2005,61903267.33
Apples,Frutas,2006,63250892.24
Apples,Frutas,2007,65664355.48
Apples,Frutas,2008,69039945.48
Apples,Frutas,2009,71641631.9
Apples,Frutas,2010,71189887.87
Apples,Frutas,2011,77076205.12
Apples,Frutas,2012,78600073.96
Apples,Frutas,2013,82833020.78
Apples,Frutas,2014,85346569.83
Apples,Frutas,2015,82464169.85
Apples,Frutas,2016,85099481.43
Apples,Frutas,2017,83087383.88
Apples,Frutas,2018,85927671.61
Apples,Frutas,2019,87415212.22
Apples,Frutas,2020,90642880.52
Apples,Frutas,2021,93718173.69
Apples,Frutas,2022,95594342.32
Apples,Frutas,2023,97431609.58
Apples,Frutas,2024,97880076.32
Apricots,Frutas,1961,1317607.0
Apricots,Frutas,1962,1087534.0
Apricots,Frutas,1963,1318117.0
Apricots,Frutas,1964,1291201.0
Apricots,Frutas,1965,1362005.0
Apricots,Frutas,1966,1268849.0
Apricots,Frutas,1967,1562896.0
Apricots,Frutas,1968,1532289.0
Apricots,Frutas,1969,1618039.0
Apricots,Frutas,1970,1630277.0
Apricots,Frutas,1971,1475632.0
Apricots,Frutas,1972,1508780.0
Apricots,Frutas,1973,1701975.0
Apricots,Frutas,1974,1719960.0
Apricots,Frutas,1975,1546572.0
Apricots,Frutas,1976,1790840.0
Apricots,Frutas,1977,1517020.0
Apricots,Frutas,1978,1534821.0
Apricots,Frutas,1979,1505945.0
Apricots,Frutas,1980,1734556.0
Apricots,Frutas,1981,1860438.0
Apricots,Frutas,1982,1869665.0
Apricots,Frutas,1983,2003532.0
Apricots,Frutas,1984,1987417.0
Apricots,Frutas,1985,2028885.0
Apricots,Frutas,1986,2079897.0
Apricots,Frutas,1987,1895085.0
Apricots,Frutas,1988,2221037.0
Apricots,Frutas,1989,2401631.0
Apricots,Frutas,1990,2189110.22
Apricots,Frutas,1991,2027541.06
Apricots,Frutas,1992,2482842.55
Apricots,Frutas,1993,2296008.9
Apricots,Frutas,1994,2516545.46
Apricots,Frutas,1995,2088726.54
Apricots,Frutas,1996,2563289.17
Apricots,Frutas,1997,2404555.73
Apricots,Frutas,1998,2500417.71
Apricots,Frutas,1999,2641406.93
Apricots,Frutas,2000,2863010.33
Apricots,Frutas,2001,2641008.92
Apricots,Frutas,2002,2616307.06
Apricots,Frutas,2003,2891451.52
Apricots,Frutas,2004,2784214.28
Apricots,Frutas,2005,3625967.85
Apricots,Frutas,2006,3462297.04
Apricots,Frutas,2007,3294151.69
Apricots,Frutas,2008,3685125.53
Apricots,Frutas,2009,3756410.34
Apricots,Frutas,2010,3303442.78
Apricots,Frutas,2011,3811997.27
Apricots,Frutas,2012,3861845.21
Apricots,Frutas,2013,4089788.85
Apricots,Frutas,2014,3332797.96
Apricots,Frutas,2015,3942139.7
Apricots,Frutas,2016,4218983.6
Apricots,Frutas,2017,4819822.93
Apricots,Frutas,2018,3929606.99
Apricots,Frutas,2019,4102391.88
Apricots,Frutas,2020,3755991.02
Apricots,Frutas,2021,3687225.09
Apricots,Frutas,2022,3964884.21
Apricots,Frutas,2023,3990426.67
Apricots,Frutas,2024,4598078.78
Areca nuts,Oleaginosas y frutos secos,1961,214214.0
Areca nuts,Oleaginosas y frutos secos,1962,205239.0
Areca nuts,Oleaginosas y frutos secos,1963,210234.0
Areca nuts,Oleaginosas y frutos secos,1964,211752.0
Areca nuts,Oleaginosas y frutos secos,1965,201733.0
Areca nuts,Oleaginosas y frutos secos,1966,185192.0
Areca nuts,Oleaginosas y frutos secos,1967,200225.0
Areca nuts,Oleaginosas y frutos secos,1968,207901.0
Areca nuts,Oleaginosas y frutos secos,1969,209511.0
Areca nuts,Oleaginosas y frutos secos,1970,207580.0
Areca nuts,Oleaginosas y frutos secos,1971,211648.0
Areca nuts,Oleaginosas y frutos secos,1972,223661.0
Areca nuts,Oleaginosas y frutos secos,1973,220945.0
Areca nuts,Oleaginosas y frutos secos,1974,244178.0
Areca nuts,Oleaginosas y frutos secos,1975,242230.0
Areca nuts,Oleaginosas y frutos secos,1976,240472.0
Areca nuts,Oleaginosas y frutos secos,1977,250555.0
Areca nuts,Oleaginosas y frutos secos,1978,265912.0
Areca nuts,Oleaginosas y frutos secos,1979,270588.0
Areca nuts,Oleaginosas y frutos secos,1980,271277.0
Areca nuts,Oleaginosas y frutos secos,1981,291621.0
Areca nuts,Oleaginosas y frutos secos,1982,290417.0
Areca nuts,Oleaginosas y frutos secos,1983,327106.0
Areca nuts,Oleaginosas y frutos secos,1984,315358.0
Areca nuts,Oleaginosas y frutos secos,1985,364563.0
Areca nuts,Oleaginosas y frutos secos,1986,368325.0
Areca nuts,Oleaginosas y frutos secos,1987,370146.0
Areca nuts,Oleaginosas y frutos secos,1988,406774.0
Areca nuts,Oleaginosas y frutos secos,1989,448705.0
Areca nuts,Oleaginosas y frutos secos,1990,502793.76
Areca nuts,Oleaginosas y frutos secos,1991,496934.44
Areca nuts,Oleaginosas y frutos secos,1992,506431.21
Areca nuts,Oleaginosas y frutos secos,1993,541094.62
Areca nuts,Oleaginosas y frutos secos,1994,574516.82
Areca nuts,Oleaginosas y frutos secos,1995,622635.89
Areca nuts,Oleaginosas y frutos secos,1996,635766.12
Areca nuts,Oleaginosas y frutos secos,1997,647947.8
Areca nuts,Oleaginosas y frutos secos,1998,710445.36
Areca nuts,Oleaginosas y frutos secos,1999,698428.69
Areca nuts,Oleaginosas y frutos secos,2000,727362.9
Areca nuts,Oleaginosas y frutos secos,2001,766944.0
Areca nuts,Oleaginosas y frutos secos,2002,832557.02
Areca nuts,Oleaginosas y frutos secos,2003,873628.38
Areca nuts,Oleaginosas y frutos secos,2004,916136.35
Areca nuts,Oleaginosas y frutos secos,2005,956646.27
Areca nuts,Oleaginosas y frutos secos,2006,1024990.0
Areca nuts,Oleaginosas y frutos secos,2007,1056375.0
Areca nuts,Oleaginosas y frutos secos,2008,1074331.0
Areca nuts,Oleaginosas y frutos secos,2009,1102023.0
Areca nuts,Oleaginosas y frutos secos,2010,1086449.0
Areca nuts,Oleaginosas y frutos secos,2011,1213600.0
Areca nuts,Oleaginosas y frutos secos,2012,1491728.0
Areca nuts,Oleaginosas y frutos secos,2013,1359600.7
Areca nuts,Oleaginosas y frutos secos,2014,1270501.42
Areca nuts,Oleaginosas y frutos secos,2015,1407838.22
Areca nuts,Oleaginosas y frutos secos,2016,1452543.15
Areca nuts,Oleaginosas y frutos secos,2017,1446137.62
Areca nuts,Oleaginosas y frutos secos,2018,1558788.75
Areca nuts,Oleaginosas y frutos secos,2019,1725499.38
Areca nuts,Oleaginosas y frutos secos,2020,2230180.84
Areca nuts,Oleaginosas y frutos secos,2021,2474711.3
Areca nuts,Oleaginosas y frutos secos,2022,2565720.85
Areca nuts,Oleaginosas y frutos secos,2023,2276039.09
Areca nuts,Oleaginosas y frutos secos,2024,2331981.73
Artichokes,Hortalizas,1961,855442.0
Artichokes,Hortalizas,1962,762372.0
Artichokes,Hortalizas,1963,708759.0
Artichokes,Hortalizas,1964,945747.0
Artichokes,Hortalizas,1965,1063352.0
Artichokes,Hortalizas,1966,1093257.0
Artichokes,Hortalizas,1967,1127804.0
Artichokes,Hortalizas,1968,1053363.0
Artichokes,Hortalizas,1969,1126999.0
Artichokes,Hortalizas,1970,1276057.0
Artichokes,Hortalizas,1971,1368640.0
Artichokes,Hortalizas,1972,1403474.0
Artichokes,Hortalizas,1973,1368111.0
Artichokes,Hortalizas,1974,1397116.0
Artichokes,Hortalizas,1975,1280066.0
Artichokes,Hortalizas,1976,1245582.0
Artichokes,Hortalizas,1977,1155025.0
Artichokes,Hortalizas,1978,1335607.0
Artichokes,Hortalizas,1979,1090391.0
Artichokes,Hortalizas,1980,1254405.0
Artichokes,Hortalizas,1981,1164973.0
Artichokes,Hortalizas,1982,1184349.0
Artichokes,Hortalizas,1983,1119356.0
Artichokes,Hortalizas,1984,1142460.0
Artichokes,Hortalizas,1985,1016894.0
Artichokes,Hortalizas,1986,1189494.0
Artichokes,Hortalizas,1987,1130040.0
Artichokes,Hortalizas,1988,1268859.0
Artichokes,Hortalizas,1989,1348239.0
Artichokes,Hortalizas,1990,1333471.0
Artichokes,Hortalizas,1991,1328720.01
Artichokes,Hortalizas,1992,1249380.08
Artichokes,Hortalizas,1993,1170458.7
Artichokes,Hortalizas,1994,1207992.8
Artichokes,Hortalizas,1995,1161778.77
Artichokes,Hortalizas,1996,1136215.41
Artichokes,Hortalizas,1997,1254855.26
Artichokes,Hortalizas,1998,1247457.73
Artichokes,Hortalizas,1999,1238238.77
Artichokes,Hortalizas,2000,1322123.45
Artichokes,Hortalizas,2001,1247889.87
Artichokes,Hortalizas,2002,1264268.98
Artichokes,Hortalizas,2003,1257052.93
Artichokes,Hortalizas,2004,1348058.98
Artichokes,Hortalizas,2005,1258847.77
Artichokes,Hortalizas,2006,1394853.39
Artichokes,Hortalizas,2007,1466483.75
Artichokes,Hortalizas,2008,1462275.23
Artichokes,Hortalizas,2009,1481362.62
Artichokes,Hortalizas,2010,1433335.89
Artichokes,Hortalizas,2011,1476821.71
Artichokes,Hortalizas,2012,1557009.03
Artichokes,Hortalizas,2013,1549901.17
Artichokes,Hortalizas,2014,1512583.67
Artichokes,Hortalizas,2015,1388594.98
Artichokes,Hortalizas,2016,1343108.23
Artichokes,Hortalizas,2017,1587930.94
Artichokes,Hortalizas,2018,1558154.51
Artichokes,Hortalizas,2019,1507352.45
Artichokes,Hortalizas,2020,1444936.5
Artichokes,Hortalizas,2021,1663643.98
Artichokes,Hortalizas,2022,1586916.68
Artichokes,Hortalizas,2023,1755627.76
Artichokes,Hortalizas,2024,1732463.4
Asparagus,Hortalizas,1961,1695701.0
Asparagus,Hortalizas,1962,1379606.0
Asparagus,Hortalizas,1963,1291043.0
Asparagus,Hortalizas,1964,1207568.0
Asparagus,Hortalizas,1965,1228842.0
Asparagus,Hortalizas,1966,1247071.0
Asparagus,Hortalizas,1967,1222070.0
Asparagus,Hortalizas,1968,1328756.0
Asparagus,Hortalizas,1969,1398664.0
Asparagus,Hortalizas,1970,1113572.0
Asparagus,Hortalizas,1971,1231942.0
Asparagus,Hortalizas,1972,1147798.0
Asparagus,Hortalizas,1973,1233105.0
Asparagus,Hortalizas,1974,1252871.0
Asparagus,Hortalizas,1975,1223169.0
Asparagus,Hortalizas,1976,1258216.0
Asparagus,Hortalizas,1977,1272569.0
Asparagus,Hortalizas,1978,1264951.0
Asparagus,Hortalizas,1979,1306260.0
Asparagus,Hortalizas,1980,1252898.0
Asparagus,Hortalizas,1981,1354656.0
Asparagus,Hortalizas,1982,1389783.0
Asparagus,Hortalizas,1983,1395671.0
Asparagus,Hortalizas,1984,1435224.0
Asparagus,Hortalizas,1985,1486065.0
Asparagus,Hortalizas,1986,1592985.0
Asparagus,Hortalizas,1987,1733698.0
Asparagus,Hortalizas,1988,1758617.0
Asparagus,Hortalizas,1989,1837078.0
Asparagus,Hortalizas,1990,2012820.0
Asparagus,Hortalizas,1991,2139182.35
Asparagus,Hortalizas,1992,2228651.58
Asparagus,Hortalizas,1993,2699509.54
Asparagus,Hortalizas,1994,2921779.89
Asparagus,Hortalizas,1995,3005813.03
Asparagus,Hortalizas,1996,3321796.34
Asparagus,Hortalizas,1997,3501494.53
Asparagus,Hortalizas,1998,3654790.74
Asparagus,Hortalizas,1999,3960944.41
Asparagus,Hortalizas,2000,4640819.28
Asparagus,Hortalizas,2001,4966941.74
Asparagus,Hortalizas,2002,5751719.03
Asparagus,Hortalizas,2003,6269841.59
Asparagus,Hortalizas,2004,6621192.04
Asparagus,Hortalizas,2005,6706236.9
Asparagus,Hortalizas,2006,6932564.91
Asparagus,Hortalizas,2007,7094036.33
Asparagus,Hortalizas,2008,7216644.32
Asparagus,Hortalizas,2009,7364717.59
Asparagus,Hortalizas,2010,7487630.97
Asparagus,Hortalizas,2011,8191163.66
Asparagus,Hortalizas,2012,8283095.0
Asparagus,Hortalizas,2013,7935607.6
Asparagus,Hortalizas,2014,7929130.28
Asparagus,Hortalizas,2015,8683470.18
Asparagus,Hortalizas,2016,8266058.03
Asparagus,Hortalizas,2017,8422643.98
Asparagus,Hortalizas,2018,8520609.58
Asparagus,Hortalizas,2019,8654452.72
Asparagus,Hortalizas,2020,8782229.11
Asparagus,Hortalizas,2021,8839042.68
Asparagus,Hortalizas,2022,8892225.69
Asparagus,Hortalizas,2023,8894295.84
Asparagus,Hortalizas,2024,8909741.75
Avocados,Frutas,1961,716353.0
Avocados,Frutas,1962,747298.0
Avocados,Frutas,1963,787311.0
Avocados,Frutas,1964,788522.0
Avocados,Frutas,1965,857193.0
Avocados,Frutas,1966,884536.0
Avocados,Frutas,1967,945037.0
Avocados,Frutas,1968,960427.0
Avocados,Frutas,1969,1005429.0
Avocados,Frutas,1970,1029650.0
Avocados,Frutas,1971,1086786.0
Avocados,Frutas,1972,1124012.0
Avocados,Frutas,1973,1168951.0
Avocados,Frutas,1974,1180212.0
Avocados,Frutas,1975,1243261.0
Avocados,Frutas,1976,1280299.0
Avocados,Frutas,1977,1347809.0
Avocados,Frutas,1978,1409038.0
Avocados,Frutas,1979,1348699.0
Avocados,Frutas,1980,1577865.0
Avocados,Frutas,1981,1544661.0
Avocados,Frutas,1982,1664338.0
Avocados,Frutas,1983,1676042.0
Avocados,Frutas,1984,1661982.0
Avocados,Frutas,1985,1752860.0
Avocados,Frutas,1986,1961073.0
Avocados,Frutas,1987,1825021.0
Avocados,Frutas,1988,1907246.0
Avocados,Frutas,1989,1676413.0
Avocados,Frutas,1990,1851282.29
Avocados,Frutas,1991,2057215.38
Avocados,Frutas,1992,2144738.44
Avocados,Frutas,1993,1977851.12
Avocados,Frutas,1994,2089120.83
Avocados,Frutas,1995,2138498.82
Avocados,Frutas,1996,2236581.59
Avocados,Frutas,1997,2201120.03
Avocados,Frutas,1998,2372649.43
Avocados,Frutas,1999,2470079.45
Avocados,Frutas,2000,2705626.24
Avocados,Frutas,2001,2762552.58
Avocados,Frutas,2002,2943304.54
Avocados,Frutas,2003,3121497.11
Avocados,Frutas,2004,3164333.83
Avocados,Frutas,2005,3352807.95
Avocados,Frutas,2006,3572591.65
Avocados,Frutas,2007,3516965.55
Avocados,Frutas,2008,3367356.35
Avocados,Frutas,2009,3832475.93
Avocados,Frutas,2010,3801775.9
Avocados,Frutas,2011,4092747.23
Avocados,Frutas,2012,4338207.41
Avocados,Frutas,2013,4566843.53
Avocados,Frutas,2014,5091783.82
Avocados,Frutas,2015,5515354.28
Avocados,Frutas,2016,6029951.3
Avocados,Frutas,2017,6378613.81
Avocados,Frutas,2018,6880607.84
Avocados,Frutas,2019,7296463.95
Avocados,Frutas,2020,8266199.1
Avocados,Frutas,2021,8838169.27
Avocados,Frutas,2022,9581224.51
Avocados,Frutas,2023,10672979.81
Avocados,Frutas,2024,11226085.72
"Bambara beans, dry",Legumbres,1961,29600.0
"Bambara beans, dry",Legumbres,1962,30100.0
"Bambara beans, dry",Legumbres,1963,30600.0
"Bambara beans, dry",Legumbres,1964,30600.0
"Bambara beans, dry",Legumbres,1965,30600.0
"Bambara beans, dry",Legumbres,1966,29600.0
"Bambara beans, dry",Legumbres,1967,27727.0
"Bambara beans, dry",Legumbres,1968,27515.0
"Bambara beans, dry",Legumbres,1969,34720.0
"Bambara beans, dry",Legumbres,1970,33994.0
"Bambara beans, dry",Legumbres,1971,34361.0
"Bambara beans, dry",Legumbres,1972,37354.0
"Bambara beans, dry",Legumbres,1973,34745.0
"Bambara beans, dry",Legumbres,1974,34911.0
"Bambara beans, dry",Legumbres,1975,41235.0
"Bambara beans, dry",Legumbres,1976,42078.0
"Bambara beans, dry",Legumbres,1977,42724.0
"Bambara beans, dry",Legumbres,1978,30250.0
"Bambara beans, dry",Legumbres,1979,30554.0
"Bambara beans, dry",Legumbres,1980,31741.0
"Bambara beans, dry",Legumbres,1981,33011.0
"Bambara beans, dry",Legumbres,1982,35640.0
"Bambara beans, dry",Legumbres,1983,28453.0
"Bambara beans, dry",Legumbres,1984,34656.0
"Bambara beans, dry",Legumbres,1985,33786.0
"Bambara beans, dry",Legumbres,1986,38186.0
"Bambara beans, dry",Legumbres,1987,35396.0
"Bambara beans, dry",Legumbres,1988,41338.0
"Bambara beans, dry",Legumbres,1989,41461.0
"Bambara beans, dry",Legumbres,1990,55652.0
"Bambara beans, dry",Legumbres,1991,80019.0
"Bambara beans, dry",Legumbres,1992,81985.0
"Bambara beans, dry",Legumbres,1993,91475.0
"Bambara beans, dry",Legumbres,1994,98198.0
"Bambara beans, dry",Legumbres,1995,131687.0
"Bambara beans, dry",Legumbres,1996,106182.0
"Bambara beans, dry",Legumbres,1997,69530.0
"Bambara beans, dry",Legumbres,1998,78623.0
"Bambara beans, dry",Legumbres,1999,90100.0
"Bambara beans, dry",Legumbres,2000,70090.0
"Bambara beans, dry",Legumbres,2001,82218.0
"Bambara beans, dry",Legumbres,2002,92169.2
"Bambara beans, dry",Legumbres,2003,99023.0
"Bambara beans, dry",Legumbres,2004,80861.0
"Bambara beans, dry",Legumbres,2005,105006.55
"Bambara beans, dry",Legumbres,2006,112110.0
"Bambara beans, dry",Legumbres,2007,109576.63
"Bambara beans, dry",Legumbres,2008,147761.0
"Bambara beans, dry",Legumbres,2009,150306.57
"Bambara beans, dry",Legumbres,2010,166205.0
"Bambara beans, dry",Legumbres,2011,151300.27
"Bambara beans, dry",Legumbres,2012,190417.65
"Bambara beans, dry",Legumbres,2013,190924.45
"Bambara beans, dry",Legumbres,2014,198892.4
"Bambara beans, dry",Legumbres,2015,202889.7
"Bambara beans, dry",Legumbres,2016,203932.36
"Bambara beans, dry",Legumbres,2017,206369.57
"Bambara beans, dry",Legumbres,2018,242480.68
"Bambara beans, dry",Legumbres,2019,238915.38
"Bambara beans, dry",Legumbres,2020,265378.8
"Bambara beans, dry",Legumbres,2021,232118.61
"Bambara beans, dry",Legumbres,2022,273795.4
"Bambara beans, dry",Legumbres,2023,256348.96
"Bambara beans, dry",Legumbres,2024,238007.07
Bananas,Frutas,1961,22424536.0
Bananas,Frutas,1962,23335352.0
Bananas,Frutas,1963,23842024.0
Bananas,Frutas,1964,25621314.0
Bananas,Frutas,1965,27736932.0
Bananas,Frutas,1966,28085011.0
Bananas,Frutas,1967,29125967.0
Bananas,Frutas,1968,30385767.0
Bananas,Frutas,1969,31910485.0
Bananas,Frutas,1970,33139813.0
Bananas,Frutas,1971,34240056.0
Bananas,Frutas,1972,34526552.0
Bananas,Frutas,1973,32867123.0
Bananas,Frutas,1974,33511739.0
Bananas,Frutas,1975,33139551.0
Bananas,Frutas,1976,34333324.0
Bananas,Frutas,1977,36089738.0
Bananas,Frutas,1978,36539279.0
Bananas,Frutas,1979,37550260.0
Bananas,Frutas,1980,39097925.0
Bananas,Frutas,1981,39866060.0
Bananas,Frutas,1982,40541722.0
Bananas,Frutas,1983,39248565.0
Bananas,Frutas,1984,41375343.0
Bananas,Frutas,1985,42514787.0
Bananas,Frutas,1986,45093345.0
Bananas,Frutas,1987,46720499.0
Bananas,Frutas,1988,47244990.0
Bananas,Frutas,1989,47834767.0
Bananas,Frutas,1990,49936000.14
Bananas,Frutas,1991,51959604.89
Bananas,Frutas,1992,56463875.24
Bananas,Frutas,1993,57320597.06
Bananas,Frutas,1994,59080435.88
Bananas,Frutas,1995,59691196.91
Bananas,Frutas,1996,58702449.63
Bananas,Frutas,1997,63494163.2
Bananas,Frutas,1998,65760916.51
Bananas,Frutas,1999,70984468.63
Bananas,Frutas,2000,68239017.9
Bananas,Frutas,2001,71085277.31
Bananas,Frutas,2002,74033590.55
Bananas,Frutas,2003,76311997.52
Bananas,Frutas,2004,80875617.28
Bananas,Frutas,2005,85367849.92
Bananas,Frutas,2006,90537905.08
Bananas,Frutas,2007,96316611.9
Bananas,Frutas,2008,100427279.71
Bananas,Frutas,2009,104648476.78
Bananas,Frutas,2010,112982150.79
Bananas,Frutas,2011,113999937.97
Bananas,Frutas,2012,112459155.64
Bananas,Frutas,2013,114278574.47
Bananas,Frutas,2014,115210453.98
Bananas,Frutas,2015,117523894.05
Bananas,Frutas,2016,114964204.5
Bananas,Frutas,2017,117469023.27
Bananas,Frutas,2018,121899454.33
Bananas,Frutas,2019,122669656.94
Bananas,Frutas,2020,126470794.84
Bananas,Frutas,2021,132285903.09
Bananas,Frutas,2022,134842115.39
Bananas,Frutas,2023,136676238.84
Bananas,Frutas,2024,139413684.55
Barley,Cereales,1961,72411104.0
Barley,Cereales,1962,88396959.0
Barley,Cereales,1963,90385850.0
Barley,Cereales,1964,95524923.0
Barley,Cereales,1965,92617012.0
Barley,Cereales,1966,100425696.0
Barley,Cereales,1967,103177495.0
Barley,Cereales,1968,113503735.0
Barley,Cereales,1969,118005609.0
Barley,Cereales,1970,119377845.0
Barley,Cereales,1971,131236124.0
Barley,Cereales,1972,132963039.0
Barley,Cereales,1973,146965111.0
Barley,Cereales,1974,148817870.0
Barley,Cereales,1975,135490720.0
Barley,Cereales,1976,166594606.0
Barley,Cereales,1977,156385293.0
Barley,Cereales,1978,174927909.0
Barley,Cereales,1979,154988548.0
Barley,Cereales,1980,156701322.0
Barley,Cereales,1981,149600982.0
Barley,Cereales,1982,161350937.0
Barley,Cereales,1983,159468471.0
Barley,Cereales,1984,169432065.0
Barley,Cereales,1985,172616538.0
Barley,Cereales,1986,177167375.0
Barley,Cereales,1987,175286684.0
Barley,Cereales,1988,163394406.0
Barley,Cereales,1989,164164355.0
Barley,Cereales,1990,179138264.64
Barley,Cereales,1991,169574549.55
Barley,Cereales,1992,165525543.17
Barley,Cereales,1993,169535158.18
Barley,Cereales,1994,161011505.0
Barley,Cereales,1995,140716741.23
Barley,Cereales,1996,155009558.66
Barley,Cereales,1997,154351135.43
Barley,Cereales,1998,137403721.88
Barley,Cereales,1999,128077580.82
Barley,Cereales,2000,133105721.31
Barley,Cereales,2001,142128403.91
Barley,Cereales,2002,136608001.22
Barley,Cereales,2003,143054930.27
Barley,Cereales,2004,153619923.43
Barley,Cereales,2005,138477935.88
Barley,Cereales,2006,139278575.83
Barley,Cereales,2007,134299112.01
Barley,Cereales,2008,154740172.99
Barley,Cereales,2009,150777922.55
Barley,Cereales,2010,123658030.06
Barley,Cereales,2011,133520367.13
Barley,Cereales,2012,131721946.54
Barley,Cereales,2013,145222837.5
Barley,Cereales,2014,144415413.57
Barley,Cereales,2015,148269522.48
Barley,Cereales,2016,150483451.69
Barley,Cereales,2017,144731369.82
Barley,Cereales,2018,139919234.59
Barley,Cereales,2019,158984732.44
Barley,Cereales,2020,161624520.48
Barley,Cereales,2021,143924169.64
Barley,Cereales,2022,152984970.97
Barley,Cereales,2023,142711447.07
Barley,Cereales,2024,141996861.28
"Beans, dry",Legumbres,1961,11228313.0
"Beans, dry",Legumbres,1962,11744939.0
"Beans, dry",Legumbres,1963,11693428.0
"Beans, dry",Legumbres,1964,12139318.0
"Beans, dry",Legumbres,1965,12044424.0
"Beans, dry",Legumbres,1966,11897234.0
"Beans, dry",Legumbres,1967,12490784.0
"Beans, dry",Legumbres,1968,11701307.0
"Beans, dry",Legumbres,1969,11740358.0
"Beans, dry",Legumbres,1970,12629727.0
"Beans, dry",Legumbres,1971,12596557.0
"Beans, dry",Legumbres,1972,12319681.0
"Beans, dry",Legumbres,1973,13037173.0
"Beans, dry",Legumbres,1974,12753197.0
"Beans, dry",Legumbres,1975,13412679.0
"Beans, dry",Legumbres,1976,12327437.0
"Beans, dry",Legumbres,1977,13242206.0
"Beans, dry",Legumbres,1978,13554877.0
"Beans, dry",Legumbres,1979,12731407.0
"Beans, dry",Legumbres,1980,13711771.0
"Beans, dry",Legumbres,1981,15278695.0
"Beans, dry",Legumbres,1982,15342446.0
"Beans, dry",Legumbres,1983,14825734.0
"Beans, dry",Legumbres,1984,15664232.0
"Beans, dry",Legumbres,1985,15499453.0
"Beans, dry",Legumbres,1986,15143551.0
"Beans, dry",Legumbres,1987,15045832.0
"Beans, dry",Legumbres,1988,16561774.0
"Beans, dry",Legumbres,1989,15574499.0
"Beans, dry",Legumbres,1990,17539735.0
"Beans, dry",Legumbres,1991,24586549.22
"Beans, dry",Legumbres,1992,25350826.0
"Beans, dry",Legumbres,1993,22695114.64
"Beans, dry",Legumbres,1994,23982398.8
"Beans, dry",Legumbres,1995,23229916.45
"Beans, dry",Legumbres,1996,20689673.49
"Beans, dry",Legumbres,1997,17929995.53
"Beans, dry",Legumbres,1998,17917032.41
"Beans, dry",Legumbres,1999,18943130.11
"Beans, dry",Legumbres,2000,19310046.11
"Beans, dry",Legumbres,2001,19333633.82
"Beans, dry",Legumbres,2002,21256861.03
"Beans, dry",Legumbres,2003,22529311.43
"Beans, dry",Legumbres,2004,19833067.78
"Beans, dry",Legumbres,2005,20409395.06
"Beans, dry",Legumbres,2006,22075959.79
"Beans, dry",Legumbres,2007,23071622.37
"Beans, dry",Legumbres,2008,23001962.24
"Beans, dry",Legumbres,2009,23041912.21
"Beans, dry",Legumbres,2010,26054525.45
"Beans, dry",Legumbres,2011,25103427.97
"Beans, dry",Legumbres,2012,25932957.68
"Beans, dry",Legumbres,2013,26267648.81
"Beans, dry",Legumbres,2014,26724934.15
"Beans, dry",Legumbres,2015,27956296.64
"Beans, dry",Legumbres,2016,28707388.7
"Beans, dry",Legumbres,2017,30801665.21
"Beans, dry",Legumbres,2018,29220936.01
"Beans, dry",Legumbres,2019,27101722.19
"Beans, dry",Legumbres,2020,29427877.01
"Beans, dry",Legumbres,2021,29308756.96
"Beans, dry",Legumbres,2022,30057766.37
"Beans, dry",Legumbres,2023,29727498.2
"Beans, dry",Legumbres,2024,30277329.95
Blueberries,Frutas,1961,35091.0
Blueberries,Frutas,1962,30048.0
Blueberries,Frutas,1963,36251.0
Blueberries,Frutas,1964,38370.0
Blueberries,Frutas,1965,33416.0
Blueberries,Frutas,1966,48367.0
Blueberries,Frutas,1967,41404.0
Blueberries,Frutas,1968,35380.0
Blueberries,Frutas,1969,62328.0
Blueberries,Frutas,1970,60749.0
Blueberries,Frutas,1971,61515.0
Blueberries,Frutas,1972,55459.0
Blueberries,Frutas,1973,76000.0
Blueberries,Frutas,1974,62164.0
Blueberries,Frutas,1975,62205.0
Blueberries,Frutas,1976,64825.0
Blueberries,Frutas,1977,56813.0
Blueberries,Frutas,1978,65422.0
Blueberries,Frutas,1979,71287.0
Blueberries,Frutas,1980,73769.0
Blueberries,Frutas,1981,85310.0
Blueberries,Frutas,1982,92935.0
Blueberries,Frutas,1983,98050.0
Blueberries,Frutas,1984,85206.0
Blueberries,Frutas,1985,103226.0
Blueberries,Frutas,1986,99115.0
Blueberries,Frutas,1987,110949.0
Blueberries,Frutas,1988,115016.0
Blueberries,Frutas,1989,112893.0
Blueberries,Frutas,1990,133187.56
Blueberries,Frutas,1991,125031.56
Blueberries,Frutas,1992,114694.89
Blueberries,Frutas,1993,143428.62
Blueberries,Frutas,1994,134105.35
Blueberries,Frutas,1995,157000.18
Blueberries,Frutas,1996,158520.49
Blueberries,Frutas,1997,174324.66
Blueberries,Frutas,1998,158406.26
Blueberries,Frutas,1999,205592.16
Blueberries,Frutas,2000,211325.51
Blueberries,Frutas,2001,231847.59
Blueberries,Frutas,2002,202423.22
Blueberries,Frutas,2003,218475.6
Blueberries,Frutas,2004,238455.14
Blueberries,Frutas,2005,256906.12
Blueberries,Frutas,2006,286653.57
Blueberries,Frutas,2007,291665.45
Blueberries,Frutas,2008,353653.57
Blueberries,Frutas,2009,383517.9
Blueberries,Frutas,2010,388388.29
Blueberries,Frutas,2011,444345.57
Blueberries,Frutas,2012,490370.21
Blueberries,Frutas,2013,526324.15
Blueberries,Frutas,2014,628846.17
Blueberries,Frutas,2015,645239.84
Blueberries,Frutas,2016,752662.85
Blueberries,Frutas,2017,721907.09
Blueberries,Frutas,2018,825643.95
Blueberries,Frutas,2019,1040127.47
Blueberries,Frutas,2020,1042909.98
Blueberries,Frutas,2021,1204038.78
Blueberries,Frutas,2022,1307937.4
Blueberries,Frutas,2023,1209653.7
Blueberries,Frutas,2024,1392533.61
"Broad beans and horse beans, dry",Legumbres,1961,4842684.0
"Broad beans and horse beans, dry",Legumbres,1962,6201802.0
"Broad beans and horse beans, dry",Legumbres,1963,5314738.0
"Broad beans and horse beans, dry",Legumbres,1964,5557705.0
"Broad beans and horse beans, dry",Legumbres,1965,5585971.0
"Broad beans and horse beans, dry",Legumbres,1966,4637356.0
"Broad beans and horse beans, dry",Legumbres,1967,4544887.0
"Broad beans and horse beans, dry",Legumbres,1968,4301390.0
"Broad beans and horse beans, dry",Legumbres,1969,4262570.0
"Broad beans and horse beans, dry",Legumbres,1970,4521898.0
"Broad beans and horse beans, dry",Legumbres,1971,4471669.0
"Broad beans and horse beans, dry",Legumbres,1972,4454937.0
"Broad beans and horse beans, dry",Legumbres,1973,4242961.0
"Broad beans and horse beans, dry",Legumbres,1974,4262681.0
"Broad beans and horse beans, dry",Legumbres,1975,4244673.0
"Broad beans and horse beans, dry",Legumbres,1976,4130222.0
"Broad beans and horse beans, dry",Legumbres,1977,3961525.0
"Broad beans and horse beans, dry",Legumbres,1978,4293740.0
"Broad beans and horse beans, dry",Legumbres,1979,4480917.0
"Broad beans and horse beans, dry",Legumbres,1980,4494090.0
"Broad beans and horse beans, dry",Legumbres,1981,4074732.0
"Broad beans and horse beans, dry",Legumbres,1982,4304464.0
"Broad beans and horse beans, dry",Legumbres,1983,4176444.0
"Broad beans and horse beans, dry",Legumbres,1984,4300805.0
"Broad beans and horse beans, dry",Legumbres,1985,4025664.0
"Broad beans and horse beans, dry",Legumbres,1986,4063187.0
"Broad beans and horse beans, dry",Legumbres,1987,4236077.0
"Broad beans and horse beans, dry",Legumbres,1988,4657334.0
"Broad beans and horse beans, dry",Legumbres,1989,4222037.0
"Broad beans and horse beans, dry",Legumbres,1990,4347802.0
"Broad beans and horse beans, dry",Legumbres,1991,3360188.46
"Broad beans and horse beans, dry",Legumbres,1992,2777784.44
"Broad beans and horse beans, dry",Legumbres,1993,3539775.93
"Broad beans and horse beans, dry",Legumbres,1994,3635876.33
"Broad beans and horse beans, dry",Legumbres,1995,3622725.97
"Broad beans and horse beans, dry",Legumbres,1996,3692435.85
"Broad beans and horse beans, dry",Legumbres,1997,3429802.75
"Broad beans and horse beans, dry",Legumbres,1998,3820048.5
"Broad beans and horse beans, dry",Legumbres,1999,3571254.62
"Broad beans and horse beans, dry",Legumbres,2000,3788072.69
"Broad beans and horse beans, dry",Legumbres,2001,4161299.28
"Broad beans and horse beans, dry",Legumbres,2002,4340570.39
"Broad beans and horse beans, dry",Legumbres,2003,4554594.65
"Broad beans and horse beans, dry",Legumbres,2004,4329616.51
"Broad beans and horse beans, dry",Legumbres,2005,4464026.35
"Broad beans and horse beans, dry",Legumbres,2006,4108025.44
"Broad beans and horse beans, dry",Legumbres,2007,4017056.16
"Broad beans and horse beans, dry",Legumbres,2008,4223082.53
"Broad beans and horse beans, dry",Legumbres,2009,4358865.43
"Broad beans and horse beans, dry",Legumbres,2010,4485424.47
"Broad beans and horse beans, dry",Legumbres,2011,4597668.59
"Broad beans and horse beans, dry",Legumbres,2012,4651998.72
"Broad beans and horse beans, dry",Legumbres,2013,4496250.45
"Broad beans and horse beans, dry",Legumbres,2014,4613448.74
"Broad beans and horse beans, dry",Legumbres,2015,4650848.4
"Broad beans and horse beans, dry",Legumbres,2016,5068857.72
"Broad beans and horse beans, dry",Legumbres,2017,5677342.54
"Broad beans and horse beans, dry",Legumbres,2018,5569888.1
"Broad beans and horse beans, dry",Legumbres,2019,5350326.95
"Broad beans and horse beans, dry",Legumbres,2020,5712025.01
"Broad beans and horse beans, dry",Legumbres,2021,6209264.06
"Broad beans and horse beans, dry",Legumbres,2022,6177489.38
"Broad beans and horse beans, dry",Legumbres,2023,6307967.56
"Broad beans and horse beans, dry",Legumbres,2024,6258986.39
Buckwheat,Cereales,1961,2479596.0
Buckwheat,Cereales,1962,2648790.0
Buckwheat,Cereales,1963,2039149.0
Buckwheat,Cereales,1964,2201085.0
Buckwheat,Cereales,1965,2695458.0
Buckwheat,Cereales,1966,2578392.0
Buckwheat,Cereales,1967,2777463.0
Buckwheat,Cereales,1968,2965281.0
Buckwheat,Cereales,1969,3078816.0
Buckwheat,Cereales,1970,3028054.0
Buckwheat,Cereales,1971,3188992.0
Buckwheat,Cereales,1972,2858577.0
Buckwheat,Cereales,1973,3491936.0
Buckwheat,Cereales,1974,3420126.0
Buckwheat,Cereales,1975,3291786.0
Buckwheat,Cereales,1976,3475938.0
Buckwheat,Cereales,1977,3074767.0
Buckwheat,Cereales,1978,3659921.0
Buckwheat,Cereales,1979,3756677.0
Buckwheat,Cereales,1980,3259645.0
Buckwheat,Cereales,1981,3399060.0
Buckwheat,Cereales,1982,3579833.0
Buckwheat,Cereales,1983,3569416.0
Buckwheat,Cereales,1984,3851523.0
Buckwheat,Cereales,1985,3309663.0
Buckwheat,Cereales,1986,2923462.0
Buckwheat,Cereales,1987,3511265.0
Buckwheat,Cereales,1988,3118065.0
Buckwheat,Cereales,1989,3141949.0
Buckwheat,Cereales,1990,3622635.0
Buckwheat,Cereales,1991,3983968.64
Buckwheat,Cereales,1992,4975234.2
Buckwheat,Cereales,1993,4257560.54
Buckwheat,Cereales,1994,3772501.53
Buckwheat,Cereales,1995,3464678.71
Buckwheat,Cereales,1996,3271628.58
Buckwheat,Cereales,1997,3694888.48
Buckwheat,Cereales,1998,3096291.95
Buckwheat,Cereales,1999,2789484.73
Buckwheat,Cereales,2000,3780798.02
Buckwheat,Cereales,2001,2590076.66
Buckwheat,Cereales,2002,1829879.51
Buckwheat,Cereales,2003,2569615.67
Buckwheat,Cereales,2004,2291096.8
Buckwheat,Cereales,2005,2080803.75
Buckwheat,Cereales,2006,1940669.92
Buckwheat,Cereales,2007,2378845.4
Buckwheat,Cereales,2008,2220113.41
Buckwheat,Cereales,2009,1800527.09
Buckwheat,Cereales,2010,1454590.45
Buckwheat,Cereales,2011,2368022.95
Buckwheat,Cereales,2012,2262982.0
Buckwheat,Cereales,2013,2263764.35
Buckwheat,Cereales,2014,1920366.07
Buckwheat,Cereales,2015,1923740.43
Buckwheat,Cereales,2016,2589785.21
Buckwheat,Cereales,2017,3036090.56
Buckwheat,Cereales,2018,1945554.06
Buckwheat,Cereales,2019,1723878.97
Buckwheat,Cereales,2020,1805003.69
Buckwheat,Cereales,2021,1866599.86
Buckwheat,Cereales,2022,2245725.1
Buckwheat,Cereales,2023,2149866.8
Buckwheat,Cereales,2024,1970230.16
Cabbages,Hortalizas,1961,23396048.0
Cabbages,Hortalizas,1962,23054847.0
Cabbages,Hortalizas,1963,23687089.0
Cabbages,Hortalizas,1964,24339752.0
Cabbages,Hortalizas,1965,24359914.0
Cabbages,Hortalizas,1966,25434522.0
Cabbages,Hortalizas,1967,26213820.0
Cabbages,Hortalizas,1968,26552485.0
Cabbages,Hortalizas,1969,26751926.0
Cabbages,Hortalizas,1970,27840410.0
Cabbages,Hortalizas,1971,28182163.0
Cabbages,Hortalizas,1972,27391876.0
Cabbages,Hortalizas,1973,30155040.0
Cabbages,Hortalizas,1974,30392264.0
Cabbages,Hortalizas,1975,31429801.0
Cabbages,Hortalizas,1976,33512372.0
Cabbages,Hortalizas,1977,33003530.0
Cabbages,Hortalizas,1978,37814357.0
Cabbages,Hortalizas,1979,35000573.0
Cabbages,Hortalizas,1980,35813025.0
Cabbages,Hortalizas,1981,36739509.0
Cabbages,Hortalizas,1982,39383909.0
Cabbages,Hortalizas,1983,37816976.0
Cabbages,Hortalizas,1984,41487125.0
Cabbages,Hortalizas,1985,38862194.0
Cabbages,Hortalizas,1986,39991631.0
Cabbages,Hortalizas,1987,38470672.0
Cabbages,Hortalizas,1988,38781108.0
Cabbages,Hortalizas,1989,39089550.0
Cabbages,Hortalizas,1990,39352652.0
Cabbages,Hortalizas,1991,40231245.77
Cabbages,Hortalizas,1992,39220007.18
Cabbages,Hortalizas,1993,42252167.8
Cabbages,Hortalizas,1994,42414681.99
Cabbages,Hortalizas,1995,44938193.91
Cabbages,Hortalizas,1996,48180537.26
Cabbages,Hortalizas,1997,48902865.51
Cabbages,Hortalizas,1998,49772054.29
Cabbages,Hortalizas,1999,53110664.64
Cabbages,Hortalizas,2000,75144538.45
Cabbages,Hortalizas,2001,71361002.65
Cabbages,Hortalizas,2002,68430232.0
Cabbages,Hortalizas,2003,67927864.41
Cabbages,Hortalizas,2004,66484578.63
Cabbages,Hortalizas,2005,65219041.44
Cabbages,Hortalizas,2006,64418187.39
Cabbages,Hortalizas,2007,62458244.38
Cabbages,Hortalizas,2008,65071216.71
Cabbages,Hortalizas,2009,65668197.8
Cabbages,Hortalizas,2010,66015831.71
Cabbages,Hortalizas,2011,69984471.99
Cabbages,Hortalizas,2012,68113773.27
Cabbages,Hortalizas,2013,69063936.5
Cabbages,Hortalizas,2014,71329850.55
Cabbages,Hortalizas,2015,70551644.13
Cabbages,Hortalizas,2016,71500396.1
Cabbages,Hortalizas,2017,72899560.84
Cabbages,Hortalizas,2018,72362261.47
Cabbages,Hortalizas,2019,73498381.56
Cabbages,Hortalizas,2020,74786598.26
Cabbages,Hortalizas,2021,74592822.71
Cabbages,Hortalizas,2022,75094287.18
Cabbages,Hortalizas,2023,74973261.92
Cabbages,Hortalizas,2024,75483818.78
Canary seed,Cereales,1961,61026.0
Canary seed,Cereales,1962,97842.0
Canary seed,Cereales,1963,77619.0
Canary seed,Cereales,1964,73052.0
Canary seed,Cereales,1965,57906.0
Canary seed,Cereales,1966,47408.0
Canary seed,Cereales,1967,51933.0
Canary seed,Cereales,1968,53691.0
Canary seed,Cereales,1969,95780.0
Canary seed,Cereales,1970,169588.0
Canary seed,Cereales,1971,91066.0
Canary seed,Cereales,1972,67823.0
Canary seed,Cereales,1973,73249.0
Canary seed,Cereales,1974,70066.0
Canary seed,Cereales,1975,74175.0
Canary seed,Cereales,1976,105632.0
Canary seed,Cereales,1977,87370.0
Canary seed,Cereales,1978,128853.0
Canary seed,Cereales,1979,86067.0
Canary seed,Cereales,1980,88603.0
Canary seed,Cereales,1981,85291.0
Canary seed,Cereales,1982,117265.0
Canary seed,Cereales,1983,162021.0
Canary seed,Cereales,1984,123721.0
Canary seed,Cereales,1985,126316.0
Canary seed,Cereales,1986,180857.0
Canary seed,Cereales,1987,186296.0
Canary seed,Cereales,1988,133065.0
Canary seed,Cereales,1989,203704.0
Canary seed,Cereales,1990,254245.0
Canary seed,Cereales,1991,194317.0
Canary seed,Cereales,1992,193465.8
Canary seed,Cereales,1993,204371.8
Canary seed,Cereales,1994,300753.46
Canary seed,Cereales,1995,216382.4
Canary seed,Cereales,1996,347375.4
Canary seed,Cereales,1997,168783.3
Canary seed,Cereales,1998,307288.8
Canary seed,Cereales,1999,217034.0
Canary seed,Cereales,2000,215063.0
Canary seed,Cereales,2001,150072.71
Canary seed,Cereales,2002,225499.0
Canary seed,Cereales,2003,300208.0
Canary seed,Cereales,2004,377926.4
Canary seed,Cereales,2005,296417.01
Canary seed,Cereales,2006,193605.0
Canary seed,Cereales,2007,216629.97
Canary seed,Cereales,2008,257833.97
Canary seed,Cereales,2009,254878.56
Canary seed,Cereales,2010,211128.01
Canary seed,Cereales,2011,201916.95
Canary seed,Cereales,2012,222474.76
Canary seed,Cereales,2013,195411.52
Canary seed,Cereales,2014,235225.0
Canary seed,Cereales,2015,229737.2
Canary seed,Cereales,2016,219819.65
Canary seed,Cereales,2017,242332.64
Canary seed,Cereales,2018,227020.28
Canary seed,Cereales,2019,265998.49
Canary seed,Cereales,2020,303644.8
Canary seed,Cereales,2021,223611.36
Canary seed,Cereales,2022,246206.28
Canary seed,Cereales,2023,198981.39
Canary seed,Cereales,2024,296051.96
Cantaloupes and other melons,Frutas,1961,6992959.0
Cantaloupes and other melons,Frutas,1962,6676427.0
Cantaloupes and other melons,Frutas,1963,6752456.0
Cantaloupes and other melons,Frutas,1964,6674515.0
Cantaloupes and other melons,Frutas,1965,6790562.0
Cantaloupes and other melons,Frutas,1966,6708665.0
Cantaloupes and other melons,Frutas,1967,6989359.0
Cantaloupes and other melons,Frutas,1968,7295854.0
Cantaloupes and other melons,Frutas,1969,7098264.0
Cantaloupes and other melons,Frutas,1970,6535621.0
Cantaloupes and other melons,Frutas,1971,6975974.0
Cantaloupes and other melons,Frutas,1972,7086642.0
Cantaloupes and other melons,Frutas,1973,6818349.0
Cantaloupes and other melons,Frutas,1974,6953126.0
Cantaloupes and other melons,Frutas,1975,7579843.0
Cantaloupes and other melons,Frutas,1976,7824891.0
Cantaloupes and other melons,Frutas,1977,7787799.0
Cantaloupes and other melons,Frutas,1978,8479339.0
Cantaloupes and other melons,Frutas,1979,8974794.0
Cantaloupes and other melons,Frutas,1980,8804553.0
Cantaloupes and other melons,Frutas,1981,9556911.0
Cantaloupes and other melons,Frutas,1982,10359427.0
Cantaloupes and other melons,Frutas,1983,10309524.0
Cantaloupes and other melons,Frutas,1984,11138777.0
Cantaloupes and other melons,Frutas,1985,13619957.0
Cantaloupes and other melons,Frutas,1986,14017118.0
Cantaloupes and other melons,Frutas,1987,14025988.0
Cantaloupes and other melons,Frutas,1988,14530697.0
Cantaloupes and other melons,Frutas,1989,13161080.0
Cantaloupes and other melons,Frutas,1990,13659735.69
Cantaloupes and other melons,Frutas,1991,14099478.21
Cantaloupes and other melons,Frutas,1992,14820083.13
Cantaloupes and other melons,Frutas,1993,15557407.23
Cantaloupes and other melons,Frutas,1994,15951582.03
Cantaloupes and other melons,Frutas,1995,16246988.18
Cantaloupes and other melons,Frutas,1996,17344511.22
Cantaloupes and other melons,Frutas,1997,16278511.74
Cantaloupes and other melons,Frutas,1998,17402595.24
Cantaloupes and other melons,Frutas,1999,18773754.93
Cantaloupes and other melons,Frutas,2000,19845684.84
Cantaloupes and other melons,Frutas,2001,20113691.07
Cantaloupes and other melons,Frutas,2002,21856601.21
Cantaloupes and other melons,Frutas,2003,21730223.87
Cantaloupes and other melons,Frutas,2004,21799549.06
Cantaloupes and other melons,Frutas,2005,23333636.94
Cantaloupes and other melons,Frutas,2006,24158141.12
Cantaloupes and other melons,Frutas,2007,24786378.84
Cantaloupes and other melons,Frutas,2008,25359873.83
Cantaloupes and other melons,Frutas,2009,25948559.17
Cantaloupes and other melons,Frutas,2010,26093050.64
Cantaloupes and other melons,Frutas,2011,25994551.8
Cantaloupes and other melons,Frutas,2012,25903940.37
Cantaloupes and other melons,Frutas,2013,26725108.08
Cantaloupes and other melons,Frutas,2014,26332283.31
Cantaloupes and other melons,Frutas,2015,25887179.0
Cantaloupes and other melons,Frutas,2016,26920585.71
Cantaloupes and other melons,Frutas,2017,26935340.63
Cantaloupes and other melons,Frutas,2018,27347887.6
Cantaloupes and other melons,Frutas,2019,27279537.99
Cantaloupes and other melons,Frutas,2020,27580359.68
Cantaloupes and other melons,Frutas,2021,28463651.7
Cantaloupes and other melons,Frutas,2022,28631367.88
Cantaloupes and other melons,Frutas,2023,28303648.77
Cantaloupes and other melons,Frutas,2024,28249767.66
Carrots and turnips,Hortalizas,1961,5840505.0
Carrots and turnips,Hortalizas,1962,6088216.0
Carrots and turnips,Hortalizas,1963,6718698.0
Carrots and turnips,Hortalizas,1964,6753958.0
Carrots and turnips,Hortalizas,1965,6663699.0
Carrots and turnips,Hortalizas,1966,7136592.0
Carrots and turnips,Hortalizas,1967,7339997.0
Carrots and turnips,Hortalizas,1968,7510103.0
Carrots and turnips,Hortalizas,1969,7798836.0
Carrots and turnips,Hortalizas,1970,7852605.0
Carrots and turnips,Hortalizas,1971,7902738.0
Carrots and turnips,Hortalizas,1972,7956048.0
Carrots and turnips,Hortalizas,1973,8649294.0
Carrots and turnips,Hortalizas,1974,8755782.0
Carrots and turnips,Hortalizas,1975,8586795.0
Carrots and turnips,Hortalizas,1976,8614000.0
Carrots and turnips,Hortalizas,1977,9859074.0
Carrots and turnips,Hortalizas,1978,10232968.0
Carrots and turnips,Hortalizas,1979,9954755.0
Carrots and turnips,Hortalizas,1980,10441110.0
Carrots and turnips,Hortalizas,1981,10757004.0
Carrots and turnips,Hortalizas,1982,11238483.0
Carrots and turnips,Hortalizas,1983,10970263.0
Carrots and turnips,Hortalizas,1984,12476400.0
Carrots and turnips,Hortalizas,1985,12070227.0
Carrots and turnips,Hortalizas,1986,12599123.0
Carrots and turnips,Hortalizas,1987,13117983.0
Carrots and turnips,Hortalizas,1988,13274648.0
Carrots and turnips,Hortalizas,1989,13568330.0
Carrots and turnips,Hortalizas,1990,13665296.0
Carrots and turnips,Hortalizas,1991,14688253.62
Carrots and turnips,Hortalizas,1992,15291279.84
Carrots and turnips,Hortalizas,1993,16239722.05
Carrots and turnips,Hortalizas,1994,16743629.77
Carrots and turnips,Hortalizas,1995,17592721.36
Carrots and turnips,Hortalizas,1996,19087835.34
Carrots and turnips,Hortalizas,1997,20178694.21
Carrots and turnips,Hortalizas,1998,20213764.6
Carrots and turnips,Hortalizas,1999,21035111.74
Carrots and turnips,Hortalizas,2000,22174524.0
Carrots and turnips,Hortalizas,2001,22461923.55
Carrots and turnips,Hortalizas,2002,23332205.3
Carrots and turnips,Hortalizas,2003,25469013.15
Carrots and turnips,Hortalizas,2004,26496091.13
Carrots and turnips,Hortalizas,2005,27941108.45
Carrots and turnips,Hortalizas,2006,29363467.54
Carrots and turnips,Hortalizas,2007,30837702.58
Carrots and turnips,Hortalizas,2008,34214710.62
Carrots and turnips,Hortalizas,2009,34895183.46
Carrots and turnips,Hortalizas,2010,35321757.97
Carrots and turnips,Hortalizas,2011,37054600.43
Carrots and turnips,Hortalizas,2012,37981579.87
Carrots and turnips,Hortalizas,2013,38729506.53
Carrots and turnips,Hortalizas,2014,39245891.53
Carrots and turnips,Hortalizas,2015,40652948.01
Carrots and turnips,Hortalizas,2016,40592094.41
Carrots and turnips,Hortalizas,2017,41318797.93
Carrots and turnips,Hortalizas,2018,41165926.63
Carrots and turnips,Hortalizas,2019,43378242.89
Carrots and turnips,Hortalizas,2020,42902892.08
Carrots and turnips,Hortalizas,2021,44217150.48
Carrots and turnips,Hortalizas,2022,44730316.82
Carrots and turnips,Hortalizas,2023,44297247.25
Carrots and turnips,Hortalizas,2024,45149159.53
"Cashew nuts, in shell",Oleaginosas y frutos secos,1961,287535.0
"Cashew nuts, in shell",Oleaginosas y frutos secos,1962,324895.0
"Cashew nuts, in shell",Oleaginosas y frutos secos,1963,349088.0
"Cashew nuts, in shell",Oleaginosas y frutos secos,1964,383437.0
"Cashew nuts, in shell",Oleaginosas y frutos secos,1965,386303.0
"Cashew nuts, in shell",Oleaginosas y frutos secos,1966,381318.0
"Cashew nuts, in shell",Oleaginosas y frutos secos,1967,387776.0
"Cashew nuts, in shell",Oleaginosas y frutos secos,1968,483538.0
"Cashew nuts, in shell",Oleaginosas y frutos secos,1969,452676.0
"Cashew nuts, in shell",Oleaginosas y frutos secos,1970,511939.0
"Cashew nuts, in shell",Oleaginosas y frutos secos,1971,558846.0
"Cashew nuts, in shell",Oleaginosas y frutos secos,1972,558142.0
"Cashew nuts, in shell",Oleaginosas y frutos secos,1973,624348.0
"Cashew nuts, in shell",Oleaginosas y frutos secos,1974,585246.0
"Cashew nuts, in shell",Oleaginosas y frutos secos,1975,563785.0
"Cashew nuts, in shell",Oleaginosas y frutos secos,1976,507534.0
"Cashew nuts, in shell",Oleaginosas y frutos secos,1977,519619.0
"Cashew nuts, in shell",Oleaginosas y frutos secos,1978,488642.0
"Cashew nuts, in shell",Oleaginosas y frutos secos,1979,457681.0
"Cashew nuts, in shell",Oleaginosas y frutos secos,1980,463479.0
"Cashew nuts, in shell",Oleaginosas y frutos secos,1981,494130.0
"Cashew nuts, in shell",Oleaginosas y frutos secos,1982,488089.0
"Cashew nuts, in shell",Oleaginosas y frutos secos,1983,474889.0
"Cashew nuts, in shell",Oleaginosas y frutos secos,1984,501195.0
"Cashew nuts, in shell",Oleaginosas y frutos secos,1985,573948.0
"Cashew nuts, in shell",Oleaginosas y frutos secos,1986,617163.0
"Cashew nuts, in shell",Oleaginosas y frutos secos,1987,614205.0
"Cashew nuts, in shell",Oleaginosas y frutos secos,1988,682583.0
"Cashew nuts, in shell",Oleaginosas y frutos secos,1989,743835.0
"Cashew nuts, in shell",Oleaginosas y frutos secos,1990,826939.0
"Cashew nuts, in shell",Oleaginosas y frutos secos,1991,886588.76
"Cashew nuts, in shell",Oleaginosas y frutos secos,1992,873090.27
"Cashew nuts, in shell",Oleaginosas y frutos secos,1993,913123.49
"Cashew nuts, in shell",Oleaginosas y frutos secos,1994,1034481.37
"Cashew nuts, in shell",Oleaginosas y frutos secos,1995,1147731.41
"Cashew nuts, in shell",Oleaginosas y frutos secos,1996,1216765.92
"Cashew nuts, in shell",Oleaginosas y frutos secos,1997,1326766.13
"Cashew nuts, in shell",Oleaginosas y frutos secos,1998,1270728.72
"Cashew nuts, in shell",Oleaginosas y frutos secos,1999,1729951.94
"Cashew nuts, in shell",Oleaginosas y frutos secos,2000,1874151.96
"Cashew nuts, in shell",Oleaginosas y frutos secos,2001,1868886.76
"Cashew nuts, in shell",Oleaginosas y frutos secos,2002,1991699.35
"Cashew nuts, in shell",Oleaginosas y frutos secos,2003,2116693.96
"Cashew nuts, in shell",Oleaginosas y frutos secos,2004,2314293.13
"Cashew nuts, in shell",Oleaginosas y frutos secos,2005,2470024.75
"Cashew nuts, in shell",Oleaginosas y frutos secos,2006,2677821.85
"Cashew nuts, in shell",Oleaginosas y frutos secos,2007,2789057.31
"Cashew nuts, in shell",Oleaginosas y frutos secos,2008,3098306.33
"Cashew nuts, in shell",Oleaginosas y frutos secos,2009,3184601.79
"Cashew nuts, in shell",Oleaginosas y frutos secos,2010,3050698.24
"Cashew nuts, in shell",Oleaginosas y frutos secos,2011,3285217.42
"Cashew nuts, in shell",Oleaginosas y frutos secos,2012,3054657.91
"Cashew nuts, in shell",Oleaginosas y frutos secos,2013,3050584.38
"Cashew nuts, in shell",Oleaginosas y frutos secos,2014,2983336.29
"Cashew nuts, in shell",Oleaginosas y frutos secos,2015,3338627.43
"Cashew nuts, in shell",Oleaginosas y frutos secos,2016,3121718.7
"Cashew nuts, in shell",Oleaginosas y frutos secos,2017,3394859.66
"Cashew nuts, in shell",Oleaginosas y frutos secos,2018,3712918.81
"Cashew nuts, in shell",Oleaginosas y frutos secos,2019,3493123.22
"Cashew nuts, in shell",Oleaginosas y frutos secos,2020,3703120.41
"Cashew nuts, in shell",Oleaginosas y frutos secos,2021,3948894.69
"Cashew nuts, in shell",Oleaginosas y frutos secos,2022,4020956.52
"Cashew nuts, in shell",Oleaginosas y frutos secos,2023,4319280.71
"Cashew nuts, in shell",Oleaginosas y frutos secos,2024,4241103.77
Cashewapple,Frutas,1961,300550.0
Cashewapple,Frutas,1962,360961.0
Cashewapple,Frutas,1963,415388.0
Cashewapple,Frutas,1964,385816.0
Cashewapple,Frutas,1965,421244.0
Cashewapple,Frutas,1966,420770.0
Cashewapple,Frutas,1967,489448.0
Cashewapple,Frutas,1968,536004.0
Cashewapple,Frutas,1969,538717.0
Cashewapple,Frutas,1970,496762.0
Cashewapple,Frutas,1971,635464.0
Cashewapple,Frutas,1972,586774.0
Cashewapple,Frutas,1973,479320.0
Cashewapple,Frutas,1974,574982.0
Cashewapple,Frutas,1975,564129.0
Cashewapple,Frutas,1976,718789.0
Cashewapple,Frutas,1977,769273.0
Cashewapple,Frutas,1978,1020438.0
Cashewapple,Frutas,1979,686601.0
Cashewapple,Frutas,1980,770914.0
Cashewapple,Frutas,1981,846229.0
Cashewapple,Frutas,1982,1053663.0
Cashewapple,Frutas,1983,466134.0
Cashewapple,Frutas,1984,1243738.0
Cashewapple,Frutas,1985,1264175.0
Cashewapple,Frutas,1986,942276.0
Cashewapple,Frutas,1987,1165747.0
Cashewapple,Frutas,1988,1223000.0
Cashewapple,Frutas,1989,1377000.0
Cashewapple,Frutas,1990,1476106.0
Cashewapple,Frutas,1991,1640857.8
Cashewapple,Frutas,1992,1788000.0
Cashewapple,Frutas,1993,1850499.46
Cashewapple,Frutas,1994,1705000.0
Cashewapple,Frutas,1995,1759788.32
Cashewapple,Frutas,1996,1813931.63
Cashewapple,Frutas,1997,1868000.0
Cashewapple,Frutas,1998,1623751.8
Cashewapple,Frutas,1999,1675565.8
Cashewapple,Frutas,2000,1780210.58
Cashewapple,Frutas,2001,1730984.27
Cashewapple,Frutas,2002,1788138.38
Cashewapple,Frutas,2003,1789665.87
Cashewapple,Frutas,2004,1798095.82
Cashewapple,Frutas,2005,1841449.1
Cashewapple,Frutas,2006,1849605.0
Cashewapple,Frutas,2007,1938900.87
Cashewapple,Frutas,2008,1976894.48
Cashewapple,Frutas,2009,2009192.05
Cashewapple,Frutas,2010,1998640.34
Cashewapple,Frutas,2011,2023560.13
Cashewapple,Frutas,2012,1986185.8
Cashewapple,Frutas,2013,1963758.41
Cashewapple,Frutas,2014,1926473.0
Cashewapple,Frutas,2015,1766891.41
Cashewapple,Frutas,2016,1622440.17
Cashewapple,Frutas,2017,1415523.47
Cashewapple,Frutas,2018,1324284.84
Cashewapple,Frutas,2019,1292703.02
Cashewapple,Frutas,2020,1308151.91
Cashewapple,Frutas,2021,1320111.63
Cashewapple,Frutas,2022,1311238.18
Cashewapple,Frutas,2023,1360750.69
Cashewapple,Frutas,2024,1386191.33
"Cassava, fresh",Raices y tuberculos,1961,71252799.0
"Cassava, fresh",Raices y tuberculos,1962,74629640.0
"Cassava, fresh",Raices y tuberculos,1963,77968647.0
"Cassava, fresh",Raices y tuberculos,1964,82422323.0
"Cassava, fresh",Raices y tuberculos,1965,85575828.0
"Cassava, fresh",Raices y tuberculos,1966,84711774.0
"Cassava, fresh",Raices y tuberculos,1967,88623008.0
"Cassava, fresh",Raices y tuberculos,1968,93082724.0
"Cassava, fresh",Raices y tuberculos,1969,95317595.0
"Cassava, fresh",Raices y tuberculos,1970,98581763.0
"Cassava, fresh",Raices y tuberculos,1971,98748296.0
"Cassava, fresh",Raices y tuberculos,1972,101252971.0
"Cassava, fresh",Raices y tuberculos,1973,101725757.0
"Cassava, fresh",Raices y tuberculos,1974,104361034.0
"Cassava, fresh",Raices y tuberculos,1975,110388411.0
"Cassava, fresh",Raices y tuberculos,1976,113881812.0
"Cassava, fresh",Raices y tuberculos,1977,118594462.0
"Cassava, fresh",Raices y tuberculos,1978,123297244.0
"Cassava, fresh",Raices y tuberculos,1979,119733801.0
"Cassava, fresh",Raices y tuberculos,1980,124123033.0
"Cassava, fresh",Raices y tuberculos,1981,127501438.0
"Cassava, fresh",Raices y tuberculos,1982,128836728.0
"Cassava, fresh",Raices y tuberculos,1983,126873853.0
"Cassava, fresh",Raices y tuberculos,1984,133227292.0
"Cassava, fresh",Raices y tuberculos,1985,135840042.0
"Cassava, fresh",Raices y tuberculos,1986,134215040.0
"Cassava, fresh",Raices y tuberculos,1987,138121379.0
"Cassava, fresh",Raices y tuberculos,1988,144864745.0
"Cassava, fresh",Raices y tuberculos,1989,152872319.0
"Cassava, fresh",Raices y tuberculos,1990,152364836.0
"Cassava, fresh",Raices y tuberculos,1991,160404998.8
"Cassava, fresh",Raices y tuberculos,1992,162002815.37
"Cassava, fresh",Raices y tuberculos,1993,163185175.04
"Cassava, fresh",Raices y tuberculos,1994,164499381.5
"Cassava, fresh",Raices y tuberculos,1995,161785644.06
"Cassava, fresh",Raices y tuberculos,1996,158371466.15
"Cassava, fresh",Raices y tuberculos,1997,161744959.67
"Cassava, fresh",Raices y tuberculos,1998,162609668.67
"Cassava, fresh",Raices y tuberculos,1999,168843655.1
"Cassava, fresh",Raices y tuberculos,2000,175841999.31
"Cassava, fresh",Raices y tuberculos,2001,181683309.26
"Cassava, fresh",Raices y tuberculos,2002,182639239.48
"Cassava, fresh",Raices y tuberculos,2003,192209002.11
"Cassava, fresh",Raices y tuberculos,2004,203780130.27
"Cassava, fresh",Raices y tuberculos,2005,206526014.68
"Cassava, fresh",Raices y tuberculos,2006,223628090.3
"Cassava, fresh",Raices y tuberculos,2007,226928223.36
"Cassava, fresh",Raices y tuberculos,2008,230037095.95
"Cassava, fresh",Raices y tuberculos,2009,233762129.39
"Cassava, fresh",Raices y tuberculos,2010,252337407.71
"Cassava, fresh",Raices y tuberculos,2011,265921014.67
"Cassava, fresh",Raices y tuberculos,2012,275457451.32
"Cassava, fresh",Raices y tuberculos,2013,279112055.39
"Cassava, fresh",Raices y tuberculos,2014,289491813.56
"Cassava, fresh",Raices y tuberculos,2015,293412935.36
"Cassava, fresh",Raices y tuberculos,2016,297052952.32
"Cassava, fresh",Raices y tuberculos,2017,294567479.88
"Cassava, fresh",Raices y tuberculos,2018,308628353.98
"Cassava, fresh",Raices y tuberculos,2019,304679535.69
"Cassava, fresh",Raices y tuberculos,2020,309871554.95
"Cassava, fresh",Raices y tuberculos,2021,324670166.65
"Cassava, fresh",Raices y tuberculos,2022,333094245.91
"Cassava, fresh",Raices y tuberculos,2023,339520621.35
"Cassava, fresh",Raices y tuberculos,2024,341905934.31
Cauliflowers and broccoli,Hortalizas,1961,3497922.0
Cauliflowers and broccoli,Hortalizas,1962,3179359.0
Cauliflowers and broccoli,Hortalizas,1963,3471771.0
Cauliflowers and broccoli,Hortalizas,1964,3700812.0
Cauliflowers and broccoli,Hortalizas,1965,3702221.0
Cauliflowers and broccoli,Hortalizas,1966,3915984.0
Cauliflowers and broccoli,Hortalizas,1967,4143857.0
Cauliflowers and broccoli,Hortalizas,1968,4225537.0
Cauliflowers and broccoli,Hortalizas,1969,4424932.0
Cauliflowers and broccoli,Hortalizas,1970,4460882.0
Cauliflowers and broccoli,Hortalizas,1971,4486413.0
Cauliflowers and broccoli,Hortalizas,1972,4639957.0
Cauliflowers and broccoli,Hortalizas,1973,4648976.0
Cauliflowers and broccoli,Hortalizas,1974,4965248.0
Cauliflowers and broccoli,Hortalizas,1975,4934514.0
Cauliflowers and broccoli,Hortalizas,1976,5087500.0
Cauliflowers and broccoli,Hortalizas,1977,5354651.0
Cauliflowers and broccoli,Hortalizas,1978,5697993.0
Cauliflowers and broccoli,Hortalizas,1979,5830342.0
Cauliflowers and broccoli,Hortalizas,1980,6243638.0
Cauliflowers and broccoli,Hortalizas,1981,6628290.0
Cauliflowers and broccoli,Hortalizas,1982,6955875.0
Cauliflowers and broccoli,Hortalizas,1983,7126559.0
Cauliflowers and broccoli,Hortalizas,1984,7411559.0
Cauliflowers and broccoli,Hortalizas,1985,7919966.0
Cauliflowers and broccoli,Hortalizas,1986,8185485.0
Cauliflowers and broccoli,Hortalizas,1987,8663965.0
Cauliflowers and broccoli,Hortalizas,1988,9234277.0
Cauliflowers and broccoli,Hortalizas,1989,9483271.0
Cauliflowers and broccoli,Hortalizas,1990,9687862.0
Cauliflowers and broccoli,Hortalizas,1991,9565123.88
Cauliflowers and broccoli,Hortalizas,1992,11007302.39
Cauliflowers and broccoli,Hortalizas,1993,10680449.66
Cauliflowers and broccoli,Hortalizas,1994,12212684.41
Cauliflowers and broccoli,Hortalizas,1995,12676674.79
Cauliflowers and broccoli,Hortalizas,1996,13943823.71
Cauliflowers and broccoli,Hortalizas,1997,14569982.73
Cauliflowers and broccoli,Hortalizas,1998,14415836.68
Cauliflowers and broccoli,Hortalizas,1999,15013911.67
Cauliflowers and broccoli,Hortalizas,2000,15977231.54
Cauliflowers and broccoli,Hortalizas,2001,15994411.13
Cauliflowers and broccoli,Hortalizas,2002,16725667.57
Cauliflowers and broccoli,Hortalizas,2003,17398191.55
Cauliflowers and broccoli,Hortalizas,2004,17948194.49
Cauliflowers and broccoli,Hortalizas,2005,17542795.87
Cauliflowers and broccoli,Hortalizas,2006,18774767.25
Cauliflowers and broccoli,Hortalizas,2007,19345795.19
Cauliflowers and broccoli,Hortalizas,2008,19960707.57
Cauliflowers and broccoli,Hortalizas,2009,20881954.36
Cauliflowers and broccoli,Hortalizas,2010,21284250.65
Cauliflowers and broccoli,Hortalizas,2011,22011507.79
Cauliflowers and broccoli,Hortalizas,2012,22747959.91
Cauliflowers and broccoli,Hortalizas,2013,23479380.47
Cauliflowers and broccoli,Hortalizas,2014,24482919.82
Cauliflowers and broccoli,Hortalizas,2015,24344281.98
Cauliflowers and broccoli,Hortalizas,2016,24437153.54
Cauliflowers and broccoli,Hortalizas,2017,25361309.28
Cauliflowers and broccoli,Hortalizas,2018,25596533.13
Cauliflowers and broccoli,Hortalizas,2019,26092178.9
Cauliflowers and broccoli,Hortalizas,2020,25999707.16
Cauliflowers and broccoli,Hortalizas,2021,26309337.63
Cauliflowers and broccoli,Hortalizas,2022,26547287.15
Cauliflowers and broccoli,Hortalizas,2023,26568340.23
Cauliflowers and broccoli,Hortalizas,2024,26860065.69
Cherries,Frutas,1961,1298510.0
Cherries,Frutas,1962,1267184.0
Cherries,Frutas,1963,1288680.0
Cherries,Frutas,1964,1386827.0
Cherries,Frutas,1965,1112663.0
Cherries,Frutas,1966,1347135.0
Cherries,Frutas,1967,1252503.0
Cherries,Frutas,1968,1419775.0
Cherries,Frutas,1969,1295631.0
Cherries,Frutas,1970,1460011.0
Cherries,Frutas,1971,1405817.0
Cherries,Frutas,1972,1148143.0
Cherries,Frutas,1973,1346863.0
Cherries,Frutas,1974,1250961.0
Cherries,Frutas,1975,1359811.0
Cherries,Frutas,1976,1433047.0
Cherries,Frutas,1977,1141653.0
Cherries,Frutas,1978,1275730.0
Cherries,Frutas,1979,1503153.0
Cherries,Frutas,1980,1279075.0
Cherries,Frutas,1981,1208548.0
Cherries,Frutas,1982,1520456.0
Cherries,Frutas,1983,1586539.0
Cherries,Frutas,1984,1580931.0
Cherries,Frutas,1985,1529909.0
Cherries,Frutas,1986,1496473.0
Cherries,Frutas,1987,1530361.0
Cherries,Frutas,1988,1459639.0
Cherries,Frutas,1989,1526215.0
Cherries,Frutas,1990,1389496.3
Cherries,Frutas,1991,1256983.76
Cherries,Frutas,1992,1754281.13
Cherries,Frutas,1993,1703784.94
Cherries,Frutas,1994,1627026.73
Cherries,Frutas,1995,1626965.56
Cherries,Frutas,1996,1794715.68
Cherries,Frutas,1997,1635889.52
Cherries,Frutas,1998,1636487.3
Cherries,Frutas,1999,1822549.98
Cherries,Frutas,2000,1897047.38
Cherries,Frutas,2001,1814827.16
Cherries,Frutas,2002,2093768.02
Cherries,Frutas,2003,1715488.51
Cherries,Frutas,2004,1696571.43
Cherries,Frutas,2005,1843478.24
Cherries,Frutas,2006,1903069.48
Cherries,Frutas,2007,1990196.36
Cherries,Frutas,2008,1856278.63
Cherries,Frutas,2009,2157115.37
Cherries,Frutas,2010,1997615.38
Cherries,Frutas,2011,2155190.39
Cherries,Frutas,2012,2209051.93
Cherries,Frutas,2013,2295018.36
Cherries,Frutas,2014,2187771.42
Cherries,Frutas,2015,2288401.52
Cherries,Frutas,2016,2350551.56
Cherries,Frutas,2017,2453857.09
Cherries,Frutas,2018,2564374.95
Cherries,Frutas,2019,2637033.99
Cherries,Frutas,2020,2621113.03
Cherries,Frutas,2021,2750410.48
Cherries,Frutas,2022,2794173.34
Cherries,Frutas,2023,3009952.07
Cherries,Frutas,2024,3105401.25
"Chestnuts, in shell",Oleaginosas y frutos secos,1961,594398.0
"Chestnuts, in shell",Oleaginosas y frutos secos,1962,583624.0
"Chestnuts, in shell",Oleaginosas y frutos secos,1963,562082.0
"Chestnuts, in shell",Oleaginosas y frutos secos,1964,582810.0
"Chestnuts, in shell",Oleaginosas y frutos secos,1965,529078.0
"Chestnuts, in shell",Oleaginosas y frutos secos,1966,571831.0
"Chestnuts, in shell",Oleaginosas y frutos secos,1967,555017.0
"Chestnuts, in shell",Oleaginosas y frutos secos,1968,550579.0
"Chestnuts, in shell",Oleaginosas y frutos secos,1969,569158.0
"Chestnuts, in shell",Oleaginosas y frutos secos,1970,565272.0
"Chestnuts, in shell",Oleaginosas y frutos secos,1971,487598.0
"Chestnuts, in shell",Oleaginosas y frutos secos,1972,503913.0
"Chestnuts, in shell",Oleaginosas y frutos secos,1973,534189.0
"Chestnuts, in shell",Oleaginosas y frutos secos,1974,453514.0
"Chestnuts, in shell",Oleaginosas y frutos secos,1975,452088.0
"Chestnuts, in shell",Oleaginosas y frutos secos,1976,465750.0
"Chestnuts, in shell",Oleaginosas y frutos secos,1977,461230.0
"Chestnuts, in shell",Oleaginosas y frutos secos,1978,480431.0
"Chestnuts, in shell",Oleaginosas y frutos secos,1979,528433.0
"Chestnuts, in shell",Oleaginosas y frutos secos,1980,472013.0
"Chestnuts, in shell",Oleaginosas y frutos secos,1981,456294.0
"Chestnuts, in shell",Oleaginosas y frutos secos,1982,448313.0
"Chestnuts, in shell",Oleaginosas y frutos secos,1983,450139.0
"Chestnuts, in shell",Oleaginosas y frutos secos,1984,406777.0
"Chestnuts, in shell",Oleaginosas y frutos secos,1985,414011.0
"Chestnuts, in shell",Oleaginosas y frutos secos,1986,449818.0
"Chestnuts, in shell",Oleaginosas y frutos secos,1987,492590.0
"Chestnuts, in shell",Oleaginosas y frutos secos,1988,497696.0
"Chestnuts, in shell",Oleaginosas y frutos secos,1989,470598.0
"Chestnuts, in shell",Oleaginosas y frutos secos,1990,484076.0
"Chestnuts, in shell",Oleaginosas y frutos secos,1991,626453.75
"Chestnuts, in shell",Oleaginosas y frutos secos,1992,674589.48
"Chestnuts, in shell",Oleaginosas y frutos secos,1993,637330.58
"Chestnuts, in shell",Oleaginosas y frutos secos,1994,690976.69
"Chestnuts, in shell",Oleaginosas y frutos secos,1995,676227.23
"Chestnuts, in shell",Oleaginosas y frutos secos,1996,677291.12
"Chestnuts, in shell",Oleaginosas y frutos secos,1997,788775.43
"Chestnuts, in shell",Oleaginosas y frutos secos,1998,832927.96
"Chestnuts, in shell",Oleaginosas y frutos secos,1999,886166.26
"Chestnuts, in shell",Oleaginosas y frutos secos,2000,940588.11
"Chestnuts, in shell",Oleaginosas y frutos secos,2001,945990.97
"Chestnuts, in shell",Oleaginosas y frutos secos,2002,1040232.75
"Chestnuts, in shell",Oleaginosas y frutos secos,2003,1133906.96
"Chestnuts, in shell",Oleaginosas y frutos secos,2004,1267036.66
"Chestnuts, in shell",Oleaginosas y frutos secos,2005,1368355.6
"Chestnuts, in shell",Oleaginosas y frutos secos,2006,1496137.14
"Chestnuts, in shell",Oleaginosas y frutos secos,2007,1604774.39
"Chestnuts, in shell",Oleaginosas y frutos secos,2008,1796445.03
"Chestnuts, in shell",Oleaginosas y frutos secos,2009,1906931.78
"Chestnuts, in shell",Oleaginosas y frutos secos,2010,1999713.33
"Chestnuts, in shell",Oleaginosas y frutos secos,2011,2037261.84
"Chestnuts, in shell",Oleaginosas y frutos secos,2012,2056156.52
"Chestnuts, in shell",Oleaginosas y frutos secos,2013,2090054.02
"Chestnuts, in shell",Oleaginosas y frutos secos,2014,2038761.7
"Chestnuts, in shell",Oleaginosas y frutos secos,2015,2012719.03
"Chestnuts, in shell",Oleaginosas y frutos secos,2016,1975247.3
"Chestnuts, in shell",Oleaginosas y frutos secos,2017,1946992.46
"Chestnuts, in shell",Oleaginosas y frutos secos,2018,2079285.54
"Chestnuts, in shell",Oleaginosas y frutos secos,2019,2069622.47
"Chestnuts, in shell",Oleaginosas y frutos secos,2020,2120491.6
"Chestnuts, in shell",Oleaginosas y frutos secos,2021,2095637.92
"Chestnuts, in shell",Oleaginosas y frutos secos,2022,2088735.28
"Chestnuts, in shell",Oleaginosas y frutos secos,2023,2095810.63
"Chestnuts, in shell",Oleaginosas y frutos secos,2024,2098054.98
"Chick peas, dry",Legumbres,1961,7681851.0
"Chick peas, dry",Legumbres,1962,7258871.0
"Chick peas, dry",Legumbres,1963,6926985.0
"Chick peas, dry",Legumbres,1964,6018047.0
"Chick peas, dry",Legumbres,1965,7354357.0
"Chick peas, dry",Legumbres,1966,5682250.0
"Chick peas, dry",Legumbres,1967,5290391.0
"Chick peas, dry",Legumbres,1968,7525108.0
"Chick peas, dry",Legumbres,1969,5880415.0
"Chick peas, dry",Legumbres,1970,7096114.0
"Chick peas, dry",Legumbres,1971,6611310.0
"Chick peas, dry",Legumbres,1972,6716184.0
"Chick peas, dry",Legumbres,1973,6200052.0
"Chick peas, dry",Legumbres,1974,5972643.0
"Chick peas, dry",Legumbres,1975,5605989.0
"Chick peas, dry",Legumbres,1976,7428020.0
"Chick peas, dry",Legumbres,1977,7193607.0
"Chick peas, dry",Legumbres,1978,7151077.0
"Chick peas, dry",Legumbres,1979,7587409.0
"Chick peas, dry",Legumbres,1980,4854451.0
"Chick peas, dry",Legumbres,1981,5768235.0
"Chick peas, dry",Legumbres,1982,6164000.0
"Chick peas, dry",Legumbres,1983,7066256.0
"Chick peas, dry",Legumbres,1984,6606876.0
"Chick peas, dry",Legumbres,1985,6457971.0
"Chick peas, dry",Legumbres,1986,8086802.0
"Chick peas, dry",Legumbres,1987,6865382.0
"Chick peas, dry",Legumbres,1988,5768625.0
"Chick peas, dry",Legumbres,1989,7175739.0
"Chick peas, dry",Legumbres,1990,6786780.0
"Chick peas, dry",Legumbres,1991,8119280.13
"Chick peas, dry",Legumbres,1992,6647265.75
"Chick peas, dry",Legumbres,1993,6751374.45
"Chick peas, dry",Legumbres,1994,7148325.26
"Chick peas, dry",Legumbres,1995,9173281.73
"Chick peas, dry",Legumbres,1996,8111609.52
"Chick peas, dry",Legumbres,1997,8341432.12
"Chick peas, dry",Legumbres,1998,8871521.01
"Chick peas, dry",Legumbres,1999,9465522.03
"Chick peas, dry",Legumbres,2000,8036706.32
"Chick peas, dry",Legumbres,2001,7030615.55
"Chick peas, dry",Legumbres,2002,8287104.42
"Chick peas, dry",Legumbres,2003,7108461.11
"Chick peas, dry",Legumbres,2004,8394502.78
"Chick peas, dry",Legumbres,2005,8455058.65
"Chick peas, dry",Legumbres,2006,8508541.17
"Chick peas, dry",Legumbres,2007,9746059.25
"Chick peas, dry",Legumbres,2008,8621557.97
"Chick peas, dry",Legumbres,2009,10416680.19
"Chick peas, dry",Legumbres,2010,10836652.1
"Chick peas, dry",Legumbres,2011,11721521.73
"Chick peas, dry",Legumbres,2012,11638438.79
"Chick peas, dry",Legumbres,2013,13055226.16
"Chick peas, dry",Legumbres,2014,13229958.95
"Chick peas, dry",Legumbres,2015,11177650.41
"Chick peas, dry",Legumbres,2016,12350534.31
"Chick peas, dry",Legumbres,2017,14146497.12
"Chick peas, dry",Legumbres,2018,16158450.3
"Chick peas, dry",Legumbres,2019,14295361.65
"Chick peas, dry",Legumbres,2020,15618264.88
"Chick peas, dry",Legumbres,2021,15991786.28
"Chick peas, dry",Legumbres,2022,17819508.56
"Chick peas, dry",Legumbres,2023,16050290.51
"Chick peas, dry",Legumbres,2024,16880268.44
"Chillies and peppers, dry (Capsicum spp., Pimenta spp.), raw",Hortalizas,1961,991649.0
"Chillies and peppers, dry (Capsicum spp., Pimenta spp.), raw",Hortalizas,1962,1077009.0
"Chillies and peppers, dry (Capsicum spp., Pimenta spp.), raw",Hortalizas,1963,1162437.0
"Chillies and peppers, dry (Capsicum spp., Pimenta spp.), raw",Hortalizas,1964,1162494.0
"Chillies and peppers, dry (Capsicum spp., Pimenta spp.), raw",Hortalizas,1965,1057577.0
"Chillies and peppers, dry (Capsicum spp., Pimenta spp.), raw",Hortalizas,1966,1161597.0
"Chillies and peppers, dry (Capsicum spp., Pimenta spp.), raw",Hortalizas,1967,1253127.0
"Chillies and peppers, dry (Capsicum spp., Pimenta spp.), raw",Hortalizas,1968,1176919.0
"Chillies and peppers, dry (Capsicum spp., Pimenta spp.), raw",Hortalizas,1969,1195305.0
"Chillies and peppers, dry (Capsicum spp., Pimenta spp.), raw",Hortalizas,1970,1354158.0
"Chillies and peppers, dry (Capsicum spp., Pimenta spp.), raw",Hortalizas,1971,1334706.0
"Chillies and peppers, dry (Capsicum spp., Pimenta spp.), raw",Hortalizas,1972,1318076.0
"Chillies and peppers, dry (Capsicum spp., Pimenta spp.), raw",Hortalizas,1973,1412714.0
"Chillies and peppers, dry (Capsicum spp., Pimenta spp.), raw",Hortalizas,1974,1336033.0
"Chillies and peppers, dry (Capsicum spp., Pimenta spp.), raw",Hortalizas,1975,1459033.0
"Chillies and peppers, dry (Capsicum spp., Pimenta spp.), raw",Hortalizas,1976,1396049.0
"Chillies and peppers, dry (Capsicum spp., Pimenta spp.), raw",Hortalizas,1977,1597221.0
"Chillies and peppers, dry (Capsicum spp., Pimenta spp.), raw",Hortalizas,1978,1631650.0
"Chillies and peppers, dry (Capsicum spp., Pimenta spp.), raw",Hortalizas,1979,1594881.0
"Chillies and peppers, dry (Capsicum spp., Pimenta spp.), raw",Hortalizas,1980,1588321.0
"Chillies and peppers, dry (Capsicum spp., Pimenta spp.), raw",Hortalizas,1981,1563880.0
"Chillies and peppers, dry (Capsicum spp., Pimenta spp.), raw",Hortalizas,1982,1639982.0
"Chillies and peppers, dry (Capsicum spp., Pimenta spp.), raw",Hortalizas,1983,1645998.0
"Chillies and peppers, dry (Capsicum spp., Pimenta spp.), raw",Hortalizas,1984,1719405.0
"Chillies and peppers, dry (Capsicum spp., Pimenta spp.), raw",Hortalizas,1985,1975624.0
"Chillies and peppers, dry (Capsicum spp., Pimenta spp.), raw",Hortalizas,1986,1795257.0
"Chillies and peppers, dry (Capsicum spp., Pimenta spp.), raw",Hortalizas,1987,1736184.0
"Chillies and peppers, dry (Capsicum spp., Pimenta spp.), raw",Hortalizas,1988,1831629.0
"Chillies and peppers, dry (Capsicum spp., Pimenta spp.), raw",Hortalizas,1989,1998016.0
"Chillies and peppers, dry (Capsicum spp., Pimenta spp.), raw",Hortalizas,1990,1933158.48
"Chillies and peppers, dry (Capsicum spp., Pimenta spp.), raw",Hortalizas,1991,1765821.73
"Chillies and peppers, dry (Capsicum spp., Pimenta spp.), raw",Hortalizas,1992,1945034.98
"Chillies and peppers, dry (Capsicum spp., Pimenta spp.), raw",Hortalizas,1993,1915650.36
"Chillies and peppers, dry (Capsicum spp., Pimenta spp.), raw",Hortalizas,1994,1808689.26
"Chillies and peppers, dry (Capsicum spp., Pimenta spp.), raw",Hortalizas,1995,1885541.93
"Chillies and peppers, dry (Capsicum spp., Pimenta spp.), raw",Hortalizas,1996,2177191.91
"Chillies and peppers, dry (Capsicum spp., Pimenta spp.), raw",Hortalizas,1997,2044201.76
"Chillies and peppers, dry (Capsicum spp., Pimenta spp.), raw",Hortalizas,1998,2238917.71
"Chillies and peppers, dry (Capsicum spp., Pimenta spp.), raw",Hortalizas,1999,2355169.73
"Chillies and peppers, dry (Capsicum spp., Pimenta spp.), raw",Hortalizas,2000,2448964.41
"Chillies and peppers, dry (Capsicum spp., Pimenta spp.), raw",Hortalizas,2001,2456502.22
"Chillies and peppers, dry (Capsicum spp., Pimenta spp.), raw",Hortalizas,2002,2337208.96
"Chillies and peppers, dry (Capsicum spp., Pimenta spp.), raw",Hortalizas,2003,2702895.63
"Chillies and peppers, dry (Capsicum spp., Pimenta spp.), raw",Hortalizas,2004,2724566.46
"Chillies and peppers, dry (Capsicum spp., Pimenta spp.), raw",Hortalizas,2005,2698700.98
"Chillies and peppers, dry (Capsicum spp., Pimenta spp.), raw",Hortalizas,2006,2820049.61
"Chillies and peppers, dry (Capsicum spp., Pimenta spp.), raw",Hortalizas,2007,2938765.62
"Chillies and peppers, dry (Capsicum spp., Pimenta spp.), raw",Hortalizas,2008,3011536.25
"Chillies and peppers, dry (Capsicum spp., Pimenta spp.), raw",Hortalizas,2009,3011930.65
"Chillies and peppers, dry (Capsicum spp., Pimenta spp.), raw",Hortalizas,2010,3037735.92
"Chillies and peppers, dry (Capsicum spp., Pimenta spp.), raw",Hortalizas,2011,3136897.59
"Chillies and peppers, dry (Capsicum spp., Pimenta spp.), raw",Hortalizas,2012,3318264.07
"Chillies and peppers, dry (Capsicum spp., Pimenta spp.), raw",Hortalizas,2013,3518156.27
"Chillies and peppers, dry (Capsicum spp., Pimenta spp.), raw",Hortalizas,2014,3624161.62
"Chillies and peppers, dry (Capsicum spp., Pimenta spp.), raw",Hortalizas,2015,3935150.04
"Chillies and peppers, dry (Capsicum spp., Pimenta spp.), raw",Hortalizas,2016,3858931.09
"Chillies and peppers, dry (Capsicum spp., Pimenta spp.), raw",Hortalizas,2017,4429336.6
"Chillies and peppers, dry (Capsicum spp., Pimenta spp.), raw",Hortalizas,2018,4497981.36
"Chillies and peppers, dry (Capsicum spp., Pimenta spp.), raw",Hortalizas,2019,4098418.58
"Chillies and peppers, dry (Capsicum spp., Pimenta spp.), raw",Hortalizas,2020,4215148.11
"Chillies and peppers, dry (Capsicum spp., Pimenta spp.), raw",Hortalizas,2021,4724628.06
"Chillies and peppers, dry (Capsicum spp., Pimenta spp.), raw",Hortalizas,2022,4450595.68
"Chillies and peppers, dry (Capsicum spp., Pimenta spp.), raw",Hortalizas,2023,5301129.5
"Chillies and peppers, dry (Capsicum spp., Pimenta spp.), raw",Hortalizas,2024,5456841.55
"Chillies and peppers, green (Capsicum spp. and Pimenta spp.)",Hortalizas,1961,5907926.0
"Chillies and peppers, green (Capsicum spp. and Pimenta spp.)",Hortalizas,1962,5212370.0
"Chillies and peppers, green (Capsicum spp. and Pimenta spp.)",Hortalizas,1963,5334801.0
"Chillies and peppers, green (Capsicum spp. and Pimenta spp.)",Hortalizas,1964,5071488.0
"Chillies and peppers, green (Capsicum spp. and Pimenta spp.)",Hortalizas,1965,5211668.0
"Chillies and peppers, green (Capsicum spp. and Pimenta spp.)",Hortalizas,1966,5635564.0
"Chillies and peppers, green (Capsicum spp. and Pimenta spp.)",Hortalizas,1967,5850733.0
"Chillies and peppers, green (Capsicum spp. and Pimenta spp.)",Hortalizas,1968,6009570.0
"Chillies and peppers, green (Capsicum spp. and Pimenta spp.)",Hortalizas,1969,6072170.0
"Chillies and peppers, green (Capsicum spp. and Pimenta spp.)",Hortalizas,1970,5472448.0
"Chillies and peppers, green (Capsicum spp. and Pimenta spp.)",Hortalizas,1971,5955227.0
"Chillies and peppers, green (Capsicum spp. and Pimenta spp.)",Hortalizas,1972,6188506.0
"Chillies and peppers, green (Capsicum spp. and Pimenta spp.)",Hortalizas,1973,6679200.0
"Chillies and peppers, green (Capsicum spp. and Pimenta spp.)",Hortalizas,1974,6732942.0
"Chillies and peppers, green (Capsicum spp. and Pimenta spp.)",Hortalizas,1975,6631299.0
"Chillies and peppers, green (Capsicum spp. and Pimenta spp.)",Hortalizas,1976,6762045.0
"Chillies and peppers, green (Capsicum spp. and Pimenta spp.)",Hortalizas,1977,7385229.0
"Chillies and peppers, green (Capsicum spp. and Pimenta spp.)",Hortalizas,1978,7455134.0
"Chillies and peppers, green (Capsicum spp. and Pimenta spp.)",Hortalizas,1979,7833666.0
"Chillies and peppers, green (Capsicum spp. and Pimenta spp.)",Hortalizas,1980,7666380.0
"Chillies and peppers, green (Capsicum spp. and Pimenta spp.)",Hortalizas,1981,8019916.0
"Chillies and peppers, green (Capsicum spp. and Pimenta spp.)",Hortalizas,1982,8227332.0
"Chillies and peppers, green (Capsicum spp. and Pimenta spp.)",Hortalizas,1983,8546421.0
"Chillies and peppers, green (Capsicum spp. and Pimenta spp.)",Hortalizas,1984,8899787.0
"Chillies and peppers, green (Capsicum spp. and Pimenta spp.)",Hortalizas,1985,9639460.0
"Chillies and peppers, green (Capsicum spp. and Pimenta spp.)",Hortalizas,1986,9855626.0
"Chillies and peppers, green (Capsicum spp. and Pimenta spp.)",Hortalizas,1987,10168094.0
"Chillies and peppers, green (Capsicum spp. and Pimenta spp.)",Hortalizas,1988,10283712.0
"Chillies and peppers, green (Capsicum spp. and Pimenta spp.)",Hortalizas,1989,10560365.0
"Chillies and peppers, green (Capsicum spp. and Pimenta spp.)",Hortalizas,1990,10862787.04
"Chillies and peppers, green (Capsicum spp. and Pimenta spp.)",Hortalizas,1991,10943848.36
"Chillies and peppers, green (Capsicum spp. and Pimenta spp.)",Hortalizas,1992,11339619.61
"Chillies and peppers, green (Capsicum spp. and Pimenta spp.)",Hortalizas,1993,12287705.11
"Chillies and peppers, green (Capsicum spp. and Pimenta spp.)",Hortalizas,1994,13079822.34
"Chillies and peppers, green (Capsicum spp. and Pimenta spp.)",Hortalizas,1995,14202386.66
"Chillies and peppers, green (Capsicum spp. and Pimenta spp.)",Hortalizas,1996,16591014.99
"Chillies and peppers, green (Capsicum spp. and Pimenta spp.)",Hortalizas,1997,17529098.42
"Chillies and peppers, green (Capsicum spp. and Pimenta spp.)",Hortalizas,1998,18770891.09
"Chillies and peppers, green (Capsicum spp. and Pimenta spp.)",Hortalizas,1999,19767782.97
"Chillies and peppers, green (Capsicum spp. and Pimenta spp.)",Hortalizas,2000,21243496.45
"Chillies and peppers, green (Capsicum spp. and Pimenta spp.)",Hortalizas,2001,21835011.96
"Chillies and peppers, green (Capsicum spp. and Pimenta spp.)",Hortalizas,2002,22997825.22
"Chillies and peppers, green (Capsicum spp. and Pimenta spp.)",Hortalizas,2003,24843344.19
"Chillies and peppers, green (Capsicum spp. and Pimenta spp.)",Hortalizas,2004,24858911.24
"Chillies and peppers, green (Capsicum spp. and Pimenta spp.)",Hortalizas,2005,25612102.13
"Chillies and peppers, green (Capsicum spp. and Pimenta spp.)",Hortalizas,2006,26983118.92
"Chillies and peppers, green (Capsicum spp. and Pimenta spp.)",Hortalizas,2007,27722100.9
"Chillies and peppers, green (Capsicum spp. and Pimenta spp.)",Hortalizas,2008,28464134.15
"Chillies and peppers, green (Capsicum spp. and Pimenta spp.)",Hortalizas,2009,29177680.81
"Chillies and peppers, green (Capsicum spp. and Pimenta spp.)",Hortalizas,2010,30183049.27
"Chillies and peppers, green (Capsicum spp. and Pimenta spp.)",Hortalizas,2011,30949670.24
"Chillies and peppers, green (Capsicum spp. and Pimenta spp.)",Hortalizas,2012,31989542.33
"Chillies and peppers, green (Capsicum spp. and Pimenta spp.)",Hortalizas,2013,32800971.74
"Chillies and peppers, green (Capsicum spp. and Pimenta spp.)",Hortalizas,2014,34361908.22
"Chillies and peppers, green (Capsicum spp. and Pimenta spp.)",Hortalizas,2015,36111024.5
"Chillies and peppers, green (Capsicum spp. and Pimenta spp.)",Hortalizas,2016,37420355.52
"Chillies and peppers, green (Capsicum spp. and Pimenta spp.)",Hortalizas,2017,39819253.67
"Chillies and peppers, green (Capsicum spp. and Pimenta spp.)",Hortalizas,2018,40587482.99
"Chillies and peppers, green (Capsicum spp. and Pimenta spp.)",Hortalizas,2019,41071231.06
"Chillies and peppers, green (Capsicum spp. and Pimenta spp.)",Hortalizas,2020,41943000.38
"Chillies and peppers, green (Capsicum spp. and Pimenta spp.)",Hortalizas,2021,42400770.1
"Chillies and peppers, green (Capsicum spp. and Pimenta spp.)",Hortalizas,2022,43998814.71
"Chillies and peppers, green (Capsicum spp. and Pimenta spp.)",Hortalizas,2023,44435432.35
"Chillies and peppers, green (Capsicum spp. and Pimenta spp.)",Hortalizas,2024,44772071.76
"Cinnamon and cinnamon-tree flowers, raw",Estimulantes y especias,1961,19912.0
"Cinnamon and cinnamon-tree flowers, raw",Estimulantes y especias,1962,22025.0
"Cinnamon and cinnamon-tree flowers, raw",Estimulantes y especias,1963,20385.0
"Cinnamon and cinnamon-tree flowers, raw",Estimulantes y especias,1964,19889.0
"Cinnamon and cinnamon-tree flowers, raw",Estimulantes y especias,1965,19692.0
"Cinnamon and cinnamon-tree flowers, raw",Estimulantes y especias,1966,15455.0
"Cinnamon and cinnamon-tree flowers, raw",Estimulantes y especias,1967,22290.0
"Cinnamon and cinnamon-tree flowers, raw",Estimulantes y especias,1968,20896.0
"Cinnamon and cinnamon-tree flowers, raw",Estimulantes y especias,1969,24370.0
"Cinnamon and cinnamon-tree flowers, raw",Estimulantes y especias,1970,19316.0
"Cinnamon and cinnamon-tree flowers, raw",Estimulantes y especias,1971,24007.0
"Cinnamon and cinnamon-tree flowers, raw",Estimulantes y especias,1972,22616.0
"Cinnamon and cinnamon-tree flowers, raw",Estimulantes y especias,1973,25503.0
"Cinnamon and cinnamon-tree flowers, raw",Estimulantes y especias,1974,25319.0
"Cinnamon and cinnamon-tree flowers, raw",Estimulantes y especias,1975,24184.0
"Cinnamon and cinnamon-tree flowers, raw",Estimulantes y especias,1976,24905.0
"Cinnamon and cinnamon-tree flowers, raw",Estimulantes y especias,1977,26122.0
"Cinnamon and cinnamon-tree flowers, raw",Estimulantes y especias,1978,31391.0
"Cinnamon and cinnamon-tree flowers, raw",Estimulantes y especias,1979,30297.0
"Cinnamon and cinnamon-tree flowers, raw",Estimulantes y especias,1980,32292.0
"Cinnamon and cinnamon-tree flowers, raw",Estimulantes y especias,1981,36320.0
"Cinnamon and cinnamon-tree flowers, raw",Estimulantes y especias,1982,38621.0
"Cinnamon and cinnamon-tree flowers, raw",Estimulantes y especias,1983,45112.0
"Cinnamon and cinnamon-tree flowers, raw",Estimulantes y especias,1984,50036.0
"Cinnamon and cinnamon-tree flowers, raw",Estimulantes y especias,1985,53308.0
"Cinnamon and cinnamon-tree flowers, raw",Estimulantes y especias,1986,54311.0
"Cinnamon and cinnamon-tree flowers, raw",Estimulantes y especias,1987,60507.0
"Cinnamon and cinnamon-tree flowers, raw",Estimulantes y especias,1988,63312.0
"Cinnamon and cinnamon-tree flowers, raw",Estimulantes y especias,1989,62098.0
"Cinnamon and cinnamon-tree flowers, raw",Estimulantes y especias,1990,61195.25
"Cinnamon and cinnamon-tree flowers, raw",Estimulantes y especias,1991,64588.14
"Cinnamon and cinnamon-tree flowers, raw",Estimulantes y especias,1992,67884.76
"Cinnamon and cinnamon-tree flowers, raw",Estimulantes y especias,1993,73639.49
"Cinnamon and cinnamon-tree flowers, raw",Estimulantes y especias,1994,73965.41
"Cinnamon and cinnamon-tree flowers, raw",Estimulantes y especias,1995,81300.31
"Cinnamon and cinnamon-tree flowers, raw",Estimulantes y especias,1996,85819.96
"Cinnamon and cinnamon-tree flowers, raw",Estimulantes y especias,1997,85445.67
"Cinnamon and cinnamon-tree flowers, raw",Estimulantes y especias,1998,90681.54
"Cinnamon and cinnamon-tree flowers, raw",Estimulantes y especias,1999,92199.16
"Cinnamon and cinnamon-tree flowers, raw",Estimulantes y especias,2000,101465.67
"Cinnamon and cinnamon-tree flowers, raw",Estimulantes y especias,2001,100199.02
"Cinnamon and cinnamon-tree flowers, raw",Estimulantes y especias,2002,110864.13
"Cinnamon and cinnamon-tree flowers, raw",Estimulantes y especias,2003,132821.55
"Cinnamon and cinnamon-tree flowers, raw",Estimulantes y especias,2004,172188.21
"Cinnamon and cinnamon-tree flowers, raw",Estimulantes y especias,2005,175585.87
"Cinnamon and cinnamon-tree flowers, raw",Estimulantes y especias,2006,184067.36
"Cinnamon and cinnamon-tree flowers, raw",Estimulantes y especias,2007,190202.81
"Cinnamon and cinnamon-tree flowers, raw",Estimulantes y especias,2008,192025.71
"Cinnamon and cinnamon-tree flowers, raw",Estimulantes y especias,2009,200989.93
"Cinnamon and cinnamon-tree flowers, raw",Estimulantes y especias,2010,190853.62
"Cinnamon and cinnamon-tree flowers, raw",Estimulantes y especias,2011,198819.35
"Cinnamon and cinnamon-tree flowers, raw",Estimulantes y especias,2012,204014.27
"Cinnamon and cinnamon-tree flowers, raw",Estimulantes y especias,2013,208747.02
"Cinnamon and cinnamon-tree flowers, raw",Estimulantes y especias,2014,212946.5
"Cinnamon and cinnamon-tree flowers, raw",Estimulantes y especias,2015,213334.06
"Cinnamon and cinnamon-tree flowers, raw",Estimulantes y especias,2016,210314.81
"Cinnamon and cinnamon-tree flowers, raw",Estimulantes y especias,2017,211496.32
"Cinnamon and cinnamon-tree flowers, raw",Estimulantes y especias,2018,222127.0
"Cinnamon and cinnamon-tree flowers, raw",Estimulantes y especias,2019,223127.67
"Cinnamon and cinnamon-tree flowers, raw",Estimulantes y especias,2020,211321.38
"Cinnamon and cinnamon-tree flowers, raw",Estimulantes y especias,2021,242122.09
"Cinnamon and cinnamon-tree flowers, raw",Estimulantes y especias,2022,236960.43
"Cinnamon and cinnamon-tree flowers, raw",Estimulantes y especias,2023,240516.33
"Cinnamon and cinnamon-tree flowers, raw",Estimulantes y especias,2024,244815.39
"Cloves (whole stems), raw",Estimulantes y especias,1961,27770.0
"Cloves (whole stems), raw",Estimulantes y especias,1962,19090.0
"Cloves (whole stems), raw",Estimulantes y especias,1963,26470.0
"Cloves (whole stems), raw",Estimulantes y especias,1964,29380.0
"Cloves (whole stems), raw",Estimulantes y especias,1965,26515.0
"Cloves (whole stems), raw",Estimulantes y especias,1966,35660.0
"Cloves (whole stems), raw",Estimulantes y especias,1967,39761.0
"Cloves (whole stems), raw",Estimulantes y especias,1968,33996.0
"Cloves (whole stems), raw",Estimulantes y especias,1969,23876.0
"Cloves (whole stems), raw",Estimulantes y especias,1970,34373.0
"Cloves (whole stems), raw",Estimulantes y especias,1971,29371.0
"Cloves (whole stems), raw",Estimulantes y especias,1972,34475.0
"Cloves (whole stems), raw",Estimulantes y especias,1973,45771.0
"Cloves (whole stems), raw",Estimulantes y especias,1974,44113.0
"Cloves (whole stems), raw",Estimulantes y especias,1975,38201.0
"Cloves (whole stems), raw",Estimulantes y especias,1976,44555.0
"Cloves (whole stems), raw",Estimulantes y especias,1977,64601.0
"Cloves (whole stems), raw",Estimulantes y especias,1978,39558.0
"Cloves (whole stems), raw",Estimulantes y especias,1979,36506.0
"Cloves (whole stems), raw",Estimulantes y especias,1980,55697.0
"Cloves (whole stems), raw",Estimulantes y especias,1981,48416.0
"Cloves (whole stems), raw",Estimulantes y especias,1982,47775.0
"Cloves (whole stems), raw",Estimulantes y especias,1983,56121.0
"Cloves (whole stems), raw",Estimulantes y especias,1984,80548.0
"Cloves (whole stems), raw",Estimulantes y especias,1985,59605.0
"Cloves (whole stems), raw",Estimulantes y especias,1986,71968.0
"Cloves (whole stems), raw",Estimulantes y especias,1987,82101.0
"Cloves (whole stems), raw",Estimulantes y especias,1988,107146.0
"Cloves (whole stems), raw",Estimulantes y especias,1989,70713.0
"Cloves (whole stems), raw",Estimulantes y especias,1990,82156.91
"Cloves (whole stems), raw",Estimulantes y especias,1991,113606.89
"Cloves (whole stems), raw",Estimulantes y especias,1992,89742.88
"Cloves (whole stems), raw",Estimulantes y especias,1993,89594.28
"Cloves (whole stems), raw",Estimulantes y especias,1994,102221.3
"Cloves (whole stems), raw",Estimulantes y especias,1995,108402.0
"Cloves (whole stems), raw",Estimulantes y especias,1996,87681.07
"Cloves (whole stems), raw",Estimulantes y especias,1997,81717.94
"Cloves (whole stems), raw",Estimulantes y especias,1998,92950.18
"Cloves (whole stems), raw",Estimulantes y especias,1999,80436.85
"Cloves (whole stems), raw",Estimulantes y especias,2000,86033.5
"Cloves (whole stems), raw",Estimulantes y especias,2001,99898.6
"Cloves (whole stems), raw",Estimulantes y especias,2002,107385.9
"Cloves (whole stems), raw",Estimulantes y especias,2003,153071.64
"Cloves (whole stems), raw",Estimulantes y especias,2004,110207.14
"Cloves (whole stems), raw",Estimulantes y especias,2005,105056.89
"Cloves (whole stems), raw",Estimulantes y especias,2006,88810.78
"Cloves (whole stems), raw",Estimulantes y especias,2007,109295.3
"Cloves (whole stems), raw",Estimulantes y especias,2008,99627.98
"Cloves (whole stems), raw",Estimulantes y especias,2009,111487.89
"Cloves (whole stems), raw",Estimulantes y especias,2010,128002.79
"Cloves (whole stems), raw",Estimulantes y especias,2011,104356.43
"Cloves (whole stems), raw",Estimulantes y especias,2012,132572.37
"Cloves (whole stems), raw",Estimulantes y especias,2013,145499.71
"Cloves (whole stems), raw",Estimulantes y especias,2014,165618.29
"Cloves (whole stems), raw",Estimulantes y especias,2015,184250.11
"Cloves (whole stems), raw",Estimulantes y especias,2016,189585.94
"Cloves (whole stems), raw",Estimulantes y especias,2017,163927.93
"Cloves (whole stems), raw",Estimulantes y especias,2018,179965.16
"Cloves (whole stems), raw",Estimulantes y especias,2019,187439.08
"Cloves (whole stems), raw",Estimulantes y especias,2020,195820.64
"Cloves (whole stems), raw",Estimulantes y especias,2021,184963.88
"Cloves (whole stems), raw",Estimulantes y especias,2022,186581.58
"Cloves (whole stems), raw",Estimulantes y especias,2023,184040.05
"Cloves (whole stems), raw",Estimulantes y especias,2024,198941.01
Cocoa beans,Oleaginosas y frutos secos,1961,1186344.0
Cocoa beans,Oleaginosas y frutos secos,1962,1213517.0
Cocoa beans,Oleaginosas y frutos secos,1963,1280491.0
Cocoa beans,Oleaginosas y frutos secos,1964,1544590.0
Cocoa beans,Oleaginosas y frutos secos,1965,1229159.0
Cocoa beans,Oleaginosas y frutos secos,1966,1344376.0
Cocoa beans,Oleaginosas y frutos secos,1967,1390511.0
Cocoa beans,Oleaginosas y frutos secos,1968,1246581.0
Cocoa beans,Oleaginosas y frutos secos,1969,1418863.0
Cocoa beans,Oleaginosas y frutos secos,1970,1543399.0
Cocoa beans,Oleaginosas y frutos secos,1971,1638853.0
Cocoa beans,Oleaginosas y frutos secos,1972,1510723.0
Cocoa beans,Oleaginosas y frutos secos,1973,1402063.0
Cocoa beans,Oleaginosas y frutos secos,1974,1556439.0
Cocoa beans,Oleaginosas y frutos secos,1975,1561625.0
Cocoa beans,Oleaginosas y frutos secos,1976,1366511.0
Cocoa beans,Oleaginosas y frutos secos,1977,1452505.0
Cocoa beans,Oleaginosas y frutos secos,1978,1495374.0
Cocoa beans,Oleaginosas y frutos secos,1979,1659869.0
Cocoa beans,Oleaginosas y frutos secos,1980,1670637.0
Cocoa beans,Oleaginosas y frutos secos,1981,1735254.0
Cocoa beans,Oleaginosas y frutos secos,1982,1615319.0
Cocoa beans,Oleaginosas y frutos secos,1983,1604641.0
Cocoa beans,Oleaginosas y frutos secos,1984,1810579.0
Cocoa beans,Oleaginosas y frutos secos,1985,2013982.0
Cocoa beans,Oleaginosas y frutos secos,1986,2118377.0
Cocoa beans,Oleaginosas y frutos secos,1987,2055901.0
Cocoa beans,Oleaginosas y frutos secos,1988,2563305.0
Cocoa beans,Oleaginosas y frutos secos,1989,2640977.0
Cocoa beans,Oleaginosas y frutos secos,1990,2532122.0
Cocoa beans,Oleaginosas y frutos secos,1991,2521945.83
Cocoa beans,Oleaginosas y frutos secos,1992,2677030.92
Cocoa beans,Oleaginosas y frutos secos,1993,2672283.72
Cocoa beans,Oleaginosas y frutos secos,1994,2671268.65
Cocoa beans,Oleaginosas y frutos secos,1995,2985764.79
Cocoa beans,Oleaginosas y frutos secos,1996,3237670.67
Cocoa beans,Oleaginosas y frutos secos,1997,3017083.12
Cocoa beans,Oleaginosas y frutos secos,1998,3302840.27
Cocoa beans,Oleaginosas y frutos secos,1999,2975444.16
Cocoa beans,Oleaginosas y frutos secos,2000,3338446.71
Cocoa beans,Oleaginosas y frutos secos,2001,3222354.04
Cocoa beans,Oleaginosas y frutos secos,2002,3298178.12
Cocoa beans,Oleaginosas y frutos secos,2003,3705144.75
Cocoa beans,Oleaginosas y frutos secos,2004,4069753.28
Cocoa beans,Oleaginosas y frutos secos,2005,4043867.67
Cocoa beans,Oleaginosas y frutos secos,2006,4299922.41
Cocoa beans,Oleaginosas y frutos secos,2007,3898909.87
Cocoa beans,Oleaginosas y frutos secos,2008,4265983.94
Cocoa beans,Oleaginosas y frutos secos,2009,4211454.86
Cocoa beans,Oleaginosas y frutos secos,2010,4328769.53
Cocoa beans,Oleaginosas y frutos secos,2011,4553617.54
Cocoa beans,Oleaginosas y frutos secos,2012,4613754.52
Cocoa beans,Oleaginosas y frutos secos,2013,4486395.35
Cocoa beans,Oleaginosas y frutos secos,2014,4742114.16
Cocoa beans,Oleaginosas y frutos secos,2015,4817236.1
Cocoa beans,Oleaginosas y frutos secos,2016,4777618.84
Cocoa beans,Oleaginosas y frutos secos,2017,5235269.43
Cocoa beans,Oleaginosas y frutos secos,2018,5505866.86
Cocoa beans,Oleaginosas y frutos secos,2019,5520075.04
Cocoa beans,Oleaginosas y frutos secos,2020,5683749.12
Cocoa beans,Oleaginosas y frutos secos,2021,5771232.95
Cocoa beans,Oleaginosas y frutos secos,2022,5622905.92
Cocoa beans,Oleaginosas y frutos secos,2023,5123485.83
Cocoa beans,Oleaginosas y frutos secos,2024,5233245.33
"Coconuts, in shell",Oleaginosas y frutos secos,1961,23728295.0
"Coconuts, in shell",Oleaginosas y frutos secos,1962,25566163.0
"Coconuts, in shell",Oleaginosas y frutos secos,1963,26055840.0
"Coconuts, in shell",Oleaginosas y frutos secos,1964,25937591.0
"Coconuts, in shell",Oleaginosas y frutos secos,1965,25391883.0
"Coconuts, in shell",Oleaginosas y frutos secos,1966,26126333.0
"Coconuts, in shell",Oleaginosas y frutos secos,1967,25665958.0
"Coconuts, in shell",Oleaginosas y frutos secos,1968,25997749.0
"Coconuts, in shell",Oleaginosas y frutos secos,1969,25227205.0
"Coconuts, in shell",Oleaginosas y frutos secos,1970,26151865.0
"Coconuts, in shell",Oleaginosas y frutos secos,1971,28490580.0
"Coconuts, in shell",Oleaginosas y frutos secos,1972,29910187.0
"Coconuts, in shell",Oleaginosas y frutos secos,1973,27853472.0
"Coconuts, in shell",Oleaginosas y frutos secos,1974,26521040.0
"Coconuts, in shell",Oleaginosas y frutos secos,1975,30599032.0
"Coconuts, in shell",Oleaginosas y frutos secos,1976,33461451.0
"Coconuts, in shell",Oleaginosas y frutos secos,1977,31913682.0
"Coconuts, in shell",Oleaginosas y frutos secos,1978,32533967.0
"Coconuts, in shell",Oleaginosas y frutos secos,1979,31061641.0
"Coconuts, in shell",Oleaginosas y frutos secos,1980,32014534.0
"Coconuts, in shell",Oleaginosas y frutos secos,1981,33862245.0
"Coconuts, in shell",Oleaginosas y frutos secos,1982,33314578.0
"Coconuts, in shell",Oleaginosas y frutos secos,1983,32358048.0
"Coconuts, in shell",Oleaginosas y frutos secos,1984,31266223.0
"Coconuts, in shell",Oleaginosas y frutos secos,1985,35720893.0
"Coconuts, in shell",Oleaginosas y frutos secos,1986,38753890.0
"Coconuts, in shell",Oleaginosas y frutos secos,1987,38511439.0
"Coconuts, in shell",Oleaginosas y frutos secos,1988,37104790.0
"Coconuts, in shell",Oleaginosas y frutos secos,1989,38130451.0
"Coconuts, in shell",Oleaginosas y frutos secos,1990,43279843.0
"Coconuts, in shell",Oleaginosas y frutos secos,1991,44306072.76
"Coconuts, in shell",Oleaginosas y frutos secos,1992,45960146.25
"Coconuts, in shell",Oleaginosas y frutos secos,1993,47385049.01
"Coconuts, in shell",Oleaginosas y frutos secos,1994,48867280.83
"Coconuts, in shell",Oleaginosas y frutos secos,1995,50650048.85
"Coconuts, in shell",Oleaginosas y frutos secos,1996,49776349.65
"Coconuts, in shell",Oleaginosas y frutos secos,1997,50462992.74
"Coconuts, in shell",Oleaginosas y frutos secos,1998,49324765.23
"Coconuts, in shell",Oleaginosas y frutos secos,1999,49598279.13
"Coconuts, in shell",Oleaginosas y frutos secos,2000,51662827.02
"Coconuts, in shell",Oleaginosas y frutos secos,2001,52438833.82
"Coconuts, in shell",Oleaginosas y frutos secos,2002,54014127.1
"Coconuts, in shell",Oleaginosas y frutos secos,2003,54776515.19
"Coconuts, in shell",Oleaginosas y frutos secos,2004,55570723.63
"Coconuts, in shell",Oleaginosas y frutos secos,2005,58353299.71
"Coconuts, in shell",Oleaginosas y frutos secos,2006,58835857.68
"Coconuts, in shell",Oleaginosas y frutos secos,2007,62895973.8
"Coconuts, in shell",Oleaginosas y frutos secos,2008,61137135.38
"Coconuts, in shell",Oleaginosas y frutos secos,2009,62113059.12
"Coconuts, in shell",Oleaginosas y frutos secos,2010,61088269.17
"Coconuts, in shell",Oleaginosas y frutos secos,2011,59828359.27
"Coconuts, in shell",Oleaginosas y frutos secos,2012,62546085.78
"Coconuts, in shell",Oleaginosas y frutos secos,2013,62333300.83
"Coconuts, in shell",Oleaginosas y frutos secos,2014,62006610.49
"Coconuts, in shell",Oleaginosas y frutos secos,2015,60763954.6
"Coconuts, in shell",Oleaginosas y frutos secos,2016,60089691.31
"Coconuts, in shell",Oleaginosas y frutos secos,2017,58985214.63
"Coconuts, in shell",Oleaginosas y frutos secos,2018,65458855.67
"Coconuts, in shell",Oleaginosas y frutos secos,2019,63864812.75
"Coconuts, in shell",Oleaginosas y frutos secos,2020,61680060.68
"Coconuts, in shell",Oleaginosas y frutos secos,2021,64152854.14
"Coconuts, in shell",Oleaginosas y frutos secos,2022,63715316.36
"Coconuts, in shell",Oleaginosas y frutos secos,2023,64974429.8
"Coconuts, in shell",Oleaginosas y frutos secos,2024,65543721.0
"Coffee, green",Estimulantes y especias,1961,4527876.0
"Coffee, green",Estimulantes y especias,1962,4584371.0
"Coffee, green",Estimulantes y especias,1963,4152127.0
"Coffee, green",Estimulantes y especias,1964,3769389.0
"Coffee, green",Estimulantes y especias,1965,4981569.0
"Coffee, green",Estimulantes y especias,1966,4052231.0
"Coffee, green",Estimulantes y especias,1967,4332681.0
"Coffee, green",Estimulantes y especias,1968,3936446.0
"Coffee, green",Estimulantes y especias,1969,4272399.0
"Coffee, green",Estimulantes y especias,1970,3849638.0
"Coffee, green",Estimulantes y especias,1971,4663275.0
"Coffee, green",Estimulantes y especias,1972,4570708.0
"Coffee, green",Estimulantes y especias,1973,4185724.0
"Coffee, green",Estimulantes y especias,1974,4770143.0
"Coffee, green",Estimulantes y especias,1975,4603209.0
"Coffee, green",Estimulantes y especias,1976,3522508.0
"Coffee, green",Estimulantes y especias,1977,4399391.0
"Coffee, green",Estimulantes y especias,1978,4725186.0
"Coffee, green",Estimulantes y especias,1979,4973090.0
"Coffee, green",Estimulantes y especias,1980,4839219.0
"Coffee, green",Estimulantes y especias,1981,6083218.0
"Coffee, green",Estimulantes y especias,1982,4940877.0
"Coffee, green",Estimulantes y especias,1983,5582080.0
"Coffee, green",Estimulantes y especias,1984,5221504.0
"Coffee, green",Estimulantes y especias,1985,5824530.0
"Coffee, green",Estimulantes y especias,1986,5237224.0
"Coffee, green",Estimulantes y especias,1987,6385156.0
"Coffee, green",Estimulantes y especias,1988,5645491.0
"Coffee, green",Estimulantes y especias,1989,5908041.0
"Coffee, green",Estimulantes y especias,1990,6063096.0
"Coffee, green",Estimulantes y especias,1991,6062928.13
"Coffee, green",Estimulantes y especias,1992,6086345.68
"Coffee, green",Estimulantes y especias,1993,5554947.48
"Coffee, green",Estimulantes y especias,1994,5722717.75
"Coffee, green",Estimulantes y especias,1995,5529155.55
"Coffee, green",Estimulantes y especias,1996,6197691.74
"Coffee, green",Estimulantes y especias,1997,6072140.38
"Coffee, green",Estimulantes y especias,1998,6632659.93
"Coffee, green",Estimulantes y especias,1999,6790772.94
"Coffee, green",Estimulantes y especias,2000,7498777.2
"Coffee, green",Estimulantes y especias,2001,7379936.56
"Coffee, green",Estimulantes y especias,2002,7928506.17
"Coffee, green",Estimulantes y especias,2003,7039092.95
"Coffee, green",Estimulantes y especias,2004,7862898.03
"Coffee, green",Estimulantes y especias,2005,7392093.23
"Coffee, green",Estimulantes y especias,2006,8147848.43
"Coffee, green",Estimulantes y especias,2007,8134626.2
"Coffee, green",Estimulantes y especias,2008,8489789.53
"Coffee, green",Estimulantes y especias,2009,7777818.18
"Coffee, green",Estimulantes y especias,2010,8460553.65
"Coffee, green",Estimulantes y especias,2011,8435159.08
"Coffee, green",Estimulantes y especias,2012,8972777.15
"Coffee, green",Estimulantes y especias,2013,8839105.82
"Coffee, green",Estimulantes y especias,2014,8800142.06
"Coffee, green",Estimulantes y especias,2015,9059981.98
"Coffee, green",Estimulantes y especias,2016,9550305.2
"Coffee, green",Estimulantes y especias,2017,9589572.05
"Coffee, green",Estimulantes y especias,2018,10827975.7
"Coffee, green",Estimulantes y especias,2019,10561394.33
"Coffee, green",Estimulantes y especias,2020,11238739.32
"Coffee, green",Estimulantes y especias,2021,10571717.9
"Coffee, green",Estimulantes y especias,2022,10987768.86
"Coffee, green",Estimulantes y especias,2023,11092848.71
"Coffee, green",Estimulantes y especias,2024,11284877.41
Cranberries,Frutas,1961,56408.0
Cranberries,Frutas,1962,60318.0
Cranberries,Frutas,1963,57388.0
Cranberries,Frutas,1964,60550.0
Cranberries,Frutas,1965,65240.0
Cranberries,Frutas,1966,72101.0
Cranberries,Frutas,1967,64803.0
Cranberries,Frutas,1968,67984.0
Cranberries,Frutas,1969,83994.0
Cranberries,Frutas,1970,95064.0
Cranberries,Frutas,1971,107525.0
Cranberries,Frutas,1972,97815.0
Cranberries,Frutas,1973,100557.0
Cranberries,Frutas,1974,105693.0
Cranberries,Frutas,1975,99866.0
Cranberries,Frutas,1976,115691.0
Cranberries,Frutas,1977,102236.0
Cranberries,Frutas,1978,118676.0
Cranberries,Frutas,1979,119720.0
Cranberries,Frutas,1980,128179.0
Cranberries,Frutas,1981,125568.0
Cranberries,Frutas,1982,144980.0
Cranberries,Frutas,1983,143892.0
Cranberries,Frutas,1984,156804.0
Cranberries,Frutas,1985,166285.0
Cranberries,Frutas,1986,175893.0
Cranberries,Frutas,1987,165263.0
Cranberries,Frutas,1988,197648.0
Cranberries,Frutas,1989,186286.0
Cranberries,Frutas,1990,193290.08
Cranberries,Frutas,1991,217633.02
Cranberries,Frutas,1992,215557.07
Cranberries,Frutas,1993,207086.13
Cranberries,Frutas,1994,246480.18
Cranberries,Frutas,1995,230711.23
Cranberries,Frutas,1996,242158.28
Cranberries,Frutas,1997,292565.55
Cranberries,Frutas,1998,291222.21
Cranberries,Frutas,1999,335456.13
Cranberries,Frutas,2000,306443.79
Cranberries,Frutas,2001,288107.96
Cranberries,Frutas,2002,318043.23
Cranberries,Frutas,2003,353168.47
Cranberries,Frutas,2004,354381.9
Cranberries,Frutas,2005,353545.56
Cranberries,Frutas,2006,399771.03
Cranberries,Frutas,2007,378786.23
Cranberries,Frutas,2008,440262.47
Cranberries,Frutas,2009,412301.78
Cranberries,Frutas,2010,397389.42
Cranberries,Frutas,2011,450296.77
Cranberries,Frutas,2012,503843.33
Cranberries,Frutas,2013,534453.62
Cranberries,Frutas,2014,545766.42
Cranberries,Frutas,2015,539039.22
Cranberries,Frutas,2016,622654.88
Cranberries,Frutas,2017,524145.73
Cranberries,Frutas,2018,587387.44
Cranberries,Frutas,2019,519927.63
Cranberries,Frutas,2020,519470.75
Cranberries,Frutas,2021,470074.34
Cranberries,Frutas,2022,578782.91
Cranberries,Frutas,2023,535666.72
Cranberries,Frutas,2024,621495.65
Cucumbers and gherkins,Hortalizas,1961,9548650.0
Cucumbers and gherkins,Hortalizas,1962,9371934.0
Cucumbers and gherkins,Hortalizas,1963,9590254.0
Cucumbers and gherkins,Hortalizas,1964,9423680.0
Cucumbers and gherkins,Hortalizas,1965,9308925.0
Cucumbers and gherkins,Hortalizas,1966,9906906.0
Cucumbers and gherkins,Hortalizas,1967,10458054.0
Cucumbers and gherkins,Hortalizas,1968,10887839.0
Cucumbers and gherkins,Hortalizas,1969,11084264.0
Cucumbers and gherkins,Hortalizas,1970,10173815.0
Cucumbers and gherkins,Hortalizas,1971,10562148.0
Cucumbers and gherkins,Hortalizas,1972,10607717.0
Cucumbers and gherkins,Hortalizas,1973,11273541.0
Cucumbers and gherkins,Hortalizas,1974,10982232.0
Cucumbers and gherkins,Hortalizas,1975,11644926.0
Cucumbers and gherkins,Hortalizas,1976,11317584.0
Cucumbers and gherkins,Hortalizas,1977,12303822.0
Cucumbers and gherkins,Hortalizas,1978,12105800.0
Cucumbers and gherkins,Hortalizas,1979,13333545.0
Cucumbers and gherkins,Hortalizas,1980,12757970.0
Cucumbers and gherkins,Hortalizas,1981,14203897.0
Cucumbers and gherkins,Hortalizas,1982,14692535.0
Cucumbers and gherkins,Hortalizas,1983,14557840.0
Cucumbers and gherkins,Hortalizas,1984,14723523.0
Cucumbers and gherkins,Hortalizas,1985,15465643.0
Cucumbers and gherkins,Hortalizas,1986,15815060.0
Cucumbers and gherkins,Hortalizas,1987,16104825.0
Cucumbers and gherkins,Hortalizas,1988,15982065.0
Cucumbers and gherkins,Hortalizas,1989,16168780.0
Cucumbers and gherkins,Hortalizas,1990,17625563.0
Cucumbers and gherkins,Hortalizas,1991,17722335.78
Cucumbers and gherkins,Hortalizas,1992,18127211.18
Cucumbers and gherkins,Hortalizas,1993,20257176.78
Cucumbers and gherkins,Hortalizas,1994,21691123.22
Cucumbers and gherkins,Hortalizas,1995,23589606.51
Cucumbers and gherkins,Hortalizas,1996,25706054.76
Cucumbers and gherkins,Hortalizas,1997,27544699.89
Cucumbers and gherkins,Hortalizas,1998,28814135.18
Cucumbers and gherkins,Hortalizas,1999,30975790.34
Cucumbers and gherkins,Hortalizas,2000,38080495.5
Cucumbers and gherkins,Hortalizas,2001,39616122.86
Cucumbers and gherkins,Hortalizas,2002,42881458.31
Cucumbers and gherkins,Hortalizas,2003,43613724.84
Cucumbers and gherkins,Hortalizas,2004,43307282.16
Cucumbers and gherkins,Hortalizas,2005,46218079.53
Cucumbers and gherkins,Hortalizas,2006,49938584.62
Cucumbers and gherkins,Hortalizas,2007,54351047.59
Cucumbers and gherkins,Hortalizas,2008,58721281.48
Cucumbers and gherkins,Hortalizas,2009,60974222.82
Cucumbers and gherkins,Hortalizas,2010,62885686.29
Cucumbers and gherkins,Hortalizas,2011,68293878.56
Cucumbers and gherkins,Hortalizas,2012,71262648.26
Cucumbers and gherkins,Hortalizas,2013,73706135.76
Cucumbers and gherkins,Hortalizas,2014,76630138.79
Cucumbers and gherkins,Hortalizas,2015,78900607.35
Cucumbers and gherkins,Hortalizas,2016,81889932.48
Cucumbers and gherkins,Hortalizas,2017,83182023.51
Cucumbers and gherkins,Hortalizas,2018,85991957.05
Cucumbers and gherkins,Hortalizas,2019,89693774.37
Cucumbers and gherkins,Hortalizas,2020,87086398.18
Cucumbers and gherkins,Hortalizas,2021,87845539.91
Cucumbers and gherkins,Hortalizas,2022,87983315.53
Cucumbers and gherkins,Hortalizas,2023,87408921.85
Cucumbers and gherkins,Hortalizas,2024,87844031.91
Currants,Frutas,1961,302137.0
Currants,Frutas,1962,284819.0
Currants,Frutas,1963,346151.0
Currants,Frutas,1964,332400.0
Currants,Frutas,1965,311618.0
Currants,Frutas,1966,325617.0
Currants,Frutas,1967,274193.0
Currants,Frutas,1968,337900.0
Currants,Frutas,1969,347720.0
Currants,Frutas,1970,361590.0
Currants,Frutas,1971,360082.0
Currants,Frutas,1972,352238.0
Currants,Frutas,1973,380730.0
Currants,Frutas,1974,387562.0
Currants,Frutas,1975,403321.0
Currants,Frutas,1976,384573.0
Currants,Frutas,1977,385903.0
Currants,Frutas,1978,437974.0
Currants,Frutas,1979,481990.0
Currants,Frutas,1980,475844.0
Currants,Frutas,1981,471357.0
Currants,Frutas,1982,498901.0
Currants,Frutas,1983,563835.0
Currants,Frutas,1984,541021.0
Currants,Frutas,1985,564865.0
Currants,Frutas,1986,550221.0
Currants,Frutas,1987,503339.0
Currants,Frutas,1988,584163.0
Currants,Frutas,1989,577271.0
Currants,Frutas,1990,463924.44
Currants,Frutas,1991,478466.8
Currants,Frutas,1992,693773.92
Currants,Frutas,1993,691366.0
Currants,Frutas,1994,645816.34
Currants,Frutas,1995,632247.45
Currants,Frutas,1996,672440.24
Currants,Frutas,1997,612947.33
Currants,Frutas,1998,635193.3
Currants,Frutas,1999,635962.61
Currants,Frutas,2000,696351.33
Currants,Frutas,2001,743807.68
Currants,Frutas,2002,739785.66
Currants,Frutas,2003,781861.68
Currants,Frutas,2004,788326.09
Currants,Frutas,2005,773825.73
Currants,Frutas,2006,779863.69
Currants,Frutas,2007,718984.96
Currants,Frutas,2008,679233.31
Currants,Frutas,2009,693688.71
Currants,Frutas,2010,642555.11
Currants,Frutas,2011,643762.82
Currants,Frutas,2012,648979.7
Currants,Frutas,2013,690887.92
Currants,Frutas,2014,641684.16
Currants,Frutas,2015,635203.23
Currants,Frutas,2016,638281.84
Currants,Frutas,2017,555318.15
Currants,Frutas,2018,683183.27
Currants,Frutas,2019,648245.56
Currants,Frutas,2020,689287.79
Currants,Frutas,2021,733107.6
Currants,Frutas,2022,762119.64
Currants,Frutas,2023,759127.67
Currants,Frutas,2024,706319.98
Dates,Frutas,1961,1852592.0
Dates,Frutas,1962,1809091.0
Dates,Frutas,1963,1839908.0
Dates,Frutas,1964,1830017.0
Dates,Frutas,1965,1880697.0
Dates,Frutas,1966,1890977.0
Dates,Frutas,1967,1866065.0
Dates,Frutas,1968,1821545.0
Dates,Frutas,1969,2126069.0
Dates,Frutas,1970,1881730.0
Dates,Frutas,1971,2109412.0
Dates,Frutas,1972,2031918.0
Dates,Frutas,1973,2179223.0
Dates,Frutas,1974,2289511.0
Dates,Frutas,1975,2423988.0
Dates,Frutas,1976,2256881.0
Dates,Frutas,1977,2659513.0
Dates,Frutas,1978,2459666.0
Dates,Frutas,1979,2683037.0
Dates,Frutas,1980,2659406.0
Dates,Frutas,1981,2372927.0
Dates,Frutas,1982,2601013.0
Dates,Frutas,1983,2685466.0
Dates,Frutas,1984,2631789.0
Dates,Frutas,1985,2819692.0
Dates,Frutas,1986,2966905.0
Dates,Frutas,1987,3051401.0
Dates,Frutas,1988,3155783.0
Dates,Frutas,1989,3430585.0
Dates,Frutas,1990,3430883.0
Dates,Frutas,1991,3698097.66
Dates,Frutas,1992,3646283.07
Dates,Frutas,1993,4376303.73
Dates,Frutas,1994,4560233.91
Dates,Frutas,1995,4841171.31
Dates,Frutas,1996,5009027.75
Dates,Frutas,1997,5078668.84
Dates,Frutas,1998,5722449.44
Dates,Frutas,1999,5936812.38
Dates,Frutas,2000,6428510.66
Dates,Frutas,2001,6646474.23
Dates,Frutas,2002,6705509.05
Dates,Frutas,2003,6733536.96
Dates,Frutas,2004,6609306.51
Dates,Frutas,2005,6533418.79
Dates,Frutas,2006,6750896.49
Dates,Frutas,2007,6939258.06
Dates,Frutas,2008,6994187.91
Dates,Frutas,2009,7158799.58
Dates,Frutas,2010,7501487.57
Dates,Frutas,2011,7236739.05
Dates,Frutas,2012,7400718.83
Dates,Frutas,2013,7489629.08
Dates,Frutas,2014,7395470.13
Dates,Frutas,2015,8060627.64
Dates,Frutas,2016,8281356.3
Dates,Frutas,2017,8366406.24
Dates,Frutas,2018,8721160.1
Dates,Frutas,2019,9164462.25
Dates,Frutas,2020,9413914.12
Dates,Frutas,2021,9784676.73
Dates,Frutas,2022,9201136.7
Dates,Frutas,2023,9968278.21
Dates,Frutas,2024,9946598.04
"Edible roots and tubers with high starch or inulin content, n.e.c., fresh",Raices y tuberculos,1961,2396045.0
"Edible roots and tubers with high starch or inulin content, n.e.c., fresh",Raices y tuberculos,1962,2461160.0
"Edible roots and tubers with high starch or inulin content, n.e.c., fresh",Raices y tuberculos,1963,2583682.0
"Edible roots and tubers with high starch or inulin content, n.e.c., fresh",Raices y tuberculos,1964,2738300.0
"Edible roots and tubers with high starch or inulin content, n.e.c., fresh",Raices y tuberculos,1965,2768488.0
"Edible roots and tubers with high starch or inulin content, n.e.c., fresh",Raices y tuberculos,1966,2809144.0
"Edible roots and tubers with high starch or inulin content, n.e.c., fresh",Raices y tuberculos,1967,2866395.0
"Edible roots and tubers with high starch or inulin content, n.e.c., fresh",Raices y tuberculos,1968,2941810.0
"Edible roots and tubers with high starch or inulin content, n.e.c., fresh",Raices y tuberculos,1969,3016673.0
"Edible roots and tubers with high starch or inulin content, n.e.c., fresh",Raices y tuberculos,1970,3116308.0
"Edible roots and tubers with high starch or inulin content, n.e.c., fresh",Raices y tuberculos,1971,3158318.0
"Edible roots and tubers with high starch or inulin content, n.e.c., fresh",Raices y tuberculos,1972,3245704.0
"Edible roots and tubers with high starch or inulin content, n.e.c., fresh",Raices y tuberculos,1973,3282007.0
"Edible roots and tubers with high starch or inulin content, n.e.c., fresh",Raices y tuberculos,1974,3423495.0
"Edible roots and tubers with high starch or inulin content, n.e.c., fresh",Raices y tuberculos,1975,2697821.0
"Edible roots and tubers with high starch or inulin content, n.e.c., fresh",Raices y tuberculos,1976,2668295.0
"Edible roots and tubers with high starch or inulin content, n.e.c., fresh",Raices y tuberculos,1977,2927946.0
"Edible roots and tubers with high starch or inulin content, n.e.c., fresh",Raices y tuberculos,1978,3147613.0
"Edible roots and tubers with high starch or inulin content, n.e.c., fresh",Raices y tuberculos,1979,3437380.0
"Edible roots and tubers with high starch or inulin content, n.e.c., fresh",Raices y tuberculos,1980,3692957.0
"Edible roots and tubers with high starch or inulin content, n.e.c., fresh",Raices y tuberculos,1981,3765511.0
"Edible roots and tubers with high starch or inulin content, n.e.c., fresh",Raices y tuberculos,1982,3868296.0
"Edible roots and tubers with high starch or inulin content, n.e.c., fresh",Raices y tuberculos,1983,4015963.0
"Edible roots and tubers with high starch or inulin content, n.e.c., fresh",Raices y tuberculos,1984,4103415.0
"Edible roots and tubers with high starch or inulin content, n.e.c., fresh",Raices y tuberculos,1985,4217932.0
"Edible roots and tubers with high starch or inulin content, n.e.c., fresh",Raices y tuberculos,1986,4503719.0
"Edible roots and tubers with high starch or inulin content, n.e.c., fresh",Raices y tuberculos,1987,4685232.0
"Edible roots and tubers with high starch or inulin content, n.e.c., fresh",Raices y tuberculos,1988,4870849.0
"Edible roots and tubers with high starch or inulin content, n.e.c., fresh",Raices y tuberculos,1989,4727475.0
"Edible roots and tubers with high starch or inulin content, n.e.c., fresh",Raices y tuberculos,1990,5096163.83
"Edible roots and tubers with high starch or inulin content, n.e.c., fresh",Raices y tuberculos,1991,4837710.33
"Edible roots and tubers with high starch or inulin content, n.e.c., fresh",Raices y tuberculos,1992,5133323.72
"Edible roots and tubers with high starch or inulin content, n.e.c., fresh",Raices y tuberculos,1993,2652433.68
"Edible roots and tubers with high starch or inulin content, n.e.c., fresh",Raices y tuberculos,1994,2844927.32
"Edible roots and tubers with high starch or inulin content, n.e.c., fresh",Raices y tuberculos,1995,2894322.14
"Edible roots and tubers with high starch or inulin content, n.e.c., fresh",Raices y tuberculos,1996,2907249.69
"Edible roots and tubers with high starch or inulin content, n.e.c., fresh",Raices y tuberculos,1997,2930498.31
"Edible roots and tubers with high starch or inulin content, n.e.c., fresh",Raices y tuberculos,1998,3034868.49
"Edible roots and tubers with high starch or inulin content, n.e.c., fresh",Raices y tuberculos,1999,3090662.66
"Edible roots and tubers with high starch or inulin content, n.e.c., fresh",Raices y tuberculos,2000,3162232.6
"Edible roots and tubers with high starch or inulin content, n.e.c., fresh",Raices y tuberculos,2001,3279018.5
"Edible roots and tubers with high starch or inulin content, n.e.c., fresh",Raices y tuberculos,2002,3389538.26
"Edible roots and tubers with high starch or inulin content, n.e.c., fresh",Raices y tuberculos,2003,3467120.91
"Edible roots and tubers with high starch or inulin content, n.e.c., fresh",Raices y tuberculos,2004,3550062.18
"Edible roots and tubers with high starch or inulin content, n.e.c., fresh",Raices y tuberculos,2005,3613597.63
"Edible roots and tubers with high starch or inulin content, n.e.c., fresh",Raices y tuberculos,2006,3703647.01
"Edible roots and tubers with high starch or inulin content, n.e.c., fresh",Raices y tuberculos,2007,3755412.32
"Edible roots and tubers with high starch or inulin content, n.e.c., fresh",Raices y tuberculos,2008,3800567.29
"Edible roots and tubers with high starch or inulin content, n.e.c., fresh",Raices y tuberculos,2009,4192802.35
"Edible roots and tubers with high starch or inulin content, n.e.c., fresh",Raices y tuberculos,2010,4666438.85
"Edible roots and tubers with high starch or inulin content, n.e.c., fresh",Raices y tuberculos,2011,5210451.66
"Edible roots and tubers with high starch or inulin content, n.e.c., fresh",Raices y tuberculos,2012,5630765.82
"Edible roots and tubers with high starch or inulin content, n.e.c., fresh",Raices y tuberculos,2013,5869173.55
"Edible roots and tubers with high starch or inulin content, n.e.c., fresh",Raices y tuberculos,2014,6323597.11
"Edible roots and tubers with high starch or inulin content, n.e.c., fresh",Raices y tuberculos,2015,7355308.57
"Edible roots and tubers with high starch or inulin content, n.e.c., fresh",Raices y tuberculos,2016,7331337.9
"Edible roots and tubers with high starch or inulin content, n.e.c., fresh",Raices y tuberculos,2017,7135624.2
"Edible roots and tubers with high starch or inulin content, n.e.c., fresh",Raices y tuberculos,2018,8202744.19
"Edible roots and tubers with high starch or inulin content, n.e.c., fresh",Raices y tuberculos,2019,8277594.56
"Edible roots and tubers with high starch or inulin content, n.e.c., fresh",Raices y tuberculos,2020,8651748.74
"Edible roots and tubers with high starch or inulin content, n.e.c., fresh",Raices y tuberculos,2021,8582111.98
"Edible roots and tubers with high starch or inulin content, n.e.c., fresh",Raices y tuberculos,2022,8917584.32
"Edible roots and tubers with high starch or inulin content, n.e.c., fresh",Raices y tuberculos,2023,9529700.65
"Edible roots and tubers with high starch or inulin content, n.e.c., fresh",Raices y tuberculos,2024,9789996.42
Eggplants (aubergines),Hortalizas,1961,7026845.0
Eggplants (aubergines),Hortalizas,1962,6202405.0
Eggplants (aubergines),Hortalizas,1963,6056601.0
Eggplants (aubergines),Hortalizas,1964,5895003.0
Eggplants (aubergines),Hortalizas,1965,6155707.0
Eggplants (aubergines),Hortalizas,1966,6262209.0
Eggplants (aubergines),Hortalizas,1967,6551641.0
Eggplants (aubergines),Hortalizas,1968,6706257.0
Eggplants (aubergines),Hortalizas,1969,6932396.0
Eggplants (aubergines),Hortalizas,1970,6224868.0
Eggplants (aubergines),Hortalizas,1971,6758657.0
Eggplants (aubergines),Hortalizas,1972,6573125.0
Eggplants (aubergines),Hortalizas,1973,7186258.0
Eggplants (aubergines),Hortalizas,1974,7248706.0
Eggplants (aubergines),Hortalizas,1975,7446457.0
Eggplants (aubergines),Hortalizas,1976,7190746.0
Eggplants (aubergines),Hortalizas,1977,7472802.0
Eggplants (aubergines),Hortalizas,1978,7786616.0
Eggplants (aubergines),Hortalizas,1979,7977627.0
Eggplants (aubergines),Hortalizas,1980,8070441.0
Eggplants (aubergines),Hortalizas,1981,8776681.0
Eggplants (aubergines),Hortalizas,1982,9110771.0
Eggplants (aubergines),Hortalizas,1983,9362021.0
Eggplants (aubergines),Hortalizas,1984,9601079.0
Eggplants (aubergines),Hortalizas,1985,9913333.0
Eggplants (aubergines),Hortalizas,1986,10228523.0
Eggplants (aubergines),Hortalizas,1987,10347686.0
Eggplants (aubergines),Hortalizas,1988,10576888.0
Eggplants (aubergines),Hortalizas,1989,10818302.0
Eggplants (aubergines),Hortalizas,1990,11359091.0
Eggplants (aubergines),Hortalizas,1991,11999235.67
Eggplants (aubergines),Hortalizas,1992,11859073.58
Eggplants (aubergines),Hortalizas,1993,15271836.81
Eggplants (aubergines),Hortalizas,1994,15874872.37
Eggplants (aubergines),Hortalizas,1995,18364373.68
Eggplants (aubergines),Hortalizas,1996,20212917.95
Eggplants (aubergines),Hortalizas,1997,20926636.79
Eggplants (aubergines),Hortalizas,1998,23447116.05
Eggplants (aubergines),Hortalizas,1999,26808983.81
Eggplants (aubergines),Hortalizas,2000,27647754.28
Eggplants (aubergines),Hortalizas,2001,27281624.94
Eggplants (aubergines),Hortalizas,2002,29680587.42
Eggplants (aubergines),Hortalizas,2003,29716071.3
Eggplants (aubergines),Hortalizas,2004,31007908.04
Eggplants (aubergines),Hortalizas,2005,32100785.16
Eggplants (aubergines),Hortalizas,2006,33054565.51
Eggplants (aubergines),Hortalizas,2007,37642664.48
Eggplants (aubergines),Hortalizas,2008,40154283.89
Eggplants (aubergines),Hortalizas,2009,43818995.67
Eggplants (aubergines),Hortalizas,2010,44415290.56
Eggplants (aubergines),Hortalizas,2011,45354546.71
Eggplants (aubergines),Hortalizas,2012,47301957.24
Eggplants (aubergines),Hortalizas,2013,49255336.42
Eggplants (aubergines),Hortalizas,2014,50523661.04
Eggplants (aubergines),Hortalizas,2015,52085890.45
Eggplants (aubergines),Hortalizas,2016,53107383.83
Eggplants (aubergines),Hortalizas,2017,54322514.22
Eggplants (aubergines),Hortalizas,2018,55611118.51
Eggplants (aubergines),Hortalizas,2019,56989381.65
Eggplants (aubergines),Hortalizas,2020,56217657.0
Eggplants (aubergines),Hortalizas,2021,57079894.9
Eggplants (aubergines),Hortalizas,2022,57483577.92
Eggplants (aubergines),Hortalizas,2023,57269972.57
Eggplants (aubergines),Hortalizas,2024,57540107.87
Figs,Frutas,1961,1572296.0
Figs,Frutas,1962,1539143.0
Figs,Frutas,1963,1530193.0
Figs,Frutas,1964,1597659.0
Figs,Frutas,1965,1506049.0
Figs,Frutas,1966,1269547.0
Figs,Frutas,1967,1236798.0
Figs,Frutas,1968,1242882.0
Figs,Frutas,1969,1190766.0
Figs,Frutas,1970,1173936.0
Figs,Frutas,1971,1153694.0
Figs,Frutas,1972,1050334.0
Figs,Frutas,1973,958040.0
Figs,Frutas,1974,1000552.0
Figs,Frutas,1975,1027001.0
Figs,Frutas,1976,976656.0
Figs,Frutas,1977,889991.0
Figs,Frutas,1978,860717.0
Figs,Frutas,1979,934222.0
Figs,Frutas,1980,928805.0
Figs,Frutas,1981,961590.0
Figs,Frutas,1982,938925.0
Figs,Frutas,1983,985327.0
Figs,Frutas,1984,959221.0
Figs,Frutas,1985,1018362.0
Figs,Frutas,1986,1089094.0
Figs,Frutas,1987,1050224.0
Figs,Frutas,1988,1026840.0
Figs,Frutas,1989,982412.0
Figs,Frutas,1990,1080449.0
Figs,Frutas,1991,1015528.66
Figs,Frutas,1992,1077047.1
Figs,Frutas,1993,1043920.37
Figs,Frutas,1994,1062810.21
Figs,Frutas,1995,1116953.29
Figs,Frutas,1996,1056463.57
Figs,Frutas,1997,1039951.77
Figs,Frutas,1998,1061109.29
Figs,Frutas,1999,1102137.71
Figs,Frutas,2000,997044.49
Figs,Frutas,2001,927503.99
Figs,Frutas,2002,1027594.41
Figs,Frutas,2003,993106.11
Figs,Frutas,2004,1015397.24
Figs,Frutas,2005,1090790.81
Figs,Frutas,2006,1181996.94
Figs,Frutas,2007,1022165.86
Figs,Frutas,2008,1055223.2
Figs,Frutas,2009,1142611.73
Figs,Frutas,2010,1065335.97
Figs,Frutas,2011,1066368.7
Figs,Frutas,2012,1060627.75
Figs,Frutas,2013,1133247.22
Figs,Frutas,2014,1150878.0
Figs,Frutas,2015,1169228.38
Figs,Frutas,2016,1077869.56
Figs,Frutas,2017,1175233.77
Figs,Frutas,2018,1234599.67
Figs,Frutas,2019,1321141.62
Figs,Frutas,2020,1396491.38
Figs,Frutas,2021,1312269.3
Figs,Frutas,2022,1280213.86
Figs,Frutas,2023,1313170.97
Figs,Frutas,2024,1336540.71
Fonio,Cereales,1961,178483.0
Fonio,Cereales,1962,174556.0
Fonio,Cereales,1963,176885.0
Fonio,Cereales,1964,184645.0
Fonio,Cereales,1965,180870.0
Fonio,Cereales,1966,182563.0
Fonio,Cereales,1967,185815.0
Fonio,Cereales,1968,185600.0
Fonio,Cereales,1969,176200.0
Fonio,Cereales,1970,174490.0
Fonio,Cereales,1971,156600.0
Fonio,Cereales,1972,163050.0
Fonio,Cereales,1973,161592.0
Fonio,Cereales,1974,161480.0
Fonio,Cereales,1975,168125.0
Fonio,Cereales,1976,167225.0
Fonio,Cereales,1977,159685.0
Fonio,Cereales,1978,154129.0
Fonio,Cereales,1979,131581.0
Fonio,Cereales,1980,148667.0
Fonio,Cereales,1981,167556.0
Fonio,Cereales,1982,140758.0
Fonio,Cereales,1983,166632.0
Fonio,Cereales,1984,181184.0
Fonio,Cereales,1985,182381.0
Fonio,Cereales,1986,179570.0
Fonio,Cereales,1987,178315.0
Fonio,Cereales,1988,190970.0
Fonio,Cereales,1989,178866.0
Fonio,Cereales,1990,173885.0
Fonio,Cereales,1991,185582.0
Fonio,Cereales,1992,164514.0
Fonio,Cereales,1993,206916.0
Fonio,Cereales,1994,192264.0
Fonio,Cereales,1995,213958.0
Fonio,Cereales,1996,218267.0
Fonio,Cereales,1997,223016.0
Fonio,Cereales,1998,236238.0
Fonio,Cereales,1999,258138.0
Fonio,Cereales,2000,309957.55
Fonio,Cereales,2001,312664.0
Fonio,Cereales,2002,318391.0
Fonio,Cereales,2003,328270.0
Fonio,Cereales,2004,338413.0
Fonio,Cereales,2005,371117.37
Fonio,Cereales,2006,366858.0
Fonio,Cereales,2007,372624.0
Fonio,Cereales,2008,483327.0
Fonio,Cereales,2009,505371.0
Fonio,Cereales,2010,560032.51
Fonio,Cereales,2011,582067.8
Fonio,Cereales,2012,576088.02
Fonio,Cereales,2013,610769.1
Fonio,Cereales,2014,629002.45
Fonio,Cereales,2015,645390.43
Fonio,Cereales,2016,640797.45
Fonio,Cereales,2017,666079.33
Fonio,Cereales,2018,646242.37
Fonio,Cereales,2019,635200.39
Fonio,Cereales,2020,661351.59
Fonio,Cereales,2021,665418.32
Fonio,Cereales,2022,659326.34
Fonio,Cereales,2023,690180.21
Fonio,Cereales,2024,688231.98
"Ginger, raw",Estimulantes y especias,1961,60360.0
"Ginger, raw",Estimulantes y especias,1962,71549.0
"Ginger, raw",Estimulantes y especias,1963,74672.0
"Ginger, raw",Estimulantes y especias,1964,75208.0
"Ginger, raw",Estimulantes y especias,1965,82283.0
"Ginger, raw",Estimulantes y especias,1966,83213.0
"Ginger, raw",Estimulantes y especias,1967,84287.0
"Ginger, raw",Estimulantes y especias,1968,87505.0
"Ginger, raw",Estimulantes y especias,1969,101391.0
"Ginger, raw",Estimulantes y especias,1970,114175.0
"Ginger, raw",Estimulantes y especias,1971,110827.0
"Ginger, raw",Estimulantes y especias,1972,115884.0
"Ginger, raw",Estimulantes y especias,1973,125801.0
"Ginger, raw",Estimulantes y especias,1974,127000.0
"Ginger, raw",Estimulantes y especias,1975,147213.0
"Ginger, raw",Estimulantes y especias,1976,149780.0
"Ginger, raw",Estimulantes y especias,1977,195127.0
"Ginger, raw",Estimulantes y especias,1978,275129.0
"Ginger, raw",Estimulantes y especias,1979,288353.0
"Ginger, raw",Estimulantes y especias,1980,246316.0
"Ginger, raw",Estimulantes y especias,1981,295111.0
"Ginger, raw",Estimulantes y especias,1982,303268.0
"Ginger, raw",Estimulantes y especias,1983,336123.0
"Ginger, raw",Estimulantes y especias,1984,355627.0
"Ginger, raw",Estimulantes y especias,1985,390259.0
"Ginger, raw",Estimulantes y especias,1986,414151.0
"Ginger, raw",Estimulantes y especias,1987,415131.0
"Ginger, raw",Estimulantes y especias,1988,449417.0
"Ginger, raw",Estimulantes y especias,1989,457452.0
"Ginger, raw",Estimulantes y especias,1990,519227.0
"Ginger, raw",Estimulantes y especias,1991,609893.72
"Ginger, raw",Estimulantes y especias,1992,656101.74
"Ginger, raw",Estimulantes y especias,1993,671963.75
"Ginger, raw",Estimulantes y especias,1994,686950.78
"Ginger, raw",Estimulantes y especias,1995,762744.52
"Ginger, raw",Estimulantes y especias,1996,857708.79
"Ginger, raw",Estimulantes y especias,1997,906852.82
"Ginger, raw",Estimulantes y especias,1998,991689.03
"Ginger, raw",Estimulantes y especias,1999,1035887.74
"Ginger, raw",Estimulantes y especias,2000,1046481.2
"Ginger, raw",Estimulantes y especias,2001,1141055.06
"Ginger, raw",Estimulantes y especias,2002,1216817.87
"Ginger, raw",Estimulantes y especias,2003,1275146.03
"Ginger, raw",Estimulantes y especias,2004,1257388.6
"Ginger, raw",Estimulantes y especias,2005,1394359.24
"Ginger, raw",Estimulantes y especias,2006,1500246.26
"Ginger, raw",Estimulantes y especias,2007,1610171.0
"Ginger, raw",Estimulantes y especias,2008,1625716.03
"Ginger, raw",Estimulantes y especias,2009,1671855.66
"Ginger, raw",Estimulantes y especias,2010,1720575.73
"Ginger, raw",Estimulantes y especias,2011,2417464.86
"Ginger, raw",Estimulantes y especias,2012,2494324.74
"Ginger, raw",Estimulantes y especias,2013,2465103.36
"Ginger, raw",Estimulantes y especias,2014,2307504.79
"Ginger, raw",Estimulantes y especias,2015,2769675.91
"Ginger, raw",Estimulantes y especias,2016,3605071.87
"Ginger, raw",Estimulantes y especias,2017,3510075.58
"Ginger, raw",Estimulantes y especias,2018,4073710.01
"Ginger, raw",Estimulantes y especias,2019,4126880.14
"Ginger, raw",Estimulantes y especias,2020,4283365.04
"Ginger, raw",Estimulantes y especias,2021,4811607.06
"Ginger, raw",Estimulantes y especias,2022,5090031.02
"Ginger, raw",Estimulantes y especias,2023,4788904.67
"Ginger, raw",Estimulantes y especias,2024,4887376.46
Gooseberries,Frutas,1961,153180.0
Gooseberries,Frutas,1962,145991.0
Gooseberries,Frutas,1963,167034.0
Gooseberries,Frutas,1964,158626.0
Gooseberries,Frutas,1965,152788.0
Gooseberries,Frutas,1966,142924.0
Gooseberries,Frutas,1967,128847.0
Gooseberries,Frutas,1968,155856.0
Gooseberries,Frutas,1969,153658.0
Gooseberries,Frutas,1970,181550.0
Gooseberries,Frutas,1971,180748.0
Gooseberries,Frutas,1972,185351.0
Gooseberries,Frutas,1973,177101.0
Gooseberries,Frutas,1974,195268.0
Gooseberries,Frutas,1975,181840.0
Gooseberries,Frutas,1976,187192.0
Gooseberries,Frutas,1977,163170.0
Gooseberries,Frutas,1978,200355.0
Gooseberries,Frutas,1979,210745.0
Gooseberries,Frutas,1980,220872.0
Gooseberries,Frutas,1981,213403.0
Gooseberries,Frutas,1982,214893.0
Gooseberries,Frutas,1983,224539.0
Gooseberries,Frutas,1984,234483.0
Gooseberries,Frutas,1985,230732.0
Gooseberries,Frutas,1986,239900.0
Gooseberries,Frutas,1987,247614.0
Gooseberries,Frutas,1988,251906.0
Gooseberries,Frutas,1989,246881.0
Gooseberries,Frutas,1990,198630.76
Gooseberries,Frutas,1991,193721.0
Gooseberries,Frutas,1992,186677.79
Gooseberries,Frutas,1993,191029.63
Gooseberries,Frutas,1994,179252.0
Gooseberries,Frutas,1995,183469.52
Gooseberries,Frutas,1996,182410.0
Gooseberries,Frutas,1997,167491.0
Gooseberries,Frutas,1998,174635.0
Gooseberries,Frutas,1999,183243.0
Gooseberries,Frutas,2000,192344.0
Gooseberries,Frutas,2001,192518.0
Gooseberries,Frutas,2002,165218.0
Gooseberries,Frutas,2003,172184.0
Gooseberries,Frutas,2004,182959.31
Gooseberries,Frutas,2005,181754.75
Gooseberries,Frutas,2006,180313.52
Gooseberries,Frutas,2007,179756.41
Gooseberries,Frutas,2008,167046.12
Gooseberries,Frutas,2009,168385.37
Gooseberries,Frutas,2010,159957.94
Gooseberries,Frutas,2011,167508.67
Gooseberries,Frutas,2012,167714.53
Gooseberries,Frutas,2013,170628.8
Gooseberries,Frutas,2014,173911.24
Gooseberries,Frutas,2015,168073.06
Gooseberries,Frutas,2016,170223.19
Gooseberries,Frutas,2017,161076.45
Gooseberries,Frutas,2018,77427.37
Gooseberries,Frutas,2019,80629.28
Gooseberries,Frutas,2020,83943.44
Gooseberries,Frutas,2021,90831.48
Gooseberries,Frutas,2022,95405.18
Gooseberries,Frutas,2023,97817.8
Gooseberries,Frutas,2024,95648.79
Grapes,Frutas,1961,42987826.0
Grapes,Frutas,1962,53443674.0
Grapes,Frutas,1963,48033929.0
Grapes,Frutas,1964,52354751.0
Grapes,Frutas,1965,55078912.0
Grapes,Frutas,1966,51804908.0
Grapes,Frutas,1967,53176109.0
Grapes,Frutas,1968,55392051.0
Grapes,Frutas,1969,52968326.0
Grapes,Frutas,1970,55941538.0
Grapes,Frutas,1971,54302266.0
Grapes,Frutas,1972,50096650.0
Grapes,Frutas,1973,63183851.0
Grapes,Frutas,1974,61039152.0
Grapes,Frutas,1975,58363332.0
Grapes,Frutas,1976,59642898.0
Grapes,Frutas,1977,53161250.0
Grapes,Frutas,1978,57357716.0
Grapes,Frutas,1979,69221428.0
Grapes,Frutas,1980,66493476.0
Grapes,Frutas,1981,61664595.0
Grapes,Frutas,1982,72563177.0
Grapes,Frutas,1983,67262266.0
Grapes,Frutas,1984,64511650.0
Grapes,Frutas,1985,58666690.0
Grapes,Frutas,1986,64051617.0
Grapes,Frutas,1987,63968578.0
Grapes,Frutas,1988,58126545.0
Grapes,Frutas,1989,58819583.0
Grapes,Frutas,1990,59746557.0
Grapes,Frutas,1991,56073901.6
Grapes,Frutas,1992,60273349.11
Grapes,Frutas,1993,55291005.99
Grapes,Frutas,1994,54083444.56
Grapes,Frutas,1995,55381603.7
Grapes,Frutas,1996,58634763.94
Grapes,Frutas,1997,57961134.06
Grapes,Frutas,1998,56432962.87
Grapes,Frutas,1999,60476117.37
Grapes,Frutas,2000,63552362.69
Grapes,Frutas,2001,60861631.86
Grapes,Frutas,2002,61164447.68
Grapes,Frutas,2003,63051140.63
Grapes,Frutas,2004,67207676.05
Grapes,Frutas,2005,66975694.45
Grapes,Frutas,2006,66968319.02
Grapes,Frutas,2007,66175599.01
Grapes,Frutas,2008,66578876.58
Grapes,Frutas,2009,67647424.71
Grapes,Frutas,2010,66695523.77
Grapes,Frutas,2011,69167946.61
Grapes,Frutas,2012,68976938.36
Grapes,Frutas,2013,76518758.87
Grapes,Frutas,2014,73916628.42
Grapes,Frutas,2015,76844940.65
Grapes,Frutas,2016,74528882.95
Grapes,Frutas,2017,73614322.12
Grapes,Frutas,2018,80165320.71
Grapes,Frutas,2019,77163754.97
Grapes,Frutas,2020,76896274.43
Grapes,Frutas,2021,77729647.69
Grapes,Frutas,2022,78892152.92
Grapes,Frutas,2023,75440038.0
Grapes,Frutas,2024,75904986.97
Green corn (maize),Cereales,1961,4090127.0
Green corn (maize),Cereales,1962,4210950.0
Green corn (maize),Cereales,1963,4122875.0
Green corn (maize),Cereales,1964,3942631.0
Green corn (maize),Cereales,1965,4108006.0
Green corn (maize),Cereales,1966,4508007.0
Green corn (maize),Cereales,1967,4732250.0
Green corn (maize),Cereales,1968,5146146.0
Green corn (maize),Cereales,1969,4898408.0
Green corn (maize),Cereales,1970,4849626.0
Green corn (maize),Cereales,1971,4962860.0
Green corn (maize),Cereales,1972,4843796.0
Green corn (maize),Cereales,1973,5102956.0
Green corn (maize),Cereales,1974,4905842.0
Green corn (maize),Cereales,1975,5562564.0
Green corn (maize),Cereales,1976,4996274.0
Green corn (maize),Cereales,1977,5065758.0
Green corn (maize),Cereales,1978,4968357.0
Green corn (maize),Cereales,1979,5043672.0
Green corn (maize),Cereales,1980,5036441.0
Green corn (maize),Cereales,1981,5196962.0
Green corn (maize),Cereales,1982,5770114.0
Green corn (maize),Cereales,1983,5318428.0
Green corn (maize),Cereales,1984,5750432.0
Green corn (maize),Cereales,1985,5962161.0
Green corn (maize),Cereales,1986,5840709.0
Green corn (maize),Cereales,1987,6242347.0
Green corn (maize),Cereales,1988,6381629.0
Green corn (maize),Cereales,1989,7170171.0
Green corn (maize),Cereales,1990,7531336.27
Green corn (maize),Cereales,1991,7790891.49
Green corn (maize),Cereales,1992,7589773.15
Green corn (maize),Cereales,1993,7286220.69
Green corn (maize),Cereales,1994,8658060.06
Green corn (maize),Cereales,1995,8342652.97
Green corn (maize),Cereales,1996,8446750.51
Green corn (maize),Cereales,1997,8642914.69
Green corn (maize),Cereales,1998,8931908.98
Green corn (maize),Cereales,1999,8958222.13
Green corn (maize),Cereales,2000,9642330.86
Green corn (maize),Cereales,2001,10067054.49
Green corn (maize),Cereales,2002,10127888.15
Green corn (maize),Cereales,2003,10469177.34
Green corn (maize),Cereales,2004,10444941.85
Green corn (maize),Cereales,2005,10487071.46
Green corn (maize),Cereales,2006,10526869.05
Green corn (maize),Cereales,2007,10660234.82
Green corn (maize),Cereales,2008,10992408.88
Green corn (maize),Cereales,2009,11131730.41
Green corn (maize),Cereales,2010,10530002.78
Green corn (maize),Cereales,2011,10726842.5
Green corn (maize),Cereales,2012,10897449.11
Green corn (maize),Cereales,2013,10964445.86
Green corn (maize),Cereales,2014,10941360.68
Green corn (maize),Cereales,2015,11696065.37
Green corn (maize),Cereales,2016,11532699.87
Green corn (maize),Cereales,2017,11499007.18
Green corn (maize),Cereales,2018,10436141.6
Green corn (maize),Cereales,2019,9961621.76
Green corn (maize),Cereales,2020,10254407.42
Green corn (maize),Cereales,2021,9737555.6
Green corn (maize),Cereales,2022,9584347.7
Green corn (maize),Cereales,2023,9892144.98
Green corn (maize),Cereales,2024,9456499.31
Green garlic,Hortalizas,1961,4300697.0
Green garlic,Hortalizas,1962,3538658.0
Green garlic,Hortalizas,1963,3362227.0
Green garlic,Hortalizas,1964,3072096.0
Green garlic,Hortalizas,1965,3165652.0
Green garlic,Hortalizas,1966,3256723.0
Green garlic,Hortalizas,1967,3292667.0
Green garlic,Hortalizas,1968,3397097.0
Green garlic,Hortalizas,1969,3591803.0
Green garlic,Hortalizas,1970,2854876.0
Green garlic,Hortalizas,1971,3152144.0
Green garlic,Hortalizas,1972,2980680.0
Green garlic,Hortalizas,1973,3473031.0
Green garlic,Hortalizas,1974,3544088.0
Green garlic,Hortalizas,1975,3553727.0
Green garlic,Hortalizas,1976,3542962.0
Green garlic,Hortalizas,1977,3853695.0
Green garlic,Hortalizas,1978,3995082.0
Green garlic,Hortalizas,1979,4410611.0
Green garlic,Hortalizas,1980,4251797.0
Green garlic,Hortalizas,1981,4426568.0
Green garlic,Hortalizas,1982,4762594.0
Green garlic,Hortalizas,1983,5087563.0
Green garlic,Hortalizas,1984,5179696.0
Green garlic,Hortalizas,1985,5086919.0
Green garlic,Hortalizas,1986,5367794.0
Green garlic,Hortalizas,1987,5780681.0
Green garlic,Hortalizas,1988,5823597.0
Green garlic,Hortalizas,1989,5995397.0
Green garlic,Hortalizas,1990,6463996.0
Green garlic,Hortalizas,1991,7132975.64
Green garlic,Hortalizas,1992,7417829.58
Green garlic,Hortalizas,1993,7428780.32
Green garlic,Hortalizas,1994,7616234.48
Green garlic,Hortalizas,1995,8372919.18
Green garlic,Hortalizas,1996,8880942.01
Green garlic,Hortalizas,1997,8841716.66
Green garlic,Hortalizas,1998,9043810.01
Green garlic,Hortalizas,1999,9607774.86
Green garlic,Hortalizas,2000,10998743.7
Green garlic,Hortalizas,2001,11381678.51
Green garlic,Hortalizas,2002,12491909.4
Green garlic,Hortalizas,2003,13584043.87
Green garlic,Hortalizas,2004,14373120.46
Green garlic,Hortalizas,2005,14976220.0
Green garlic,Hortalizas,2006,15263453.66
Green garlic,Hortalizas,2007,20045041.58
Green garlic,Hortalizas,2008,22711151.02
Green garlic,Hortalizas,2009,21997016.47
Green garlic,Hortalizas,2010,22588683.12
Green garlic,Hortalizas,2011,23041362.31
Green garlic,Hortalizas,2012,23330984.59
Green garlic,Hortalizas,2013,24263313.57
Green garlic,Hortalizas,2014,25016960.71
Green garlic,Hortalizas,2015,26902180.43
Green garlic,Hortalizas,2016,25779895.58
Green garlic,Hortalizas,2017,25927888.73
Green garlic,Hortalizas,2018,26903892.56
Green garlic,Hortalizas,2019,28627602.54
Green garlic,Hortalizas,2020,28899498.57
Green garlic,Hortalizas,2021,29499171.99
Green garlic,Hortalizas,2022,29740395.36
Green garlic,Hortalizas,2023,29738921.26
Green garlic,Hortalizas,2024,29690764.0
"Hazelnuts, in shell",Oleaginosas y frutos secos,1961,182275.0
"Hazelnuts, in shell",Oleaginosas y frutos secos,1962,226010.0
"Hazelnuts, in shell",Oleaginosas y frutos secos,1963,191216.0
"Hazelnuts, in shell",Oleaginosas y frutos secos,1964,286878.0
"Hazelnuts, in shell",Oleaginosas y frutos secos,1965,170162.0
"Hazelnuts, in shell",Oleaginosas y frutos secos,1966,313562.0
"Hazelnuts, in shell",Oleaginosas y frutos secos,1967,179717.0
"Hazelnuts, in shell",Oleaginosas y frutos secos,1968,267616.0
"Hazelnuts, in shell",Oleaginosas y frutos secos,1969,262895.0
"Hazelnuts, in shell",Oleaginosas y frutos secos,1970,384251.0
"Hazelnuts, in shell",Oleaginosas y frutos secos,1971,305519.0
"Hazelnuts, in shell",Oleaginosas y frutos secos,1972,324453.0
"Hazelnuts, in shell",Oleaginosas y frutos secos,1973,388709.0
"Hazelnuts, in shell",Oleaginosas y frutos secos,1974,400452.0
"Hazelnuts, in shell",Oleaginosas y frutos secos,1975,472856.0
"Hazelnuts, in shell",Oleaginosas y frutos secos,1976,404024.0
"Hazelnuts, in shell",Oleaginosas y frutos secos,1977,447087.0
"Hazelnuts, in shell",Oleaginosas y frutos secos,1978,474901.0
"Hazelnuts, in shell",Oleaginosas y frutos secos,1979,466214.0
"Hazelnuts, in shell",Oleaginosas y frutos secos,1980,421136.0
"Hazelnuts, in shell",Oleaginosas y frutos secos,1981,545636.0
"Hazelnuts, in shell",Oleaginosas y frutos secos,1982,393917.0
"Hazelnuts, in shell",Oleaginosas y frutos secos,1983,595143.0
"Hazelnuts, in shell",Oleaginosas y frutos secos,1984,432293.0
"Hazelnuts, in shell",Oleaginosas y frutos secos,1985,376354.0
"Hazelnuts, in shell",Oleaginosas y frutos secos,1986,476337.0
"Hazelnuts, in shell",Oleaginosas y frutos secos,1987,474454.0
"Hazelnuts, in shell",Oleaginosas y frutos secos,1988,609483.0
"Hazelnuts, in shell",Oleaginosas y frutos secos,1989,748489.0
"Hazelnuts, in shell",Oleaginosas y frutos secos,1990,560761.0
"Hazelnuts, in shell",Oleaginosas y frutos secos,1991,521108.45
"Hazelnuts, in shell",Oleaginosas y frutos secos,1992,741598.81
"Hazelnuts, in shell",Oleaginosas y frutos secos,1993,498182.15
"Hazelnuts, in shell",Oleaginosas y frutos secos,1994,717342.98
"Hazelnuts, in shell",Oleaginosas y frutos secos,1995,678240.93
"Hazelnuts, in shell",Oleaginosas y frutos secos,1996,648625.66
"Hazelnuts, in shell",Oleaginosas y frutos secos,1997,631923.19
"Hazelnuts, in shell",Oleaginosas y frutos secos,1998,802001.28
"Hazelnuts, in shell",Oleaginosas y frutos secos,1999,780683.83
"Hazelnuts, in shell",Oleaginosas y frutos secos,2000,675815.16
"Hazelnuts, in shell",Oleaginosas y frutos secos,2001,878316.19
"Hazelnuts, in shell",Oleaginosas y frutos secos,2002,835577.52
"Hazelnuts, in shell",Oleaginosas y frutos secos,2003,688116.58
"Hazelnuts, in shell",Oleaginosas y frutos secos,2004,616102.82
"Hazelnuts, in shell",Oleaginosas y frutos secos,2005,758938.78
"Hazelnuts, in shell",Oleaginosas y frutos secos,2006,961589.71
"Hazelnuts, in shell",Oleaginosas y frutos secos,2007,811683.51
"Hazelnuts, in shell",Oleaginosas y frutos secos,2008,1068185.99
"Hazelnuts, in shell",Oleaginosas y frutos secos,2009,772964.9
"Hazelnuts, in shell",Oleaginosas y frutos secos,2010,854742.24
"Hazelnuts, in shell",Oleaginosas y frutos secos,2011,744976.17
"Hazelnuts, in shell",Oleaginosas y frutos secos,2012,924337.8
"Hazelnuts, in shell",Oleaginosas y frutos secos,2013,869505.23
"Hazelnuts, in shell",Oleaginosas y frutos secos,2014,710547.13
"Hazelnuts, in shell",Oleaginosas y frutos secos,2015,936110.26
"Hazelnuts, in shell",Oleaginosas y frutos secos,2016,743399.7
"Hazelnuts, in shell",Oleaginosas y frutos secos,2017,1001626.73
"Hazelnuts, in shell",Oleaginosas y frutos secos,2018,874423.3
"Hazelnuts, in shell",Oleaginosas y frutos secos,2019,1121957.1
"Hazelnuts, in shell",Oleaginosas y frutos secos,2020,1071644.99
"Hazelnuts, in shell",Oleaginosas y frutos secos,2021,1079217.0
"Hazelnuts, in shell",Oleaginosas y frutos secos,2022,1197233.94
"Hazelnuts, in shell",Oleaginosas y frutos secos,2023,1116541.47
"Hazelnuts, in shell",Oleaginosas y frutos secos,2024,1212125.58
Hop cones,Estimulantes y especias,1961,69670.0
Hop cones,Estimulantes y especias,1962,81730.0
Hop cones,Estimulantes y especias,1963,91800.0
Hop cones,Estimulantes y especias,1964,96390.0
Hop cones,Estimulantes y especias,1965,92914.0
Hop cones,Estimulantes y especias,1966,96890.0
Hop cones,Estimulantes y especias,1967,98111.0
Hop cones,Estimulantes y especias,1968,94386.0
Hop cones,Estimulantes y especias,1969,95389.0
Hop cones,Estimulantes y especias,1970,103942.0
Hop cones,Estimulantes y especias,1971,97746.0
Hop cones,Estimulantes y especias,1972,107397.0
Hop cones,Estimulantes y especias,1973,122909.0
Hop cones,Estimulantes y especias,1974,114861.0
Hop cones,Estimulantes y especias,1975,110614.0
Hop cones,Estimulantes y especias,1976,105058.0
Hop cones,Estimulantes y especias,1977,118283.0
Hop cones,Estimulantes y especias,1978,105606.0
Hop cones,Estimulantes y especias,1979,112972.0
Hop cones,Estimulantes y especias,1980,111014.0
Hop cones,Estimulantes y especias,1981,125444.0
Hop cones,Estimulantes y especias,1982,136586.0
Hop cones,Estimulantes y especias,1983,122336.0
Hop cones,Estimulantes y especias,1984,121227.0
Hop cones,Estimulantes y especias,1985,117078.0
Hop cones,Estimulantes y especias,1986,108638.0
Hop cones,Estimulantes y especias,1987,109514.0
Hop cones,Estimulantes y especias,1988,115433.0
Hop cones,Estimulantes y especias,1989,116610.0
Hop cones,Estimulantes y especias,1990,111364.0
Hop cones,Estimulantes y especias,1991,125830.5
Hop cones,Estimulantes y especias,1992,117982.14
Hop cones,Estimulantes y especias,1993,148750.08
Hop cones,Estimulantes y especias,1994,127684.6
Hop cones,Estimulantes y especias,1995,138304.27
Hop cones,Estimulantes y especias,1996,141987.24
Hop cones,Estimulantes y especias,1997,132250.61
Hop cones,Estimulantes y especias,1998,118204.12
Hop cones,Estimulantes y especias,1999,119551.38
Hop cones,Estimulantes y especias,2000,121348.63
Hop cones,Estimulantes y especias,2001,125915.17
Hop cones,Estimulantes y especias,2002,125627.17
Hop cones,Estimulantes y especias,2003,113955.08
Hop cones,Estimulantes y especias,2004,119118.61
Hop cones,Estimulantes y especias,2005,118914.31
Hop cones,Estimulantes y especias,2006,111623.39
Hop cones,Estimulantes y especias,2007,126341.27
Hop cones,Estimulantes y especias,2008,142048.34
Hop cones,Estimulantes y especias,2009,141667.91
Hop cones,Estimulantes y especias,2010,126111.21
Hop cones,Estimulantes y especias,2011,128063.87
Hop cones,Estimulantes y especias,2012,112217.81
Hop cones,Estimulantes y especias,2013,117839.23
Hop cones,Estimulantes y especias,2014,137797.21
Hop cones,Estimulantes y especias,2015,133058.88
Hop cones,Estimulantes y especias,2016,143219.75
Hop cones,Estimulantes y especias,2017,151431.95
Hop cones,Estimulantes y especias,2018,169913.18
Hop cones,Estimulantes y especias,2019,174275.8
Hop cones,Estimulantes y especias,2020,173423.8
Hop cones,Estimulantes y especias,2021,177507.54
Hop cones,Estimulantes y especias,2022,147757.22
Hop cones,Estimulantes y especias,2023,164478.82
Hop cones,Estimulantes y especias,2024,158405.29
"Jute, raw or retted",Fibras,1961,2650134.0
"Jute, raw or retted",Fibras,1962,2332655.0
"Jute, raw or retted",Fibras,1963,2384771.0
"Jute, raw or retted",Fibras,1964,2282496.0
"Jute, raw or retted",Fibras,1965,2359769.0
"Jute, raw or retted",Fibras,1966,2454095.0
"Jute, raw or retted",Fibras,1967,2637568.0
"Jute, raw or retted",Fibras,1968,1847773.0
"Jute, raw or retted",Fibras,1969,2609222.0
"Jute, raw or retted",Fibras,1970,2367885.0
"Jute, raw or retted",Fibras,1971,2039796.0
"Jute, raw or retted",Fibras,1972,2403541.0
"Jute, raw or retted",Fibras,1973,2642603.0
"Jute, raw or retted",Fibras,1974,1901496.0
"Jute, raw or retted",Fibras,1975,1921328.0
"Jute, raw or retted",Fibras,1976,2181188.0
"Jute, raw or retted",Fibras,1977,2303697.0
"Jute, raw or retted",Fibras,1978,2779553.0
"Jute, raw or retted",Fibras,1979,2682216.0
"Jute, raw or retted",Fibras,1980,2589799.0
"Jute, raw or retted",Fibras,1981,2622694.0
"Jute, raw or retted",Fibras,1982,2351837.0
"Jute, raw or retted",Fibras,1983,2508977.0
"Jute, raw or retted",Fibras,1984,2611383.0
"Jute, raw or retted",Fibras,1985,4486769.0
"Jute, raw or retted",Fibras,1986,3454306.0
"Jute, raw or retted",Fibras,1987,2746342.0
"Jute, raw or retted",Fibras,1988,2528102.0
"Jute, raw or retted",Fibras,1989,2599249.0
"Jute, raw or retted",Fibras,1990,2778968.0
"Jute, raw or retted",Fibras,1991,2946807.49
"Jute, raw or retted",Fibras,1992,2815735.79
"Jute, raw or retted",Fibras,1993,2685025.45
"Jute, raw or retted",Fibras,1994,2698787.03
"Jute, raw or retted",Fibras,1995,2416454.59
"Jute, raw or retted",Fibras,1996,2987747.47
"Jute, raw or retted",Fibras,1997,3203688.43
"Jute, raw or retted",Fibras,1998,2636448.77
"Jute, raw or retted",Fibras,1999,2594931.63
"Jute, raw or retted",Fibras,2000,2664840.66
"Jute, raw or retted",Fibras,2001,2932838.3
"Jute, raw or retted",Fibras,2002,2863484.19
"Jute, raw or retted",Fibras,2003,2799557.44
"Jute, raw or retted",Fibras,2004,2602197.37
"Jute, raw or retted",Fibras,2005,2801031.8
"Jute, raw or retted",Fibras,2006,2908853.31
"Jute, raw or retted",Fibras,2007,2864296.69
"Jute, raw or retted",Fibras,2008,2723096.07
"Jute, raw or retted",Fibras,2009,3072645.8
"Jute, raw or retted",Fibras,2010,2853569.99
"Jute, raw or retted",Fibras,2011,3609580.95
"Jute, raw or retted",Fibras,2012,3476335.15
"Jute, raw or retted",Fibras,2013,3439964.32
"Jute, raw or retted",Fibras,2014,3414223.08
"Jute, raw or retted",Fibras,2015,3277848.42
"Jute, raw or retted",Fibras,2016,3351706.45
"Jute, raw or retted",Fibras,2017,3540459.22
"Jute, raw or retted",Fibras,2018,3574016.22
"Jute, raw or retted",Fibras,2019,3518157.31
"Jute, raw or retted",Fibras,2020,3648526.49
"Jute, raw or retted",Fibras,2021,3489426.9
"Jute, raw or retted",Fibras,2022,3559893.47
"Jute, raw or retted",Fibras,2023,3648465.81
"Jute, raw or retted",Fibras,2024,3702184.27
Karite nuts (sheanuts),Oleaginosas y frutos secos,1961,169250.0
Karite nuts (sheanuts),Oleaginosas y frutos secos,1962,175480.0
Karite nuts (sheanuts),Oleaginosas y frutos secos,1963,192000.0
Karite nuts (sheanuts),Oleaginosas y frutos secos,1964,198550.0
Karite nuts (sheanuts),Oleaginosas y frutos secos,1965,212500.0
Karite nuts (sheanuts),Oleaginosas y frutos secos,1966,209235.0
Karite nuts (sheanuts),Oleaginosas y frutos secos,1967,232200.0
Karite nuts (sheanuts),Oleaginosas y frutos secos,1968,234300.0
Karite nuts (sheanuts),Oleaginosas y frutos secos,1969,248500.0
Karite nuts (sheanuts),Oleaginosas y frutos secos,1970,251900.0
Karite nuts (sheanuts),Oleaginosas y frutos secos,1971,252354.0
Karite nuts (sheanuts),Oleaginosas y frutos secos,1972,251000.0
Karite nuts (sheanuts),Oleaginosas y frutos secos,1973,256141.0
Karite nuts (sheanuts),Oleaginosas y frutos secos,1974,260100.0
Karite nuts (sheanuts),Oleaginosas y frutos secos,1975,276370.0
Karite nuts (sheanuts),Oleaginosas y frutos secos,1976,316500.0
Karite nuts (sheanuts),Oleaginosas y frutos secos,1977,305579.0
Karite nuts (sheanuts),Oleaginosas y frutos secos,1978,291885.0
Karite nuts (sheanuts),Oleaginosas y frutos secos,1979,315018.0
Karite nuts (sheanuts),Oleaginosas y frutos secos,1980,346713.0
Karite nuts (sheanuts),Oleaginosas y frutos secos,1981,370816.0
Karite nuts (sheanuts),Oleaginosas y frutos secos,1982,350803.0
Karite nuts (sheanuts),Oleaginosas y frutos secos,1983,363457.0
Karite nuts (sheanuts),Oleaginosas y frutos secos,1984,373636.0
Karite nuts (sheanuts),Oleaginosas y frutos secos,1985,506502.0
Karite nuts (sheanuts),Oleaginosas y frutos secos,1986,379122.0
Karite nuts (sheanuts),Oleaginosas y frutos secos,1987,386178.0
Karite nuts (sheanuts),Oleaginosas y frutos secos,1988,386693.0
Karite nuts (sheanuts),Oleaginosas y frutos secos,1989,528514.0
Karite nuts (sheanuts),Oleaginosas y frutos secos,1990,563064.0
Karite nuts (sheanuts),Oleaginosas y frutos secos,1991,643232.0
Karite nuts (sheanuts),Oleaginosas y frutos secos,1992,643985.57
Karite nuts (sheanuts),Oleaginosas y frutos secos,1993,639347.22
Karite nuts (sheanuts),Oleaginosas y frutos secos,1994,669042.44
Karite nuts (sheanuts),Oleaginosas y frutos secos,1995,719419.37
Karite nuts (sheanuts),Oleaginosas y frutos secos,1996,673460.0
Karite nuts (sheanuts),Oleaginosas y frutos secos,1997,692385.82
Karite nuts (sheanuts),Oleaginosas y frutos secos,1998,686273.6
Karite nuts (sheanuts),Oleaginosas y frutos secos,1999,684968.38
Karite nuts (sheanuts),Oleaginosas y frutos secos,2000,698607.99
Karite nuts (sheanuts),Oleaginosas y frutos secos,2001,694019.21
Karite nuts (sheanuts),Oleaginosas y frutos secos,2002,688642.62
Karite nuts (sheanuts),Oleaginosas y frutos secos,2003,731739.57
Karite nuts (sheanuts),Oleaginosas y frutos secos,2004,732905.19
Karite nuts (sheanuts),Oleaginosas y frutos secos,2005,717625.51
Karite nuts (sheanuts),Oleaginosas y frutos secos,2006,640411.47
Karite nuts (sheanuts),Oleaginosas y frutos secos,2007,777433.0
Karite nuts (sheanuts),Oleaginosas y frutos secos,2008,683847.71
Karite nuts (sheanuts),Oleaginosas y frutos secos,2009,632624.68
Karite nuts (sheanuts),Oleaginosas y frutos secos,2010,628800.85
Karite nuts (sheanuts),Oleaginosas y frutos secos,2011,609275.91
Karite nuts (sheanuts),Oleaginosas y frutos secos,2012,618591.67
Karite nuts (sheanuts),Oleaginosas y frutos secos,2013,611125.11
Karite nuts (sheanuts),Oleaginosas y frutos secos,2014,562058.61
Karite nuts (sheanuts),Oleaginosas y frutos secos,2015,549442.67
Karite nuts (sheanuts),Oleaginosas y frutos secos,2016,723767.49
Karite nuts (sheanuts),Oleaginosas y frutos secos,2017,649060.53
Karite nuts (sheanuts),Oleaginosas y frutos secos,2018,780751.37
Karite nuts (sheanuts),Oleaginosas y frutos secos,2019,888669.7
Karite nuts (sheanuts),Oleaginosas y frutos secos,2020,827546.55
Karite nuts (sheanuts),Oleaginosas y frutos secos,2021,829750.48
Karite nuts (sheanuts),Oleaginosas y frutos secos,2022,862954.9
Karite nuts (sheanuts),Oleaginosas y frutos secos,2023,878209.11
Karite nuts (sheanuts),Oleaginosas y frutos secos,2024,830410.47
Kiwi fruit,Frutas,1961,0.0
Kiwi fruit,Frutas,1962,0.0
Kiwi fruit,Frutas,1963,0.0
Kiwi fruit,Frutas,1964,0.0
Kiwi fruit,Frutas,1965,0.0
Kiwi fruit,Frutas,1966,0.0
Kiwi fruit,Frutas,1967,0.0
Kiwi fruit,Frutas,1968,0.0
Kiwi fruit,Frutas,1969,0.0
Kiwi fruit,Frutas,1970,2000.0
Kiwi fruit,Frutas,1971,2500.0
Kiwi fruit,Frutas,1972,2845.0
Kiwi fruit,Frutas,1973,3638.0
Kiwi fruit,Frutas,1974,5608.0
Kiwi fruit,Frutas,1975,4415.0
Kiwi fruit,Frutas,1976,6076.0
Kiwi fruit,Frutas,1977,8041.0
Kiwi fruit,Frutas,1978,10228.0
Kiwi fruit,Frutas,1979,20150.0
Kiwi fruit,Frutas,1980,26687.0
Kiwi fruit,Frutas,1981,42346.0
Kiwi fruit,Frutas,1982,48166.0
Kiwi fruit,Frutas,1983,58139.0
Kiwi fruit,Frutas,1984,146793.0
Kiwi fruit,Frutas,1985,204546.0
Kiwi fruit,Frutas,1986,274308.0
Kiwi fruit,Frutas,1987,418651.0
Kiwi fruit,Frutas,1988,554175.0
Kiwi fruit,Frutas,1989,610366.0
Kiwi fruit,Frutas,1990,843011.0
Kiwi fruit,Frutas,1991,785430.0
Kiwi fruit,Frutas,1992,988319.79
Kiwi fruit,Frutas,1993,903987.9
Kiwi fruit,Frutas,1994,947493.75
Kiwi fruit,Frutas,1995,915865.66
Kiwi fruit,Frutas,1996,976190.55
Kiwi fruit,Frutas,1997,902203.49
Kiwi fruit,Frutas,1998,913541.66
Kiwi fruit,Frutas,1999,944641.48
Kiwi fruit,Frutas,2000,1888254.46
Kiwi fruit,Frutas,2001,1981996.9
Kiwi fruit,Frutas,2002,2037571.67
Kiwi fruit,Frutas,2003,2019319.35
Kiwi fruit,Frutas,2004,2301971.62
Kiwi fruit,Frutas,2005,2339791.18
Kiwi fruit,Frutas,2006,2511542.43
Kiwi fruit,Frutas,2007,2549408.99
Kiwi fruit,Frutas,2008,2745196.76
Kiwi fruit,Frutas,2009,2792715.89
Kiwi fruit,Frutas,2010,2837508.02
Kiwi fruit,Frutas,2011,2909384.45
Kiwi fruit,Frutas,2012,3059167.29
Kiwi fruit,Frutas,2013,3467440.26
Kiwi fruit,Frutas,2014,3630558.81
Kiwi fruit,Frutas,2015,4069301.94
Kiwi fruit,Frutas,2016,3935179.66
Kiwi fruit,Frutas,2017,4003227.86
Kiwi fruit,Frutas,2018,4253354.52
Kiwi fruit,Frutas,2019,4357854.87
Kiwi fruit,Frutas,2020,4370765.8
Kiwi fruit,Frutas,2021,4351048.75
Kiwi fruit,Frutas,2022,4421157.08
Kiwi fruit,Frutas,2023,4277468.2
Kiwi fruit,Frutas,2024,4417537.5
Kola nuts,Estimulantes y especias,1961,191500.0
Kola nuts,Estimulantes y especias,1962,193500.0
Kola nuts,Estimulantes y especias,1963,197500.0
Kola nuts,Estimulantes y especias,1964,210500.0
Kola nuts,Estimulantes y especias,1965,206606.0
Kola nuts,Estimulantes y especias,1966,213640.0
Kola nuts,Estimulantes y especias,1967,227500.0
Kola nuts,Estimulantes y especias,1968,247500.0
Kola nuts,Estimulantes y especias,1969,253829.0
Kola nuts,Estimulantes y especias,1970,212188.0
Kola nuts,Estimulantes y especias,1971,217778.0
Kola nuts,Estimulantes y especias,1972,198739.0
Kola nuts,Estimulantes y especias,1973,205009.0
Kola nuts,Estimulantes y especias,1974,218500.0
Kola nuts,Estimulantes y especias,1975,220500.0
Kola nuts,Estimulantes y especias,1976,208000.0
Kola nuts,Estimulantes y especias,1977,216000.0
Kola nuts,Estimulantes y especias,1978,226500.0
Kola nuts,Estimulantes y especias,1979,227000.0
Kola nuts,Estimulantes y especias,1980,232500.0
Kola nuts,Estimulantes y especias,1981,238100.0
Kola nuts,Estimulantes y especias,1982,254700.0
Kola nuts,Estimulantes y especias,1983,256900.0
Kola nuts,Estimulantes y especias,1984,264610.0
Kola nuts,Estimulantes y especias,1985,270300.0
Kola nuts,Estimulantes y especias,1986,278119.0
Kola nuts,Estimulantes y especias,1987,275898.0
Kola nuts,Estimulantes y especias,1988,245973.0
Kola nuts,Estimulantes y especias,1989,235822.0
Kola nuts,Estimulantes y especias,1990,241524.0
Kola nuts,Estimulantes y especias,1991,266783.72
Kola nuts,Estimulantes y especias,1992,242003.16
Kola nuts,Estimulantes y especias,1993,255283.82
Kola nuts,Estimulantes y especias,1994,214294.87
Kola nuts,Estimulantes y especias,1995,198036.8
Kola nuts,Estimulantes y especias,1996,195476.36
Kola nuts,Estimulantes y especias,1997,213806.89
Kola nuts,Estimulantes y especias,1998,228399.16
Kola nuts,Estimulantes y especias,1999,217606.88
Kola nuts,Estimulantes y especias,2000,218002.44
Kola nuts,Estimulantes y especias,2001,219001.19
Kola nuts,Estimulantes y especias,2002,220431.39
Kola nuts,Estimulantes y especias,2003,206134.54
Kola nuts,Estimulantes y especias,2004,217028.95
Kola nuts,Estimulantes y especias,2005,223147.3
Kola nuts,Estimulantes y especias,2006,213290.35
Kola nuts,Estimulantes y especias,2007,231347.15
Kola nuts,Estimulantes y especias,2008,253161.77
Kola nuts,Estimulantes y especias,2009,296036.66
Kola nuts,Estimulantes y especias,2010,280308.35
Kola nuts,Estimulantes y especias,2011,278231.53
Kola nuts,Estimulantes y especias,2012,275863.58
Kola nuts,Estimulantes y especias,2013,269179.26
Kola nuts,Estimulantes y especias,2014,304915.48
Kola nuts,Estimulantes y especias,2015,319694.7
Kola nuts,Estimulantes y especias,2016,296878.04
Kola nuts,Estimulantes y especias,2017,306152.39
Kola nuts,Estimulantes y especias,2018,307106.59
Kola nuts,Estimulantes y especias,2019,309384.6
Kola nuts,Estimulantes y especias,2020,310744.5
Kola nuts,Estimulantes y especias,2021,311415.16
Kola nuts,Estimulantes y especias,2022,313556.47
Kola nuts,Estimulantes y especias,2023,316554.79
Kola nuts,Estimulantes y especias,2024,317142.83
Leeks and other alliaceous vegetables,Hortalizas,1961,728638.0
Leeks and other alliaceous vegetables,Hortalizas,1962,731881.0
Leeks and other alliaceous vegetables,Hortalizas,1963,807225.0
Leeks and other alliaceous vegetables,Hortalizas,1964,744894.0
Leeks and other alliaceous vegetables,Hortalizas,1965,783621.0
Leeks and other alliaceous vegetables,Hortalizas,1966,773167.0
Leeks and other alliaceous vegetables,Hortalizas,1967,814750.0
Leeks and other alliaceous vegetables,Hortalizas,1968,795068.0
Leeks and other alliaceous vegetables,Hortalizas,1969,829932.0
Leeks and other alliaceous vegetables,Hortalizas,1970,835974.0
Leeks and other alliaceous vegetables,Hortalizas,1971,823410.0
Leeks and other alliaceous vegetables,Hortalizas,1972,794513.0
Leeks and other alliaceous vegetables,Hortalizas,1973,748719.0
Leeks and other alliaceous vegetables,Hortalizas,1974,777466.0
Leeks and other alliaceous vegetables,Hortalizas,1975,754339.0
Leeks and other alliaceous vegetables,Hortalizas,1976,687049.0
Leeks and other alliaceous vegetables,Hortalizas,1977,785365.0
Leeks and other alliaceous vegetables,Hortalizas,1978,775941.0
Leeks and other alliaceous vegetables,Hortalizas,1979,768195.0
Leeks and other alliaceous vegetables,Hortalizas,1980,741939.0
Leeks and other alliaceous vegetables,Hortalizas,1981,755547.0
Leeks and other alliaceous vegetables,Hortalizas,1982,797198.0
Leeks and other alliaceous vegetables,Hortalizas,1983,802504.0
Leeks and other alliaceous vegetables,Hortalizas,1984,835558.0
Leeks and other alliaceous vegetables,Hortalizas,1985,878168.0
Leeks and other alliaceous vegetables,Hortalizas,1986,1009465.0
Leeks and other alliaceous vegetables,Hortalizas,1987,1129319.0
Leeks and other alliaceous vegetables,Hortalizas,1988,1135098.0
Leeks and other alliaceous vegetables,Hortalizas,1989,1349667.0
Leeks and other alliaceous vegetables,Hortalizas,1990,1490260.58
Leeks and other alliaceous vegetables,Hortalizas,1991,1481315.59
Leeks and other alliaceous vegetables,Hortalizas,1992,1539369.69
Leeks and other alliaceous vegetables,Hortalizas,1993,1648144.07
Leeks and other alliaceous vegetables,Hortalizas,1994,1670982.19
Leeks and other alliaceous vegetables,Hortalizas,1995,1698376.8
Leeks and other alliaceous vegetables,Hortalizas,1996,1652088.5
Leeks and other alliaceous vegetables,Hortalizas,1997,1601325.99
Leeks and other alliaceous vegetables,Hortalizas,1998,1581281.58
Leeks and other alliaceous vegetables,Hortalizas,1999,1698646.61
Leeks and other alliaceous vegetables,Hortalizas,2000,1627818.23
Leeks and other alliaceous vegetables,Hortalizas,2001,1559117.46
Leeks and other alliaceous vegetables,Hortalizas,2002,1582379.16
Leeks and other alliaceous vegetables,Hortalizas,2003,1694804.66
Leeks and other alliaceous vegetables,Hortalizas,2004,1855848.27
Leeks and other alliaceous vegetables,Hortalizas,2005,1997127.72
Leeks and other alliaceous vegetables,Hortalizas,2006,2091174.39
Leeks and other alliaceous vegetables,Hortalizas,2007,2020987.93
Leeks and other alliaceous vegetables,Hortalizas,2008,2074400.51
Leeks and other alliaceous vegetables,Hortalizas,2009,2085362.34
Leeks and other alliaceous vegetables,Hortalizas,2010,2091048.04
Leeks and other alliaceous vegetables,Hortalizas,2011,2126209.89
Leeks and other alliaceous vegetables,Hortalizas,2012,2181020.7
Leeks and other alliaceous vegetables,Hortalizas,2013,2185467.99
Leeks and other alliaceous vegetables,Hortalizas,2014,2207621.45
Leeks and other alliaceous vegetables,Hortalizas,2015,2108915.92
Leeks and other alliaceous vegetables,Hortalizas,2016,2110343.95
Leeks and other alliaceous vegetables,Hortalizas,2017,2159241.99
Leeks and other alliaceous vegetables,Hortalizas,2018,2116268.26
Leeks and other alliaceous vegetables,Hortalizas,2019,2150794.88
Leeks and other alliaceous vegetables,Hortalizas,2020,2141932.56
Leeks and other alliaceous vegetables,Hortalizas,2021,2242983.1
Leeks and other alliaceous vegetables,Hortalizas,2022,2112984.88
Leeks and other alliaceous vegetables,Hortalizas,2023,2153277.02
Leeks and other alliaceous vegetables,Hortalizas,2024,2134827.59
Lemons and limes,Frutas,1961,2619738.0
Lemons and limes,Frutas,1962,2629099.0
Lemons and limes,Frutas,1963,2712760.0
Lemons and limes,Frutas,1964,3049200.0
Lemons and limes,Frutas,1965,2969665.0
Lemons and limes,Frutas,1966,3104094.0
Lemons and limes,Frutas,1967,3255281.0
Lemons and limes,Frutas,1968,3357561.0
Lemons and limes,Frutas,1969,3458181.0
Lemons and limes,Frutas,1970,3499148.0
Lemons and limes,Frutas,1971,3908247.0
Lemons and limes,Frutas,1972,3931294.0
Lemons and limes,Frutas,1973,4352059.0
Lemons and limes,Frutas,1974,4470869.0
Lemons and limes,Frutas,1975,5028649.0
Lemons and limes,Frutas,1976,4497072.0
Lemons and limes,Frutas,1977,4940311.0
Lemons and limes,Frutas,1978,4743765.0
Lemons and limes,Frutas,1979,4794109.0
Lemons and limes,Frutas,1980,5136744.0
Lemons and limes,Frutas,1981,5913830.0
Lemons and limes,Frutas,1982,5805918.0
Lemons and limes,Frutas,1983,6141937.0
Lemons and limes,Frutas,1984,5832671.0
Lemons and limes,Frutas,1985,6299496.0
Lemons and limes,Frutas,1986,6659427.0
Lemons and limes,Frutas,1987,7128459.0
Lemons and limes,Frutas,1988,7062261.0
Lemons and limes,Frutas,1989,7114820.0
Lemons and limes,Frutas,1990,7251152.64
Lemons and limes,Frutas,1991,7640287.19
Lemons and limes,Frutas,1992,7713624.09
Lemons and limes,Frutas,1993,8097082.12
Lemons and limes,Frutas,1994,8072337.66
Lemons and limes,Frutas,1995,8188226.23
Lemons and limes,Frutas,1996,8706240.94
Lemons and limes,Frutas,1997,9178722.2
Lemons and limes,Frutas,1998,9237359.34
Lemons and limes,Frutas,1999,9981345.97
Lemons and limes,Frutas,2000,10826220.17
Lemons and limes,Frutas,2001,11530345.47
Lemons and limes,Frutas,2002,11938052.38
Lemons and limes,Frutas,2003,12380699.94
Lemons and limes,Frutas,2004,12280230.42
Lemons and limes,Frutas,2005,12335386.49
Lemons and limes,Frutas,2006,13489770.73
Lemons and limes,Frutas,2007,16069080.09
Lemons and limes,Frutas,2008,16839810.16
Lemons and limes,Frutas,2009,16435696.65
Lemons and limes,Frutas,2010,14720342.07
Lemons and limes,Frutas,2011,15062171.98
Lemons and limes,Frutas,2012,15038544.29
Lemons and limes,Frutas,2013,15448958.3
Lemons and limes,Frutas,2014,15948735.84
Lemons and limes,Frutas,2015,17075469.77
Lemons and limes,Frutas,2016,17103162.8
Lemons and limes,Frutas,2017,17480985.8
Lemons and limes,Frutas,2018,19478637.03
Lemons and limes,Frutas,2019,19453729.61
Lemons and limes,Frutas,2020,20085190.35
Lemons and limes,Frutas,2021,21368835.06
Lemons and limes,Frutas,2022,21973682.34
Lemons and limes,Frutas,2023,23934483.68
Lemons and limes,Frutas,2024,23201004.91
"Lentils, dry",Legumbres,1961,854877.0
"Lentils, dry",Legumbres,1962,945263.0
"Lentils, dry",Legumbres,1963,950664.0
"Lentils, dry",Legumbres,1964,933217.0
"Lentils, dry",Legumbres,1965,1017273.0
"Lentils, dry",Legumbres,1966,941165.0
"Lentils, dry",Legumbres,1967,957159.0
"Lentils, dry",Legumbres,1968,1001806.0
"Lentils, dry",Legumbres,1969,1088521.0
"Lentils, dry",Legumbres,1970,1006534.0
"Lentils, dry",Legumbres,1971,1049423.0
"Lentils, dry",Legumbres,1972,1139856.0
"Lentils, dry",Legumbres,1973,1044565.0
"Lentils, dry",Legumbres,1974,1229406.0
"Lentils, dry",Legumbres,1975,1242538.0
"Lentils, dry",Legumbres,1976,1382381.0
"Lentils, dry",Legumbres,1977,1341778.0
"Lentils, dry",Legumbres,1978,1284809.0
"Lentils, dry",Legumbres,1979,1284342.0
"Lentils, dry",Legumbres,1980,1241275.0
"Lentils, dry",Legumbres,1981,1447178.0
"Lentils, dry",Legumbres,1982,1785276.0
"Lentils, dry",Legumbres,1983,1803030.0
"Lentils, dry",Legumbres,1984,1744578.0
"Lentils, dry",Legumbres,1985,1897575.0
"Lentils, dry",Legumbres,1986,2465570.0
"Lentils, dry",Legumbres,1987,2687020.0
"Lentils, dry",Legumbres,1988,2657846.0
"Lentils, dry",Legumbres,1989,2080258.0
"Lentils, dry",Legumbres,1990,2565138.0
"Lentils, dry",Legumbres,1991,2657299.34
"Lentils, dry",Legumbres,1992,2591170.92
"Lentils, dry",Legumbres,1993,2792325.36
"Lentils, dry",Legumbres,1994,2817488.87
"Lentils, dry",Legumbres,1995,2872492.48
"Lentils, dry",Legumbres,1996,2767111.94
"Lentils, dry",Legumbres,1997,2770439.97
"Lentils, dry",Legumbres,1998,2809905.57
"Lentils, dry",Legumbres,1999,2961379.62
"Lentils, dry",Legumbres,2000,3369850.29
"Lentils, dry",Legumbres,2001,3164008.11
"Lentils, dry",Legumbres,2002,2909283.91
"Lentils, dry",Legumbres,2003,3005654.91
"Lentils, dry",Legumbres,2004,3615205.12
"Lentils, dry",Legumbres,2005,4164722.05
"Lentils, dry",Legumbres,2006,3360932.53
"Lentils, dry",Legumbres,2007,3323138.82
"Lentils, dry",Legumbres,2008,2835379.78
"Lentils, dry",Legumbres,2009,3937490.8
"Lentils, dry",Legumbres,2010,4980910.64
"Lentils, dry",Legumbres,2011,4382444.88
"Lentils, dry",Legumbres,2012,4431590.3
"Lentils, dry",Legumbres,2013,5298727.85
"Lentils, dry",Legumbres,2014,4731068.99
"Lentils, dry",Legumbres,2015,5478050.3
"Lentils, dry",Legumbres,2016,7081880.76
"Lentils, dry",Legumbres,2017,6817768.18
"Lentils, dry",Legumbres,2018,6407905.28
"Lentils, dry",Legumbres,2019,5998007.08
"Lentils, dry",Legumbres,2020,6725624.75
"Lentils, dry",Legumbres,2021,5755446.43
"Lentils, dry",Legumbres,2022,7491243.11
"Lentils, dry",Legumbres,2023,6785216.78
"Lentils, dry",Legumbres,2024,7887380.07
Lettuce and chicory,Hortalizas,1961,6616339.0
Lettuce and chicory,Hortalizas,1962,6086019.0
Lettuce and chicory,Hortalizas,1963,6128853.0
Lettuce and chicory,Hortalizas,1964,6061059.0
Lettuce and chicory,Hortalizas,1965,6198555.0
Lettuce and chicory,Hortalizas,1966,6233613.0
Lettuce and chicory,Hortalizas,1967,6420428.0
Lettuce and chicory,Hortalizas,1968,6442808.0
Lettuce and chicory,Hortalizas,1969,6783629.0
Lettuce and chicory,Hortalizas,1970,6563049.0
Lettuce and chicory,Hortalizas,1971,6796536.0
Lettuce and chicory,Hortalizas,1972,6885464.0
Lettuce and chicory,Hortalizas,1973,7203833.0
Lettuce and chicory,Hortalizas,1974,7333632.0
Lettuce and chicory,Hortalizas,1975,7467882.0
Lettuce and chicory,Hortalizas,1976,7570875.0
Lettuce and chicory,Hortalizas,1977,7942862.0
Lettuce and chicory,Hortalizas,1978,8103886.0
Lettuce and chicory,Hortalizas,1979,8325414.0
Lettuce and chicory,Hortalizas,1980,8449156.0
Lettuce and chicory,Hortalizas,1981,8757080.0
Lettuce and chicory,Hortalizas,1982,8998123.0
Lettuce and chicory,Hortalizas,1983,8774740.0
Lettuce and chicory,Hortalizas,1984,9377984.0
Lettuce and chicory,Hortalizas,1985,9434817.0
Lettuce and chicory,Hortalizas,1986,9485422.0
Lettuce and chicory,Hortalizas,1987,10198636.0
Lettuce and chicory,Hortalizas,1988,10800439.0
Lettuce and chicory,Hortalizas,1989,11255251.0
Lettuce and chicory,Hortalizas,1990,11572518.0
Lettuce and chicory,Hortalizas,1991,11939883.36
Lettuce and chicory,Hortalizas,1992,12700620.47
Lettuce and chicory,Hortalizas,1993,13252335.96
Lettuce and chicory,Hortalizas,1994,14260259.67
Lettuce and chicory,Hortalizas,1995,14328123.91
Lettuce and chicory,Hortalizas,1996,15334456.6
Lettuce and chicory,Hortalizas,1997,16402630.99
Lettuce and chicory,Hortalizas,1998,16148203.59
Lettuce and chicory,Hortalizas,1999,17190690.78
Lettuce and chicory,Hortalizas,2000,18397174.26
Lettuce and chicory,Hortalizas,2001,18836452.29
Lettuce and chicory,Hortalizas,2002,20280314.8
Lettuce and chicory,Hortalizas,2003,21466275.03
Lettuce and chicory,Hortalizas,2004,22532065.85
Lettuce and chicory,Hortalizas,2005,22584803.96
Lettuce and chicory,Hortalizas,2006,23615474.1
Lettuce and chicory,Hortalizas,2007,23743998.49
Lettuce and chicory,Hortalizas,2008,23823772.77
Lettuce and chicory,Hortalizas,2009,24173482.78
Lettuce and chicory,Hortalizas,2010,24654630.94
Lettuce and chicory,Hortalizas,2011,25079147.8
Lettuce and chicory,Hortalizas,2012,25762560.39
Lettuce and chicory,Hortalizas,2013,24621874.28
Lettuce and chicory,Hortalizas,2014,25186396.85
Lettuce and chicory,Hortalizas,2015,26448193.73
Lettuce and chicory,Hortalizas,2016,26446230.21
Lettuce and chicory,Hortalizas,2017,26849078.72
Lettuce and chicory,Hortalizas,2018,27221708.68
Lettuce and chicory,Hortalizas,2019,27334433.22
Lettuce and chicory,Hortalizas,2020,27629800.56
Lettuce and chicory,Hortalizas,2021,28241904.25
Lettuce and chicory,Hortalizas,2022,28297480.64
Lettuce and chicory,Hortalizas,2023,28338660.64
Lettuce and chicory,Hortalizas,2024,28227362.53
Linseed,Oleaginosas y frutos secos,1961,3014416.0
Linseed,Oleaginosas y frutos secos,1962,3567128.0
Linseed,Oleaginosas y frutos secos,1963,3563880.0
Linseed,Oleaginosas y frutos secos,1964,3276909.0
Linseed,Oleaginosas y frutos secos,1965,3934716.0
Linseed,Oleaginosas y frutos secos,1966,3158945.0
Linseed,Oleaginosas y frutos secos,1967,2582793.0
Linseed,Oleaginosas y frutos secos,1968,3130030.0
Linseed,Oleaginosas y frutos secos,1969,3404958.0
Linseed,Oleaginosas y frutos secos,1970,4235815.0
Linseed,Oleaginosas y frutos secos,1971,3286032.0
Linseed,Oleaginosas y frutos secos,1972,2521591.0
Linseed,Oleaginosas y frutos secos,1973,2490385.0
Linseed,Oleaginosas y frutos secos,1974,2193542.0
Linseed,Oleaginosas y frutos secos,1975,2570330.0
Linseed,Oleaginosas y frutos secos,1976,2226070.0
Linseed,Oleaginosas y frutos secos,1977,2858112.0
Linseed,Oleaginosas y frutos secos,1978,2938754.0
Linseed,Oleaginosas y frutos secos,1979,2940114.0
Linseed,Oleaginosas y frutos secos,1980,2265627.0
Linseed,Oleaginosas y frutos secos,1981,2246614.0
Linseed,Oleaginosas y frutos secos,1982,2739404.0
Linseed,Oleaginosas y frutos secos,1983,2339574.0
Linseed,Oleaginosas y frutos secos,1984,2611172.0
Linseed,Oleaginosas y frutos secos,1985,2594910.0
Linseed,Oleaginosas y frutos secos,1986,2801323.0
Linseed,Oleaginosas y frutos secos,1987,2850743.0
Linseed,Oleaginosas y frutos secos,1988,2417566.0
Linseed,Oleaginosas y frutos secos,1989,2271267.0
Linseed,Oleaginosas y frutos secos,1990,2923101.0
Linseed,Oleaginosas y frutos secos,1991,2671501.13
Linseed,Oleaginosas y frutos secos,1992,2221952.86
Linseed,Oleaginosas y frutos secos,1993,2156762.66
Linseed,Oleaginosas y frutos secos,1994,2437825.99
Linseed,Oleaginosas y frutos secos,1995,2472422.71
Linseed,Oleaginosas y frutos secos,1996,2423614.11
Linseed,Oleaginosas y frutos secos,1997,2244672.78
Linseed,Oleaginosas y frutos secos,1998,2703754.2
Linseed,Oleaginosas y frutos secos,1999,2685818.94
Linseed,Oleaginosas y frutos secos,2000,1986903.58
Linseed,Oleaginosas y frutos secos,2001,1830291.79
Linseed,Oleaginosas y frutos secos,2002,1870754.41
Linseed,Oleaginosas y frutos secos,2003,2009261.06
Linseed,Oleaginosas y frutos secos,2004,1846973.29
Linseed,Oleaginosas y frutos secos,2005,2699273.4
Linseed,Oleaginosas y frutos secos,2006,2513502.11
Linseed,Oleaginosas y frutos secos,2007,1658237.57
Linseed,Oleaginosas y frutos secos,2008,1988578.7
Linseed,Oleaginosas y frutos secos,2009,2158104.56
Linseed,Oleaginosas y frutos secos,2010,1808080.37
Linseed,Oleaginosas y frutos secos,2011,2165618.26
Linseed,Oleaginosas y frutos secos,2012,2027339.6
Linseed,Oleaginosas y frutos secos,2013,2273497.69
Linseed,Oleaginosas y frutos secos,2014,2663662.81
Linseed,Oleaginosas y frutos secos,2015,3149784.36
Linseed,Oleaginosas y frutos secos,2016,2912557.09
Linseed,Oleaginosas y frutos secos,2017,2875372.43
Linseed,Oleaginosas y frutos secos,2018,3009155.76
Linseed,Oleaginosas y frutos secos,2019,3066620.67
Linseed,Oleaginosas y frutos secos,2020,3380586.48
Linseed,Oleaginosas y frutos secos,2021,3336783.5
Linseed,Oleaginosas y frutos secos,2022,3919181.92
Linseed,Oleaginosas y frutos secos,2023,2742793.47
Linseed,Oleaginosas y frutos secos,2024,3008783.58
Maize (corn),Cereales,1961,205027236.0
Maize (corn),Cereales,1962,204876636.0
Maize (corn),Cereales,1963,220228115.0
Maize (corn),Cereales,1964,215172391.0
Maize (corn),Cereales,1965,226544121.0
Maize (corn),Cereales,1966,245599100.0
Maize (corn),Cereales,1967,272548408.0
Maize (corn),Cereales,1968,255670482.0
Maize (corn),Cereales,1969,269505982.0
Maize (corn),Cereales,1970,265831067.0
Maize (corn),Cereales,1971,313622542.0
Maize (corn),Cereales,1972,308826205.0
Maize (corn),Cereales,1973,318290384.0
Maize (corn),Cereales,1974,306427262.0
Maize (corn),Cereales,1975,341751886.0
Maize (corn),Cereales,1976,352395781.0
Maize (corn),Cereales,1977,371593270.0
Maize (corn),Cereales,1978,393600005.0
Maize (corn),Cereales,1979,418622905.0
Maize (corn),Cereales,1980,396623299.0
Maize (corn),Cereales,1981,446772427.0
Maize (corn),Cereales,1982,448932182.0
Maize (corn),Cereales,1983,347081960.0
Maize (corn),Cereales,1984,450449905.0
Maize (corn),Cereales,1985,485527217.0
Maize (corn),Cereales,1986,478176534.0
Maize (corn),Cereales,1987,453115706.0
Maize (corn),Cereales,1988,403050141.0
Maize (corn),Cereales,1989,476874410.0
Maize (corn),Cereales,1990,483387901.33
Maize (corn),Cereales,1991,494367007.25
Maize (corn),Cereales,1992,532691674.45
Maize (corn),Cereales,1993,477156262.88
Maize (corn),Cereales,1994,568446461.82
Maize (corn),Cereales,1995,517234689.78
Maize (corn),Cereales,1996,585681069.67
Maize (corn),Cereales,1997,584562151.92
Maize (corn),Cereales,1998,614801704.58
Maize (corn),Cereales,1999,607170918.47
Maize (corn),Cereales,2000,591934795.42
Maize (corn),Cereales,2001,614986879.12
Maize (corn),Cereales,2002,603501069.07
Maize (corn),Cereales,2003,644601934.72
Maize (corn),Cereales,2004,728982520.17
Maize (corn),Cereales,2005,714224246.36
Maize (corn),Cereales,2006,706821710.14
Maize (corn),Cereales,2007,793296448.82
Maize (corn),Cereales,2008,828108235.75
Maize (corn),Cereales,2009,822089489.69
Maize (corn),Cereales,2010,851980704.18
Maize (corn),Cereales,2011,886742984.56
Maize (corn),Cereales,2012,873744366.05
Maize (corn),Cereales,2013,1015521648.27
Maize (corn),Cereales,2014,1040230319.65
Maize (corn),Cereales,2015,1052811883.56
Maize (corn),Cereales,2016,1126408780.08
Maize (corn),Cereales,2017,1137672643.86
Maize (corn),Cereales,2018,1112875855.74
Maize (corn),Cereales,2019,1138850842.98
Maize (corn),Cereales,2020,1153946743.92
Maize (corn),Cereales,2021,1203326824.78
Maize (corn),Cereales,2022,1160145773.39
Maize (corn),Cereales,2023,1238582560.84
Maize (corn),Cereales,2024,1218205573.82
"Mangoes, guavas and mangosteens",Frutas,1961,10899284.0
"Mangoes, guavas and mangosteens",Frutas,1962,11276468.0
"Mangoes, guavas and mangosteens",Frutas,1963,11128982.0
"Mangoes, guavas and mangosteens",Frutas,1964,11160417.0
"Mangoes, guavas and mangosteens",Frutas,1965,11485945.0
"Mangoes, guavas and mangosteens",Frutas,1966,11526296.0
"Mangoes, guavas and mangosteens",Frutas,1967,12037655.0
"Mangoes, guavas and mangosteens",Frutas,1968,12166829.0
"Mangoes, guavas and mangosteens",Frutas,1969,11899751.0
"Mangoes, guavas and mangosteens",Frutas,1970,12029753.0
"Mangoes, guavas and mangosteens",Frutas,1971,12160269.0
"Mangoes, guavas and mangosteens",Frutas,1972,12488070.0
"Mangoes, guavas and mangosteens",Frutas,1973,12345488.0
"Mangoes, guavas and mangosteens",Frutas,1974,12857250.0
"Mangoes, guavas and mangosteens",Frutas,1975,12767573.0
"Mangoes, guavas and mangosteens",Frutas,1976,13037114.0
"Mangoes, guavas and mangosteens",Frutas,1977,13132998.0
"Mangoes, guavas and mangosteens",Frutas,1978,13194420.0
"Mangoes, guavas and mangosteens",Frutas,1979,14082957.0
"Mangoes, guavas and mangosteens",Frutas,1980,14419392.0
"Mangoes, guavas and mangosteens",Frutas,1981,15148508.0
"Mangoes, guavas and mangosteens",Frutas,1982,15089475.0
"Mangoes, guavas and mangosteens",Frutas,1983,15340948.0
"Mangoes, guavas and mangosteens",Frutas,1984,15908644.0
"Mangoes, guavas and mangosteens",Frutas,1985,16545060.0
"Mangoes, guavas and mangosteens",Frutas,1986,17224872.0
"Mangoes, guavas and mangosteens",Frutas,1987,17740169.0
"Mangoes, guavas and mangosteens",Frutas,1988,15726969.0
"Mangoes, guavas and mangosteens",Frutas,1989,16425197.0
"Mangoes, guavas and mangosteens",Frutas,1990,17207747.96
"Mangoes, guavas and mangosteens",Frutas,1991,17933320.03
"Mangoes, guavas and mangosteens",Frutas,1992,19601363.04
"Mangoes, guavas and mangosteens",Frutas,1993,21167634.76
"Mangoes, guavas and mangosteens",Frutas,1994,23147095.11
"Mangoes, guavas and mangosteens",Frutas,1995,24217856.36
"Mangoes, guavas and mangosteens",Frutas,1996,23350997.26
"Mangoes, guavas and mangosteens",Frutas,1997,24765004.82
"Mangoes, guavas and mangosteens",Frutas,1998,24060039.03
"Mangoes, guavas and mangosteens",Frutas,1999,26280576.07
"Mangoes, guavas and mangosteens",Frutas,2000,26190045.48
"Mangoes, guavas and mangosteens",Frutas,2001,26696013.33
"Mangoes, guavas and mangosteens",Frutas,2002,30835660.29
"Mangoes, guavas and mangosteens",Frutas,2003,30506188.99
"Mangoes, guavas and mangosteens",Frutas,2004,32023605.96
"Mangoes, guavas and mangosteens",Frutas,2005,34420041.41
"Mangoes, guavas and mangosteens",Frutas,2006,36944327.28
"Mangoes, guavas and mangosteens",Frutas,2007,37404814.85
"Mangoes, guavas and mangosteens",Frutas,2008,37438994.67
"Mangoes, guavas and mangosteens",Frutas,2009,40098036.95
"Mangoes, guavas and mangosteens",Frutas,2010,40193554.72
"Mangoes, guavas and mangosteens",Frutas,2011,42206131.43
"Mangoes, guavas and mangosteens",Frutas,2012,44420524.63
"Mangoes, guavas and mangosteens",Frutas,2013,48118726.76
"Mangoes, guavas and mangosteens",Frutas,2014,49828491.75
"Mangoes, guavas and mangosteens",Frutas,2015,51015056.32
"Mangoes, guavas and mangosteens",Frutas,2016,51676170.56
"Mangoes, guavas and mangosteens",Frutas,2017,52934816.06
"Mangoes, guavas and mangosteens",Frutas,2018,54688609.5
"Mangoes, guavas and mangosteens",Frutas,2019,56347449.98
"Mangoes, guavas and mangosteens",Frutas,2020,56176985.49
"Mangoes, guavas and mangosteens",Frutas,2021,57282563.69
"Mangoes, guavas and mangosteens",Frutas,2022,59729945.83
"Mangoes, guavas and mangosteens",Frutas,2023,60560867.97
"Mangoes, guavas and mangosteens",Frutas,2024,62211834.5
Maté leaves,Estimulantes y especias,1961,278648.0
Maté leaves,Estimulantes y especias,1962,293026.0
Maté leaves,Estimulantes y especias,1963,267051.0
Maté leaves,Estimulantes y especias,1964,279770.0
Maté leaves,Estimulantes y especias,1965,266325.0
Maté leaves,Estimulantes y especias,1966,262834.0
Maté leaves,Estimulantes y especias,1967,235460.0
Maté leaves,Estimulantes y especias,1968,235672.0
Maté leaves,Estimulantes y especias,1969,220935.0
Maté leaves,Estimulantes y especias,1970,245890.0
Maté leaves,Estimulantes y especias,1971,234665.0
Maté leaves,Estimulantes y especias,1972,249961.0
Maté leaves,Estimulantes y especias,1973,248483.0
Maté leaves,Estimulantes y especias,1974,227204.0
Maté leaves,Estimulantes y especias,1975,253159.0
Maté leaves,Estimulantes y especias,1976,258833.0
Maté leaves,Estimulantes y especias,1977,264911.0
Maté leaves,Estimulantes y especias,1978,243557.0
Maté leaves,Estimulantes y especias,1979,253051.0
Maté leaves,Estimulantes y especias,1980,269817.0
Maté leaves,Estimulantes y especias,1981,276623.0
Maté leaves,Estimulantes y especias,1982,301409.0
Maté leaves,Estimulantes y especias,1983,298271.0
Maté leaves,Estimulantes y especias,1984,352074.0
Maté leaves,Estimulantes y especias,1985,335685.0
Maté leaves,Estimulantes y especias,1986,361841.0
Maté leaves,Estimulantes y especias,1987,381173.0
Maté leaves,Estimulantes y especias,1988,396510.0
Maté leaves,Estimulantes y especias,1989,389140.0
Maté leaves,Estimulantes y especias,1990,360714.0
Maté leaves,Estimulantes y especias,1991,389745.0
Maté leaves,Estimulantes y especias,1992,381468.0
Maté leaves,Estimulantes y especias,1993,512810.0
Maté leaves,Estimulantes y especias,1994,526152.0
Maté leaves,Estimulantes y especias,1995,571796.0
Maté leaves,Estimulantes y especias,1996,549077.0
Maté leaves,Estimulantes y especias,1997,654801.0
Maté leaves,Estimulantes y especias,1998,777673.0
Maté leaves,Estimulantes y especias,1999,846638.0
Maté leaves,Estimulantes y especias,2000,872266.0
Maté leaves,Estimulantes y especias,2001,1024875.0
Maté leaves,Estimulantes y especias,2002,935115.0
Maté leaves,Estimulantes y especias,2003,875744.0
Maté leaves,Estimulantes y especias,2004,731926.0
Maté leaves,Estimulantes y especias,2005,768911.0
Maté leaves,Estimulantes y especias,2006,800563.0
Maté leaves,Estimulantes y especias,2007,815974.0
Maté leaves,Estimulantes y especias,2008,749247.6
Maté leaves,Estimulantes y especias,2009,748350.9
Maté leaves,Estimulantes y especias,2010,766518.0
Maté leaves,Estimulantes y especias,2011,774524.0
Maté leaves,Estimulantes y especias,2012,821534.0
Maté leaves,Estimulantes y especias,2013,842650.0
Maté leaves,Estimulantes y especias,2014,959247.05
Maté leaves,Estimulantes y especias,2015,990103.0
Maté leaves,Estimulantes y especias,2016,1542243.0
Maté leaves,Estimulantes y especias,2017,1414876.0
Maté leaves,Estimulantes y especias,2018,1435443.0
Maté leaves,Estimulantes y especias,2019,1485313.0
Maté leaves,Estimulantes y especias,2020,1473739.0
Maté leaves,Estimulantes y especias,2021,1481330.43
Maté leaves,Estimulantes y especias,2022,1659258.0
Maté leaves,Estimulantes y especias,2023,1669961.0
Maté leaves,Estimulantes y especias,2024,1997335.0
Millet,Cereales,1961,25714068.0
Millet,Cereales,1962,24160729.0
Millet,Cereales,1963,25036427.0
Millet,Cereales,1964,27292542.0
Millet,Cereales,1965,23307950.0
Millet,Cereales,1966,26976859.0
Millet,Cereales,1967,29837771.0
Millet,Cereales,1968,26806393.0
Millet,Cereales,1969,30545349.0
Millet,Cereales,1970,33274862.0
Millet,Cereales,1971,29747215.0
Millet,Cereales,1972,24281371.0
Millet,Cereales,1973,31843997.0
Millet,Cereales,1974,27665306.0
Millet,Cereales,1975,27405978.0
Millet,Cereales,1976,27490830.0
Millet,Cereales,1977,26600727.0
Millet,Cereales,1978,28452598.0
Millet,Cereales,1979,24310666.0
Millet,Cereales,1980,24853542.0
Millet,Cereales,1981,26956983.0
Millet,Cereales,1982,26140792.0
Millet,Cereales,1983,31080067.0
Millet,Cereales,1984,27071433.0
Millet,Cereales,1985,27271341.0
Millet,Cereales,1986,26187438.0
Millet,Cereales,1987,25136984.0
Millet,Cereales,1988,30654936.0
Millet,Cereales,1989,30004689.0
Millet,Cereales,1990,30004311.0
Millet,Cereales,1991,25040629.3
Millet,Cereales,1992,29934371.4
Millet,Cereales,1993,26511949.31
Millet,Cereales,1994,28047403.63
Millet,Cereales,1995,25818275.11
Millet,Cereales,1996,28234815.99
Millet,Cereales,1997,27357825.19
Millet,Cereales,1998,29029072.25
Millet,Cereales,1999,27360043.44
Millet,Cereales,2000,27813184.51
Millet,Cereales,2001,28906569.6
Millet,Cereales,2002,23973512.4
Millet,Cereales,2003,34723806.51
Millet,Cereales,2004,29685561.28
Millet,Cereales,2005,30937888.62
Millet,Cereales,2006,32025833.34
Millet,Cereales,2007,33512690.19
Millet,Cereales,2008,34453254.47
Millet,Cereales,2009,25969510.63
Millet,Cereales,2010,32203853.88
Millet,Cereales,2011,27050977.94
Millet,Cereales,2012,27375244.78
Millet,Cereales,2013,27070229.36
Millet,Cereales,2014,29038165.44
Millet,Cereales,2015,27249035.08
Millet,Cereales,2016,29016997.6
Millet,Cereales,2017,28975738.04
Millet,Cereales,2018,30084569.55
Millet,Cereales,2019,30868746.73
Millet,Cereales,2020,32845793.32
Millet,Cereales,2021,28377307.64
Millet,Cereales,2022,31158751.18
Millet,Cereales,2023,30623797.35
Millet,Cereales,2024,30852616.28
Mixed grain,Cereales,1961,5983643.0
Mixed grain,Cereales,1962,6581445.0
Mixed grain,Cereales,1963,6571532.0
Mixed grain,Cereales,1964,6552228.0
Mixed grain,Cereales,1965,6301321.0
Mixed grain,Cereales,1966,5997030.0
Mixed grain,Cereales,1967,6167127.0
Mixed grain,Cereales,1968,6297983.0
Mixed grain,Cereales,1969,6323133.0
Mixed grain,Cereales,1970,6120378.0
Mixed grain,Cereales,1971,6727412.0
Mixed grain,Cereales,1972,6703897.0
Mixed grain,Cereales,1973,6560903.0
Mixed grain,Cereales,1974,6397249.0
Mixed grain,Cereales,1975,6119545.0
Mixed grain,Cereales,1976,5461742.0
Mixed grain,Cereales,1977,5548071.0
Mixed grain,Cereales,1978,5722787.0
Mixed grain,Cereales,1979,5427337.0
Mixed grain,Cereales,1980,5257650.0
Mixed grain,Cereales,1981,5581744.0
Mixed grain,Cereales,1982,6129214.0
Mixed grain,Cereales,1983,4990024.0
Mixed grain,Cereales,1984,5558983.0
Mixed grain,Cereales,1985,5670090.0
Mixed grain,Cereales,1986,5718891.0
Mixed grain,Cereales,1987,5726844.0
Mixed grain,Cereales,1988,5184522.0
Mixed grain,Cereales,1989,5259657.0
Mixed grain,Cereales,1990,5306051.0
Mixed grain,Cereales,1991,5434287.1
Mixed grain,Cereales,1992,4109531.28
Mixed grain,Cereales,1993,4705707.71
Mixed grain,Cereales,1994,4424903.15
Mixed grain,Cereales,1995,5229334.47
Mixed grain,Cereales,1996,5057550.06
Mixed grain,Cereales,1997,5654904.27
Mixed grain,Cereales,1998,5635823.03
Mixed grain,Cereales,1999,5159354.19
Mixed grain,Cereales,2000,4307870.82
Mixed grain,Cereales,2001,5181314.17
Mixed grain,Cereales,2002,4938408.56
Mixed grain,Cereales,2003,4748436.87
Mixed grain,Cereales,2004,5483166.61
Mixed grain,Cereales,2005,4938448.67
Mixed grain,Cereales,2006,4431256.25
Mixed grain,Cereales,2007,5164260.29
Mixed grain,Cereales,2008,4526250.28
Mixed grain,Cereales,2009,4798783.4
Mixed grain,Cereales,2010,4181401.34
Mixed grain,Cereales,2011,4223100.23
Mixed grain,Cereales,2012,4788482.42
Mixed grain,Cereales,2013,3846456.6
Mixed grain,Cereales,2014,3758386.94
Mixed grain,Cereales,2015,2954589.7
Mixed grain,Cereales,2016,3136783.3
Mixed grain,Cereales,2017,3590324.99
Mixed grain,Cereales,2018,3412937.57
Mixed grain,Cereales,2019,3420035.46
Mixed grain,Cereales,2020,3053382.22
Mixed grain,Cereales,2021,3313487.15
Mixed grain,Cereales,2022,2221575.69
Mixed grain,Cereales,2023,1772711.65
Mixed grain,Cereales,2024,1623490.1
Mushrooms and truffles,Hortalizas,1961,495127.0
Mushrooms and truffles,Hortalizas,1962,526946.0
Mushrooms and truffles,Hortalizas,1963,586213.0
Mushrooms and truffles,Hortalizas,1964,586281.0
Mushrooms and truffles,Hortalizas,1965,634878.0
Mushrooms and truffles,Hortalizas,1966,671416.0
Mushrooms and truffles,Hortalizas,1967,726305.0
Mushrooms and truffles,Hortalizas,1968,744309.0
Mushrooms and truffles,Hortalizas,1969,739502.0
Mushrooms and truffles,Hortalizas,1970,789604.0
Mushrooms and truffles,Hortalizas,1971,857987.0
Mushrooms and truffles,Hortalizas,1972,990938.0
Mushrooms and truffles,Hortalizas,1973,983146.0
Mushrooms and truffles,Hortalizas,1974,1012417.0
Mushrooms and truffles,Hortalizas,1975,1004897.0
Mushrooms and truffles,Hortalizas,1976,1012843.0
Mushrooms and truffles,Hortalizas,1977,1102970.0
Mushrooms and truffles,Hortalizas,1978,1212158.0
Mushrooms and truffles,Hortalizas,1979,1255086.0
Mushrooms and truffles,Hortalizas,1980,1258804.0
Mushrooms and truffles,Hortalizas,1981,1257521.0
Mushrooms and truffles,Hortalizas,1982,1274096.0
Mushrooms and truffles,Hortalizas,1983,1315065.0
Mushrooms and truffles,Hortalizas,1984,1457913.0
Mushrooms and truffles,Hortalizas,1985,1514451.0
Mushrooms and truffles,Hortalizas,1986,1577114.0
Mushrooms and truffles,Hortalizas,1987,1649645.0
Mushrooms and truffles,Hortalizas,1988,1760870.0
Mushrooms and truffles,Hortalizas,1989,1868766.0
Mushrooms and truffles,Hortalizas,1990,2071093.0
Mushrooms and truffles,Hortalizas,1991,2533229.88
Mushrooms and truffles,Hortalizas,1992,2746859.63
Mushrooms and truffles,Hortalizas,1993,2794986.38
Mushrooms and truffles,Hortalizas,1994,3009969.66
Mushrooms and truffles,Hortalizas,1995,3110596.15
Mushrooms and truffles,Hortalizas,1996,3292712.63
Mushrooms and truffles,Hortalizas,1997,3472518.76
Mushrooms and truffles,Hortalizas,1998,3945235.25
Mushrooms and truffles,Hortalizas,1999,4288826.09
Mushrooms and truffles,Hortalizas,2000,8781002.72
Mushrooms and truffles,Hortalizas,2001,10021720.38
Mushrooms and truffles,Hortalizas,2002,10979678.74
Mushrooms and truffles,Hortalizas,2003,12649700.52
Mushrooms and truffles,Hortalizas,2004,13848723.79
Mushrooms and truffles,Hortalizas,2005,15572858.71
Mushrooms and truffles,Hortalizas,2006,16942909.89
Mushrooms and truffles,Hortalizas,2007,19055841.19
Mushrooms and truffles,Hortalizas,2008,20886610.67
Mushrooms and truffles,Hortalizas,2009,23176018.02
Mushrooms and truffles,Hortalizas,2010,24977027.48
Mushrooms and truffles,Hortalizas,2011,28933815.69
Mushrooms and truffles,Hortalizas,2012,31780371.08
Mushrooms and truffles,Hortalizas,2013,34283972.83
Mushrooms and truffles,Hortalizas,2014,35368307.9
Mushrooms and truffles,Hortalizas,2015,37479711.25
Mushrooms and truffles,Hortalizas,2016,38660679.56
Mushrooms and truffles,Hortalizas,2017,39835404.12
Mushrooms and truffles,Hortalizas,2018,40568111.5
Mushrooms and truffles,Hortalizas,2019,41718953.06
Mushrooms and truffles,Hortalizas,2020,42968391.85
Mushrooms and truffles,Hortalizas,2021,44190975.66
Mushrooms and truffles,Hortalizas,2022,48014568.43
Mushrooms and truffles,Hortalizas,2023,49821478.67
Mushrooms and truffles,Hortalizas,2024,51595327.3
Mustard seed,Oleaginosas y frutos secos,1961,246470.0
Mustard seed,Oleaginosas y frutos secos,1962,269792.0
Mustard seed,Oleaginosas y frutos secos,1963,272572.0
Mustard seed,Oleaginosas y frutos secos,1964,250937.0
Mustard seed,Oleaginosas y frutos secos,1965,205809.0
Mustard seed,Oleaginosas y frutos secos,1966,250721.0
Mustard seed,Oleaginosas y frutos secos,1967,264381.0
Mustard seed,Oleaginosas y frutos secos,1968,391352.0
Mustard seed,Oleaginosas y frutos secos,1969,238120.0
Mustard seed,Oleaginosas y frutos secos,1970,267988.0
Mustard seed,Oleaginosas y frutos secos,1971,246247.0
Mustard seed,Oleaginosas y frutos secos,1972,182302.0
Mustard seed,Oleaginosas y frutos secos,1973,355524.0
Mustard seed,Oleaginosas y frutos secos,1974,375583.0
Mustard seed,Oleaginosas y frutos secos,1975,170905.0
Mustard seed,Oleaginosas y frutos secos,1976,244470.0
Mustard seed,Oleaginosas y frutos secos,1977,248731.0
Mustard seed,Oleaginosas y frutos secos,1978,350702.0
Mustard seed,Oleaginosas y frutos secos,1979,256893.0
Mustard seed,Oleaginosas y frutos secos,1980,262601.0
Mustard seed,Oleaginosas y frutos secos,1981,261756.0
Mustard seed,Oleaginosas y frutos secos,1982,286291.0
Mustard seed,Oleaginosas y frutos secos,1983,289073.0
Mustard seed,Oleaginosas y frutos secos,1984,270619.0
Mustard seed,Oleaginosas y frutos secos,1985,349058.0
Mustard seed,Oleaginosas y frutos secos,1986,397345.0
Mustard seed,Oleaginosas y frutos secos,1987,293953.0
Mustard seed,Oleaginosas y frutos secos,1988,308383.0
Mustard seed,Oleaginosas y frutos secos,1989,447769.0
Mustard seed,Oleaginosas y frutos secos,1990,639901.0
Mustard seed,Oleaginosas y frutos secos,1991,379483.48
Mustard seed,Oleaginosas y frutos secos,1992,383290.66
Mustard seed,Oleaginosas y frutos secos,1993,485501.98
Mustard seed,Oleaginosas y frutos secos,1994,554213.78
Mustard seed,Oleaginosas y frutos secos,1995,489277.73
Mustard seed,Oleaginosas y frutos secos,1996,478103.58
Mustard seed,Oleaginosas y frutos secos,1997,537423.07
Mustard seed,Oleaginosas y frutos secos,1998,554362.2
Mustard seed,Oleaginosas y frutos secos,1999,636202.68
Mustard seed,Oleaginosas y frutos secos,2000,503695.0
Mustard seed,Oleaginosas y frutos secos,2001,398817.63
Mustard seed,Oleaginosas y frutos secos,2002,522481.9
Mustard seed,Oleaginosas y frutos secos,2003,704615.09
Mustard seed,Oleaginosas y frutos secos,2004,796706.97
Mustard seed,Oleaginosas y frutos secos,2005,572578.13
Mustard seed,Oleaginosas y frutos secos,2006,464544.8
Mustard seed,Oleaginosas y frutos secos,2007,417199.55
Mustard seed,Oleaginosas y frutos secos,2008,544150.17
Mustard seed,Oleaginosas y frutos secos,2009,704078.06
Mustard seed,Oleaginosas y frutos secos,2010,623519.08
Mustard seed,Oleaginosas y frutos secos,2011,588978.3
Mustard seed,Oleaginosas y frutos secos,2012,474086.11
Mustard seed,Oleaginosas y frutos secos,2013,525272.43
Mustard seed,Oleaginosas y frutos secos,2014,682761.59
Mustard seed,Oleaginosas y frutos secos,2015,536133.08
Mustard seed,Oleaginosas y frutos secos,2016,686504.39
Mustard seed,Oleaginosas y frutos secos,2017,564181.86
Mustard seed,Oleaginosas y frutos secos,2018,658600.49
Mustard seed,Oleaginosas y frutos secos,2019,656345.5
Mustard seed,Oleaginosas y frutos secos,2020,685268.17
Mustard seed,Oleaginosas y frutos secos,2021,687146.01
Mustard seed,Oleaginosas y frutos secos,2022,852225.92
Mustard seed,Oleaginosas y frutos secos,2023,923960.52
Mustard seed,Oleaginosas y frutos secos,2024,862023.6
Natural rubber in primary forms,Otros / industriales,1961,2120070.0
Natural rubber in primary forms,Otros / industriales,1962,2159128.0
Natural rubber in primary forms,Otros / industriales,1963,2223002.0
Natural rubber in primary forms,Otros / industriales,1964,2292485.0
Natural rubber in primary forms,Otros / industriales,1965,2383817.0
Natural rubber in primary forms,Otros / industriales,1966,2471089.0
Natural rubber in primary forms,Otros / industriales,1967,2473498.0
Natural rubber in primary forms,Otros / industriales,1968,2671760.0
Natural rubber in primary forms,Otros / industriales,1969,2919332.0
Natural rubber in primary forms,Otros / industriales,1970,2986300.0
Natural rubber in primary forms,Otros / industriales,1971,3036401.0
Natural rubber in primary forms,Otros / industriales,1972,3058785.0
Natural rubber in primary forms,Otros / industriales,1973,3404407.0
Natural rubber in primary forms,Otros / industriales,1974,3361652.0
Natural rubber in primary forms,Otros / industriales,1975,3269255.0
Natural rubber in primary forms,Otros / industriales,1976,3576326.0
Natural rubber in primary forms,Otros / industriales,1977,3606015.0
Natural rubber in primary forms,Otros / industriales,1978,3674133.0
Natural rubber in primary forms,Otros / industriales,1979,3800000.0
Natural rubber in primary forms,Otros / industriales,1980,3748108.0
Natural rubber in primary forms,Otros / industriales,1981,3754740.0
Natural rubber in primary forms,Otros / industriales,1982,3763673.0
Natural rubber in primary forms,Otros / industriales,1983,4035568.0
Natural rubber in primary forms,Otros / industriales,1984,4100807.0
Natural rubber in primary forms,Otros / industriales,1985,4247001.0
Natural rubber in primary forms,Otros / industriales,1986,4616828.0
Natural rubber in primary forms,Otros / industriales,1987,4824452.0
Natural rubber in primary forms,Otros / industriales,1988,5119374.0
Natural rubber in primary forms,Otros / industriales,1989,5143902.0
Natural rubber in primary forms,Otros / industriales,1990,5225364.0
Natural rubber in primary forms,Otros / industriales,1991,5181723.67
Natural rubber in primary forms,Otros / industriales,1992,5417798.41
Natural rubber in primary forms,Otros / industriales,1993,5605260.08
Natural rubber in primary forms,Otros / industriales,1994,5820598.13
Natural rubber in primary forms,Otros / industriales,1995,6077753.02
Natural rubber in primary forms,Otros / industriales,1996,6345759.76
Natural rubber in primary forms,Otros / industriales,1997,6512853.86
Natural rubber in primary forms,Otros / industriales,1998,6568417.31
Natural rubber in primary forms,Otros / industriales,1999,6732480.77
Natural rubber in primary forms,Otros / industriales,2000,7094492.53
Natural rubber in primary forms,Otros / industriales,2001,7483207.9
Natural rubber in primary forms,Otros / industriales,2002,7718453.48
Natural rubber in primary forms,Otros / industriales,2003,8410302.7
Natural rubber in primary forms,Otros / industriales,2004,9260420.11
Natural rubber in primary forms,Otros / industriales,2005,9523351.86
Natural rubber in primary forms,Otros / industriales,2006,10363033.07
Natural rubber in primary forms,Otros / industriales,2007,10590458.65
Natural rubber in primary forms,Otros / industriales,2008,10714865.46
Natural rubber in primary forms,Otros / industriales,2009,10218467.54
Natural rubber in primary forms,Otros / industriales,2010,10774029.0
Natural rubber in primary forms,Otros / industriales,2011,11548782.6
Natural rubber in primary forms,Otros / industriales,2012,12623672.43
Natural rubber in primary forms,Otros / industriales,2013,13033299.92
Natural rubber in primary forms,Otros / industriales,2014,13288231.27
Natural rubber in primary forms,Otros / industriales,2015,13265318.29
Natural rubber in primary forms,Otros / industriales,2016,13519064.06
Natural rubber in primary forms,Otros / industriales,2017,13812910.21
Natural rubber in primary forms,Otros / industriales,2018,14158993.66
Natural rubber in primary forms,Otros / industriales,2019,14448473.6
Natural rubber in primary forms,Otros / industriales,2020,14244822.06
Natural rubber in primary forms,Otros / industriales,2021,14687911.71
Natural rubber in primary forms,Otros / industriales,2022,14652711.66
Natural rubber in primary forms,Otros / industriales,2023,14631998.01
Natural rubber in primary forms,Otros / industriales,2024,14829085.3
"Nutmeg, mace, cardamoms, raw",Estimulantes y especias,1961,11607.0
"Nutmeg, mace, cardamoms, raw",Estimulantes y especias,1962,12506.0
"Nutmeg, mace, cardamoms, raw",Estimulantes y especias,1963,15529.0
"Nutmeg, mace, cardamoms, raw",Estimulantes y especias,1964,16182.0
"Nutmeg, mace, cardamoms, raw",Estimulantes y especias,1965,15418.0
"Nutmeg, mace, cardamoms, raw",Estimulantes y especias,1966,16662.0
"Nutmeg, mace, cardamoms, raw",Estimulantes y especias,1967,16411.0
"Nutmeg, mace, cardamoms, raw",Estimulantes y especias,1968,17617.0
"Nutmeg, mace, cardamoms, raw",Estimulantes y especias,1969,19101.0
"Nutmeg, mace, cardamoms, raw",Estimulantes y especias,1970,20814.0
"Nutmeg, mace, cardamoms, raw",Estimulantes y especias,1971,20744.0
"Nutmeg, mace, cardamoms, raw",Estimulantes y especias,1972,21133.0
"Nutmeg, mace, cardamoms, raw",Estimulantes y especias,1973,23246.0
"Nutmeg, mace, cardamoms, raw",Estimulantes y especias,1974,27756.0
"Nutmeg, mace, cardamoms, raw",Estimulantes y especias,1975,30494.0
"Nutmeg, mace, cardamoms, raw",Estimulantes y especias,1976,29652.0
"Nutmeg, mace, cardamoms, raw",Estimulantes y especias,1977,36258.0
"Nutmeg, mace, cardamoms, raw",Estimulantes y especias,1978,34823.0
"Nutmeg, mace, cardamoms, raw",Estimulantes y especias,1979,36303.0
"Nutmeg, mace, cardamoms, raw",Estimulantes y especias,1980,38878.0
"Nutmeg, mace, cardamoms, raw",Estimulantes y especias,1981,44214.0
"Nutmeg, mace, cardamoms, raw",Estimulantes y especias,1982,39990.0
"Nutmeg, mace, cardamoms, raw",Estimulantes y especias,1983,41648.0
"Nutmeg, mace, cardamoms, raw",Estimulantes y especias,1984,46078.0
"Nutmeg, mace, cardamoms, raw",Estimulantes y especias,1985,42957.0
"Nutmeg, mace, cardamoms, raw",Estimulantes y especias,1986,46589.0
"Nutmeg, mace, cardamoms, raw",Estimulantes y especias,1987,49492.0
"Nutmeg, mace, cardamoms, raw",Estimulantes y especias,1988,48015.0
"Nutmeg, mace, cardamoms, raw",Estimulantes y especias,1989,51687.0
"Nutmeg, mace, cardamoms, raw",Estimulantes y especias,1990,53424.0
"Nutmeg, mace, cardamoms, raw",Estimulantes y especias,1991,54499.8
"Nutmeg, mace, cardamoms, raw",Estimulantes y especias,1992,56643.6
"Nutmeg, mace, cardamoms, raw",Estimulantes y especias,1993,62802.37
"Nutmeg, mace, cardamoms, raw",Estimulantes y especias,1994,63386.41
"Nutmeg, mace, cardamoms, raw",Estimulantes y especias,1995,63808.27
"Nutmeg, mace, cardamoms, raw",Estimulantes y especias,1996,70090.6
"Nutmeg, mace, cardamoms, raw",Estimulantes y especias,1997,70311.02
"Nutmeg, mace, cardamoms, raw",Estimulantes y especias,1998,63729.85
"Nutmeg, mace, cardamoms, raw",Estimulantes y especias,1999,56228.92
"Nutmeg, mace, cardamoms, raw",Estimulantes y especias,2000,67624.1
"Nutmeg, mace, cardamoms, raw",Estimulantes y especias,2001,71889.91
"Nutmeg, mace, cardamoms, raw",Estimulantes y especias,2002,78902.8
"Nutmeg, mace, cardamoms, raw",Estimulantes y especias,2003,84393.65
"Nutmeg, mace, cardamoms, raw",Estimulantes y especias,2004,77157.53
"Nutmeg, mace, cardamoms, raw",Estimulantes y especias,2005,80159.13
"Nutmeg, mace, cardamoms, raw",Estimulantes y especias,2006,86432.92
"Nutmeg, mace, cardamoms, raw",Estimulantes y especias,2007,80991.36
"Nutmeg, mace, cardamoms, raw",Estimulantes y especias,2008,89930.04
"Nutmeg, mace, cardamoms, raw",Estimulantes y especias,2009,71855.51
"Nutmeg, mace, cardamoms, raw",Estimulantes y especias,2010,67892.52
"Nutmeg, mace, cardamoms, raw",Estimulantes y especias,2011,75314.51
"Nutmeg, mace, cardamoms, raw",Estimulantes y especias,2012,93497.94
"Nutmeg, mace, cardamoms, raw",Estimulantes y especias,2013,99556.44
"Nutmeg, mace, cardamoms, raw",Estimulantes y especias,2014,108447.4
"Nutmeg, mace, cardamoms, raw",Estimulantes y especias,2015,108160.35
"Nutmeg, mace, cardamoms, raw",Estimulantes y especias,2016,126229.49
"Nutmeg, mace, cardamoms, raw",Estimulantes y especias,2017,133411.03
"Nutmeg, mace, cardamoms, raw",Estimulantes y especias,2018,146360.39
"Nutmeg, mace, cardamoms, raw",Estimulantes y especias,2019,144511.07
"Nutmeg, mace, cardamoms, raw",Estimulantes y especias,2020,150993.86
"Nutmeg, mace, cardamoms, raw",Estimulantes y especias,2021,176499.26
"Nutmeg, mace, cardamoms, raw",Estimulantes y especias,2022,202328.78
"Nutmeg, mace, cardamoms, raw",Estimulantes y especias,2023,218248.95
"Nutmeg, mace, cardamoms, raw",Estimulantes y especias,2024,197198.64
Oats,Cereales,1961,49588769.0
Oats,Cereales,1962,49474859.0
Oats,Cereales,1963,46525676.0
Oats,Cereales,1964,43240949.0
Oats,Cereales,1965,45356066.0
Oats,Cereales,1966,46804132.0
Oats,Cereales,1967,48699016.0
Oats,Cereales,1968,51977882.0
Oats,Cereales,1969,52539433.0
Oats,Cereales,1970,52411105.0
Oats,Cereales,1971,54506300.0
Oats,Cereales,1972,48328646.0
Oats,Cereales,1973,50731657.0
Oats,Cereales,1974,47459212.0
Oats,Cereales,1975,45418289.0
Oats,Cereales,1976,46664881.0
Oats,Cereales,1977,49084598.0
Oats,Cereales,1978,48338998.0
Oats,Cereales,1979,42113687.0
Oats,Cereales,1980,41433288.0
Oats,Cereales,1981,40288464.0
Oats,Cereales,1982,46257248.0
Oats,Cereales,1983,44180637.0
Oats,Cereales,1984,46208500.0
Oats,Cereales,1985,47425037.0
Oats,Cereales,1986,44448539.0
Oats,Cereales,1987,40737519.0
Oats,Cereales,1988,35412694.0
Oats,Cereales,1989,39731041.0
Oats,Cereales,1990,39917119.0
Oats,Cereales,1991,33578688.2
Oats,Cereales,1992,34586905.79
Oats,Cereales,1993,36025853.44
Oats,Cereales,1994,33937929.22
Oats,Cereales,1995,28926843.5
Oats,Cereales,1996,31104303.78
Oats,Cereales,1997,31991360.76
Oats,Cereales,1998,26397226.64
Oats,Cereales,1999,24168488.0
Oats,Cereales,2000,26046310.33
Oats,Cereales,2001,27319323.21
Oats,Cereales,2002,25605077.48
Oats,Cereales,2003,26696054.99
Oats,Cereales,2004,25838388.23
Oats,Cereales,2005,23971520.79
Oats,Cereales,2006,22591099.54
Oats,Cereales,2007,25506181.39
Oats,Cereales,2008,25986542.85
Oats,Cereales,2009,23395656.48
Oats,Cereales,2010,19199275.44
Oats,Cereales,2011,22992999.73
Oats,Cereales,2012,20999282.75
Oats,Cereales,2013,24008372.79
Oats,Cereales,2014,22928294.45
Oats,Cereales,2015,22865028.0
Oats,Cereales,2016,24482435.74
Oats,Cereales,2017,24338007.17
Oats,Cereales,2018,22535251.11
Oats,Cereales,2019,23163392.68
Oats,Cereales,2020,26023674.69
Oats,Cereales,2021,22408265.08
Oats,Cereales,2022,25503091.16
Oats,Cereales,2023,18511880.72
Oats,Cereales,2024,22432282.2
Olives,Oleaginosas y frutos secos,1961,8205586.0
Olives,Oleaginosas y frutos secos,1962,5410901.0
Olives,Oleaginosas y frutos secos,1963,9952300.0
Olives,Oleaginosas y frutos secos,1964,5494727.0
Olives,Oleaginosas y frutos secos,1965,7053370.0
Olives,Oleaginosas y frutos secos,1966,7037893.0
Olives,Oleaginosas y frutos secos,1967,7532741.0
Olives,Oleaginosas y frutos secos,1968,7769049.0
Olives,Oleaginosas y frutos secos,1969,6802599.0
Olives,Oleaginosas y frutos secos,1970,7527383.0
Olives,Oleaginosas y frutos secos,1971,8343893.0
Olives,Oleaginosas y frutos secos,1972,8066311.0
Olives,Oleaginosas y frutos secos,1973,8282052.0
Olives,Oleaginosas y frutos secos,1974,8034544.0
Olives,Oleaginosas y frutos secos,1975,9909121.0
Olives,Oleaginosas y frutos secos,1976,8019757.0
Olives,Oleaginosas y frutos secos,1977,8803486.0
Olives,Oleaginosas y frutos secos,1978,9430607.0
Olives,Oleaginosas y frutos secos,1979,8304959.0
Olives,Oleaginosas y frutos secos,1980,11217525.0
Olives,Oleaginosas y frutos secos,1981,8078302.0
Olives,Oleaginosas y frutos secos,1982,11058712.0
Olives,Oleaginosas y frutos secos,1983,9283618.0
Olives,Oleaginosas y frutos secos,1984,9577005.0
Olives,Oleaginosas y frutos secos,1985,9875913.0
Olives,Oleaginosas y frutos secos,1986,9217988.0
Olives,Oleaginosas y frutos secos,1987,11433059.0
Olives,Oleaginosas y frutos secos,1988,9079745.0
Olives,Oleaginosas y frutos secos,1989,10513144.0
Olives,Oleaginosas y frutos secos,1990,9023906.0
Olives,Oleaginosas y frutos secos,1991,12811899.28
Olives,Oleaginosas y frutos secos,1992,10926589.94
Olives,Oleaginosas y frutos secos,1993,10929163.25
Olives,Oleaginosas y frutos secos,1994,11473084.23
Olives,Oleaginosas y frutos secos,1995,10210861.69
Olives,Oleaginosas y frutos secos,1996,15457160.67
Olives,Oleaginosas y frutos secos,1997,15101143.6
Olives,Oleaginosas y frutos secos,1998,14844708.8
Olives,Oleaginosas y frutos secos,1999,14083780.29
Olives,Oleaginosas y frutos secos,2000,15654216.91
Olives,Oleaginosas y frutos secos,2001,15334344.8
Olives,Oleaginosas y frutos secos,2002,15965256.21
Olives,Oleaginosas y frutos secos,2003,18463928.76
Olives,Oleaginosas y frutos secos,2004,18051285.02
Olives,Oleaginosas y frutos secos,2005,15965113.05
Olives,Oleaginosas y frutos secos,2006,18714245.25
Olives,Oleaginosas y frutos secos,2007,16980268.31
Olives,Oleaginosas y frutos secos,2008,17783464.85
Olives,Oleaginosas y frutos secos,2009,19023210.88
Olives,Oleaginosas y frutos secos,2010,20627813.02
Olives,Oleaginosas y frutos secos,2011,21305132.43
Olives,Oleaginosas y frutos secos,2012,17879311.76
Olives,Oleaginosas y frutos secos,2013,22068199.53
Olives,Oleaginosas y frutos secos,2014,16336537.23
Olives,Oleaginosas y frutos secos,2015,20918575.73
Olives,Oleaginosas y frutos secos,2016,20049975.23
Olives,Oleaginosas y frutos secos,2017,21363531.04
Olives,Oleaginosas y frutos secos,2018,24574824.38
Olives,Oleaginosas y frutos secos,2019,21619521.19
Olives,Oleaginosas y frutos secos,2020,23900822.17
Olives,Oleaginosas y frutos secos,2021,23628117.77
Olives,Oleaginosas y frutos secos,2022,21556646.4
Olives,Oleaginosas y frutos secos,2023,19767829.18
Olives,Oleaginosas y frutos secos,2024,25551898.88
"Onions and shallots, dry (excluding dehydrated)",Hortalizas,1961,13913968.0
"Onions and shallots, dry (excluding dehydrated)",Hortalizas,1962,14014801.0
"Onions and shallots, dry (excluding dehydrated)",Hortalizas,1963,14217982.0
"Onions and shallots, dry (excluding dehydrated)",Hortalizas,1964,14362763.0
"Onions and shallots, dry (excluding dehydrated)",Hortalizas,1965,14613696.0
"Onions and shallots, dry (excluding dehydrated)",Hortalizas,1966,15018060.0
"Onions and shallots, dry (excluding dehydrated)",Hortalizas,1967,15913674.0
"Onions and shallots, dry (excluding dehydrated)",Hortalizas,1968,16126559.0
"Onions and shallots, dry (excluding dehydrated)",Hortalizas,1969,16816682.0
"Onions and shallots, dry (excluding dehydrated)",Hortalizas,1970,16398556.0
"Onions and shallots, dry (excluding dehydrated)",Hortalizas,1971,17166091.0
"Onions and shallots, dry (excluding dehydrated)",Hortalizas,1972,16792919.0
"Onions and shallots, dry (excluding dehydrated)",Hortalizas,1973,17829676.0
"Onions and shallots, dry (excluding dehydrated)",Hortalizas,1974,18791359.0
"Onions and shallots, dry (excluding dehydrated)",Hortalizas,1975,18347163.0
"Onions and shallots, dry (excluding dehydrated)",Hortalizas,1976,19084312.0
"Onions and shallots, dry (excluding dehydrated)",Hortalizas,1977,21001213.0
"Onions and shallots, dry (excluding dehydrated)",Hortalizas,1978,21859306.0
"Onions and shallots, dry (excluding dehydrated)",Hortalizas,1979,22583610.0
"Onions and shallots, dry (excluding dehydrated)",Hortalizas,1980,21999827.0
"Onions and shallots, dry (excluding dehydrated)",Hortalizas,1981,22995559.0
"Onions and shallots, dry (excluding dehydrated)",Hortalizas,1982,24626259.0
"Onions and shallots, dry (excluding dehydrated)",Hortalizas,1983,24374929.0
"Onions and shallots, dry (excluding dehydrated)",Hortalizas,1984,25682301.0
"Onions and shallots, dry (excluding dehydrated)",Hortalizas,1985,26802020.0
"Onions and shallots, dry (excluding dehydrated)",Hortalizas,1986,27453851.0
"Onions and shallots, dry (excluding dehydrated)",Hortalizas,1987,28370067.0
"Onions and shallots, dry (excluding dehydrated)",Hortalizas,1988,28902435.0
"Onions and shallots, dry (excluding dehydrated)",Hortalizas,1989,28866815.0
"Onions and shallots, dry (excluding dehydrated)",Hortalizas,1990,30095913.0
"Onions and shallots, dry (excluding dehydrated)",Hortalizas,1991,32027356.98
"Onions and shallots, dry (excluding dehydrated)",Hortalizas,1992,34024845.28
"Onions and shallots, dry (excluding dehydrated)",Hortalizas,1993,34803420.02
"Onions and shallots, dry (excluding dehydrated)",Hortalizas,1994,36435010.34
"Onions and shallots, dry (excluding dehydrated)",Hortalizas,1995,39814207.3
"Onions and shallots, dry (excluding dehydrated)",Hortalizas,1996,41046014.32
"Onions and shallots, dry (excluding dehydrated)",Hortalizas,1997,40975824.44
"Onions and shallots, dry (excluding dehydrated)",Hortalizas,1998,45677408.25
"Onions and shallots, dry (excluding dehydrated)",Hortalizas,1999,49049608.69
"Onions and shallots, dry (excluding dehydrated)",Hortalizas,2000,49974097.57
"Onions and shallots, dry (excluding dehydrated)",Hortalizas,2001,52045250.07
"Onions and shallots, dry (excluding dehydrated)",Hortalizas,2002,52769664.1
"Onions and shallots, dry (excluding dehydrated)",Hortalizas,2003,56266084.34
"Onions and shallots, dry (excluding dehydrated)",Hortalizas,2004,62485092.63
"Onions and shallots, dry (excluding dehydrated)",Hortalizas,2005,65810305.06
"Onions and shallots, dry (excluding dehydrated)",Hortalizas,2006,68226514.22
"Onions and shallots, dry (excluding dehydrated)",Hortalizas,2007,73871180.91
"Onions and shallots, dry (excluding dehydrated)",Hortalizas,2008,75097790.61
"Onions and shallots, dry (excluding dehydrated)",Hortalizas,2009,74469403.16
"Onions and shallots, dry (excluding dehydrated)",Hortalizas,2010,79275821.16
"Onions and shallots, dry (excluding dehydrated)",Hortalizas,2011,84823264.21
"Onions and shallots, dry (excluding dehydrated)",Hortalizas,2012,82858512.79
"Onions and shallots, dry (excluding dehydrated)",Hortalizas,2013,85005506.89
"Onions and shallots, dry (excluding dehydrated)",Hortalizas,2014,89655232.54
"Onions and shallots, dry (excluding dehydrated)",Hortalizas,2015,92242611.82
"Onions and shallots, dry (excluding dehydrated)",Hortalizas,2016,95541120.47
"Onions and shallots, dry (excluding dehydrated)",Hortalizas,2017,97937827.64
"Onions and shallots, dry (excluding dehydrated)",Hortalizas,2018,98359085.77
"Onions and shallots, dry (excluding dehydrated)",Hortalizas,2019,100745498.05
"Onions and shallots, dry (excluding dehydrated)",Hortalizas,2020,105249649.31
"Onions and shallots, dry (excluding dehydrated)",Hortalizas,2021,108033891.3
"Onions and shallots, dry (excluding dehydrated)",Hortalizas,2022,111842449.52
"Onions and shallots, dry (excluding dehydrated)",Hortalizas,2023,111359413.65
"Onions and shallots, dry (excluding dehydrated)",Hortalizas,2024,108260011.29
"Onions and shallots, green",Hortalizas,1961,871594.0
"Onions and shallots, green",Hortalizas,1962,981411.0
"Onions and shallots, green",Hortalizas,1963,1061018.0
"Onions and shallots, green",Hortalizas,1964,1164370.0
"Onions and shallots, green",Hortalizas,1965,1170266.0
"Onions and shallots, green",Hortalizas,1966,1201791.0
"Onions and shallots, green",Hortalizas,1967,1222975.0
"Onions and shallots, green",Hortalizas,1968,1259796.0
"Onions and shallots, green",Hortalizas,1969,1337426.0
"Onions and shallots, green",Hortalizas,1970,1329878.0
"Onions and shallots, green",Hortalizas,1971,1339097.0
"Onions and shallots, green",Hortalizas,1972,1331958.0
"Onions and shallots, green",Hortalizas,1973,1272482.0
"Onions and shallots, green",Hortalizas,1974,1296882.0
"Onions and shallots, green",Hortalizas,1975,1402561.0
"Onions and shallots, green",Hortalizas,1976,1400468.0
"Onions and shallots, green",Hortalizas,1977,1590609.0
"Onions and shallots, green",Hortalizas,1978,1612411.0
"Onions and shallots, green",Hortalizas,1979,1924511.0
"Onions and shallots, green",Hortalizas,1980,1924840.0
"Onions and shallots, green",Hortalizas,1981,1967041.0
"Onions and shallots, green",Hortalizas,1982,2062050.0
"Onions and shallots, green",Hortalizas,1983,1990417.0
"Onions and shallots, green",Hortalizas,1984,2195105.0
"Onions and shallots, green",Hortalizas,1985,2299935.0
"Onions and shallots, green",Hortalizas,1986,2442173.0
"Onions and shallots, green",Hortalizas,1987,2297031.0
"Onions and shallots, green",Hortalizas,1988,2401073.0
"Onions and shallots, green",Hortalizas,1989,2415114.0
"Onions and shallots, green",Hortalizas,1990,2509379.0
"Onions and shallots, green",Hortalizas,1991,2770425.54
"Onions and shallots, green",Hortalizas,1992,2813619.67
"Onions and shallots, green",Hortalizas,1993,2886372.25
"Onions and shallots, green",Hortalizas,1994,3135572.03
"Onions and shallots, green",Hortalizas,1995,3250094.12
"Onions and shallots, green",Hortalizas,1996,3274769.83
"Onions and shallots, green",Hortalizas,1997,3288305.83
"Onions and shallots, green",Hortalizas,1998,3201282.58
"Onions and shallots, green",Hortalizas,1999,3398233.45
"Onions and shallots, green",Hortalizas,2000,3658436.71
"Onions and shallots, green",Hortalizas,2001,3947494.69
"Onions and shallots, green",Hortalizas,2002,4038366.95
"Onions and shallots, green",Hortalizas,2003,4112271.58
"Onions and shallots, green",Hortalizas,2004,4420609.5
"Onions and shallots, green",Hortalizas,2005,4185087.88
"Onions and shallots, green",Hortalizas,2006,4560915.07
"Onions and shallots, green",Hortalizas,2007,4509941.02
"Onions and shallots, green",Hortalizas,2008,4699110.0
"Onions and shallots, green",Hortalizas,2009,4731301.41
"Onions and shallots, green",Hortalizas,2010,4682569.81
"Onions and shallots, green",Hortalizas,2011,4911784.48
"Onions and shallots, green",Hortalizas,2012,4871115.06
"Onions and shallots, green",Hortalizas,2013,4947905.83
"Onions and shallots, green",Hortalizas,2014,4805967.85
"Onions and shallots, green",Hortalizas,2015,4931559.14
"Onions and shallots, green",Hortalizas,2016,5062588.38
"Onions and shallots, green",Hortalizas,2017,5217599.53
"Onions and shallots, green",Hortalizas,2018,5156709.18
"Onions and shallots, green",Hortalizas,2019,4913907.82
"Onions and shallots, green",Hortalizas,2020,5155535.18
"Onions and shallots, green",Hortalizas,2021,5266228.85
"Onions and shallots, green",Hortalizas,2022,5021117.32
"Onions and shallots, green",Hortalizas,2023,5332556.54
"Onions and shallots, green",Hortalizas,2024,5576778.38
Oranges,Frutas,1961,15971472.0
Oranges,Frutas,1962,16624907.0
Oranges,Frutas,1963,16652757.0
Oranges,Frutas,1964,16600897.0
Oranges,Frutas,1965,18760889.0
Oranges,Frutas,1966,20767633.0
Oranges,Frutas,1967,23441781.0
Oranges,Frutas,1968,22023651.0
Oranges,Frutas,1969,25186550.0
Oranges,Frutas,1970,24923089.0
Oranges,Frutas,1971,26374225.0
Oranges,Frutas,1972,27704443.0
Oranges,Frutas,1973,30629209.0
Oranges,Frutas,1974,31433112.0
Oranges,Frutas,1975,32294180.0
Oranges,Frutas,1976,34026344.0
Oranges,Frutas,1977,33896071.0
Oranges,Frutas,1978,33861372.0
Oranges,Frutas,1979,34767271.0
Oranges,Frutas,1980,40008341.0
Oranges,Frutas,1981,39680301.0
Oranges,Frutas,1982,38124487.0
Oranges,Frutas,1983,41532538.0
Oranges,Frutas,1984,38982826.0
Oranges,Frutas,1985,40868713.0
Oranges,Frutas,1986,42229643.0
Oranges,Frutas,1987,43794785.0
Oranges,Frutas,1988,46053024.0
Oranges,Frutas,1989,50870196.0
Oranges,Frutas,1990,49697967.38
Oranges,Frutas,1991,50857144.7
Oranges,Frutas,1992,52904667.57
Oranges,Frutas,1993,54162584.14
Oranges,Frutas,1994,52399675.23
Oranges,Frutas,1995,56381582.54
Oranges,Frutas,1996,58203988.8
Oranges,Frutas,1997,62492157.13
Oranges,Frutas,1998,58891776.41
Oranges,Frutas,1999,58699322.65
Oranges,Frutas,2000,60840476.95
Oranges,Frutas,2001,57435962.66
Oranges,Frutas,2002,59201589.11
Oranges,Frutas,2003,57472197.94
Oranges,Frutas,2004,62317691.13
Oranges,Frutas,2005,60178062.26
Oranges,Frutas,2006,62377957.05
Oranges,Frutas,2007,62869833.52
Oranges,Frutas,2008,66258200.85
Oranges,Frutas,2009,65276005.05
Oranges,Frutas,2010,67010798.16
Oranges,Frutas,2011,67856093.57
Oranges,Frutas,2012,65759189.23
Oranges,Frutas,2013,68821828.4
Oranges,Frutas,2014,67374839.76
Oranges,Frutas,2015,67561198.36
Oranges,Frutas,2016,67566562.75
Oranges,Frutas,2017,67670392.34
Oranges,Frutas,2018,66889793.33
Oranges,Frutas,2019,68397389.91
Oranges,Frutas,2020,68784913.9
Oranges,Frutas,2021,68173905.02
Oranges,Frutas,2022,68061740.03
Oranges,Frutas,2023,69254941.47
Oranges,Frutas,2024,67244550.08
"Other beans, green",Hortalizas,1961,2631963.0
"Other beans, green",Hortalizas,1962,2576507.0
"Other beans, green",Hortalizas,1963,2638398.0
"Other beans, green",Hortalizas,1964,2734254.0
"Other beans, green",Hortalizas,1965,2716611.0
"Other beans, green",Hortalizas,1966,2804781.0
"Other beans, green",Hortalizas,1967,2846978.0
"Other beans, green",Hortalizas,1968,2853495.0
"Other beans, green",Hortalizas,1969,2958838.0
"Other beans, green",Hortalizas,1970,3069282.0
"Other beans, green",Hortalizas,1971,3126826.0
"Other beans, green",Hortalizas,1972,3226596.0
"Other beans, green",Hortalizas,1973,3288516.0
"Other beans, green",Hortalizas,1974,3435673.0
"Other beans, green",Hortalizas,1975,3431648.0
"Other beans, green",Hortalizas,1976,3347376.0
"Other beans, green",Hortalizas,1977,3622131.0
"Other beans, green",Hortalizas,1978,3660991.0
"Other beans, green",Hortalizas,1979,3818556.0
"Other beans, green",Hortalizas,1980,3854022.0
"Other beans, green",Hortalizas,1981,4087039.0
"Other beans, green",Hortalizas,1982,4321350.0
"Other beans, green",Hortalizas,1983,4383843.0
"Other beans, green",Hortalizas,1984,4737113.0
"Other beans, green",Hortalizas,1985,4908968.0
"Other beans, green",Hortalizas,1986,4885502.0
"Other beans, green",Hortalizas,1987,5121947.0
"Other beans, green",Hortalizas,1988,5375361.0
"Other beans, green",Hortalizas,1989,5785470.0
"Other beans, green",Hortalizas,1990,5942813.0
"Other beans, green",Hortalizas,1991,6177774.44
"Other beans, green",Hortalizas,1992,6694025.45
"Other beans, green",Hortalizas,1993,6862465.77
"Other beans, green",Hortalizas,1994,6989128.44
"Other beans, green",Hortalizas,1995,8596790.31
"Other beans, green",Hortalizas,1996,8869375.66
"Other beans, green",Hortalizas,1997,8978351.35
"Other beans, green",Hortalizas,1998,9239841.05
"Other beans, green",Hortalizas,1999,9662026.59
"Other beans, green",Hortalizas,2000,9962238.37
"Other beans, green",Hortalizas,2001,11034356.87
"Other beans, green",Hortalizas,2002,11769777.75
"Other beans, green",Hortalizas,2003,12974814.36
"Other beans, green",Hortalizas,2004,13876128.42
"Other beans, green",Hortalizas,2005,15550627.25
"Other beans, green",Hortalizas,2006,17314693.29
"Other beans, green",Hortalizas,2007,18108197.64
"Other beans, green",Hortalizas,2008,19048037.75
"Other beans, green",Hortalizas,2009,19278020.65
"Other beans, green",Hortalizas,2010,19901261.65
"Other beans, green",Hortalizas,2011,20372019.73
"Other beans, green",Hortalizas,2012,21313529.4
"Other beans, green",Hortalizas,2013,21978136.43
"Other beans, green",Hortalizas,2014,22437004.26
"Other beans, green",Hortalizas,2015,25382522.42
"Other beans, green",Hortalizas,2016,24028430.45
"Other beans, green",Hortalizas,2017,24240980.37
"Other beans, green",Hortalizas,2018,24978691.17
"Other beans, green",Hortalizas,2019,25322541.92
"Other beans, green",Hortalizas,2020,25556241.93
"Other beans, green",Hortalizas,2021,25662299.07
"Other beans, green",Hortalizas,2022,25783503.72
"Other beans, green",Hortalizas,2023,25859721.92
"Other beans, green",Hortalizas,2024,25931333.18
"Other fibre crops, raw, n.e.c.",Fibras,1961,114511.0
"Other fibre crops, raw, n.e.c.",Fibras,1962,120360.0
"Other fibre crops, raw, n.e.c.",Fibras,1963,124713.0
"Other fibre crops, raw, n.e.c.",Fibras,1964,125312.0
"Other fibre crops, raw, n.e.c.",Fibras,1965,117890.0
"Other fibre crops, raw, n.e.c.",Fibras,1966,127914.0
"Other fibre crops, raw, n.e.c.",Fibras,1967,125323.0
"Other fibre crops, raw, n.e.c.",Fibras,1968,134150.0
"Other fibre crops, raw, n.e.c.",Fibras,1969,123493.0
"Other fibre crops, raw, n.e.c.",Fibras,1970,138017.0
"Other fibre crops, raw, n.e.c.",Fibras,1971,144453.0
"Other fibre crops, raw, n.e.c.",Fibras,1972,157608.0
"Other fibre crops, raw, n.e.c.",Fibras,1973,176646.0
"Other fibre crops, raw, n.e.c.",Fibras,1974,190341.0
"Other fibre crops, raw, n.e.c.",Fibras,1975,191813.0
"Other fibre crops, raw, n.e.c.",Fibras,1976,203116.0
"Other fibre crops, raw, n.e.c.",Fibras,1977,207252.0
"Other fibre crops, raw, n.e.c.",Fibras,1978,219082.0
"Other fibre crops, raw, n.e.c.",Fibras,1979,219391.0
"Other fibre crops, raw, n.e.c.",Fibras,1980,225264.0
"Other fibre crops, raw, n.e.c.",Fibras,1981,234570.0
"Other fibre crops, raw, n.e.c.",Fibras,1982,249532.0
"Other fibre crops, raw, n.e.c.",Fibras,1983,254776.0
"Other fibre crops, raw, n.e.c.",Fibras,1984,252560.0
"Other fibre crops, raw, n.e.c.",Fibras,1985,273186.0
"Other fibre crops, raw, n.e.c.",Fibras,1986,287738.0
"Other fibre crops, raw, n.e.c.",Fibras,1987,302197.0
"Other fibre crops, raw, n.e.c.",Fibras,1988,288380.0
"Other fibre crops, raw, n.e.c.",Fibras,1989,251445.0
"Other fibre crops, raw, n.e.c.",Fibras,1990,236635.0
"Other fibre crops, raw, n.e.c.",Fibras,1991,226484.66
"Other fibre crops, raw, n.e.c.",Fibras,1992,249237.2
"Other fibre crops, raw, n.e.c.",Fibras,1993,232012.1
"Other fibre crops, raw, n.e.c.",Fibras,1994,246132.52
"Other fibre crops, raw, n.e.c.",Fibras,1995,270237.01
"Other fibre crops, raw, n.e.c.",Fibras,1996,279990.16
"Other fibre crops, raw, n.e.c.",Fibras,1997,304965.58
"Other fibre crops, raw, n.e.c.",Fibras,1998,297128.49
"Other fibre crops, raw, n.e.c.",Fibras,1999,295100.55
"Other fibre crops, raw, n.e.c.",Fibras,2000,270154.14
"Other fibre crops, raw, n.e.c.",Fibras,2001,278556.92
"Other fibre crops, raw, n.e.c.",Fibras,2002,279574.58
"Other fibre crops, raw, n.e.c.",Fibras,2003,287559.43
"Other fibre crops, raw, n.e.c.",Fibras,2004,280807.41
"Other fibre crops, raw, n.e.c.",Fibras,2005,284774.44
"Other fibre crops, raw, n.e.c.",Fibras,2006,316073.23
"Other fibre crops, raw, n.e.c.",Fibras,2007,296836.63
"Other fibre crops, raw, n.e.c.",Fibras,2008,271277.77
"Other fibre crops, raw, n.e.c.",Fibras,2009,262177.69
"Other fibre crops, raw, n.e.c.",Fibras,2010,571827.02
"Other fibre crops, raw, n.e.c.",Fibras,2011,586648.19
"Other fibre crops, raw, n.e.c.",Fibras,2012,586799.75
"Other fibre crops, raw, n.e.c.",Fibras,2013,583848.09
"Other fibre crops, raw, n.e.c.",Fibras,2014,623961.9
"Other fibre crops, raw, n.e.c.",Fibras,2015,594626.11
"Other fibre crops, raw, n.e.c.",Fibras,2016,636041.73
"Other fibre crops, raw, n.e.c.",Fibras,2017,656906.42
"Other fibre crops, raw, n.e.c.",Fibras,2018,446756.99
"Other fibre crops, raw, n.e.c.",Fibras,2019,467868.85
"Other fibre crops, raw, n.e.c.",Fibras,2020,740581.57
"Other fibre crops, raw, n.e.c.",Fibras,2021,670329.73
"Other fibre crops, raw, n.e.c.",Fibras,2022,639172.75
"Other fibre crops, raw, n.e.c.",Fibras,2023,655035.61
"Other fibre crops, raw, n.e.c.",Fibras,2024,659966.83
"Other fruits, n.e.c.",Frutas,1961,6567465.0
"Other fruits, n.e.c.",Frutas,1962,6593442.0
"Other fruits, n.e.c.",Frutas,1963,6660815.0
"Other fruits, n.e.c.",Frutas,1964,7014681.0
"Other fruits, n.e.c.",Frutas,1965,7081241.0
"Other fruits, n.e.c.",Frutas,1966,7444767.0
"Other fruits, n.e.c.",Frutas,1967,7675478.0
"Other fruits, n.e.c.",Frutas,1968,7844032.0
"Other fruits, n.e.c.",Frutas,1969,7867838.0
"Other fruits, n.e.c.",Frutas,1970,7762580.0
"Other fruits, n.e.c.",Frutas,1971,7997341.0
"Other fruits, n.e.c.",Frutas,1972,8094810.0
"Other fruits, n.e.c.",Frutas,1973,8270800.0
"Other fruits, n.e.c.",Frutas,1974,8683605.0
"Other fruits, n.e.c.",Frutas,1975,8836850.0
"Other fruits, n.e.c.",Frutas,1976,8944435.0
"Other fruits, n.e.c.",Frutas,1977,8946698.0
"Other fruits, n.e.c.",Frutas,1978,9235306.0
"Other fruits, n.e.c.",Frutas,1979,9448808.0
"Other fruits, n.e.c.",Frutas,1980,9767821.0
"Other fruits, n.e.c.",Frutas,1981,10208514.0
"Other fruits, n.e.c.",Frutas,1982,10504894.0
"Other fruits, n.e.c.",Frutas,1983,11059960.0
"Other fruits, n.e.c.",Frutas,1984,12275814.0
"Other fruits, n.e.c.",Frutas,1985,12310459.0
"Other fruits, n.e.c.",Frutas,1986,13638103.0
"Other fruits, n.e.c.",Frutas,1987,13658390.0
"Other fruits, n.e.c.",Frutas,1988,13212437.0
"Other fruits, n.e.c.",Frutas,1989,13636845.0
"Other fruits, n.e.c.",Frutas,1990,13450954.75
"Other fruits, n.e.c.",Frutas,1991,13910551.77
"Other fruits, n.e.c.",Frutas,1992,15743460.94
"Other fruits, n.e.c.",Frutas,1993,16376962.49
"Other fruits, n.e.c.",Frutas,1994,16987365.87
"Other fruits, n.e.c.",Frutas,1995,18040652.75
"Other fruits, n.e.c.",Frutas,1996,22262607.9
"Other fruits, n.e.c.",Frutas,1997,21225415.23
"Other fruits, n.e.c.",Frutas,1998,23512263.72
"Other fruits, n.e.c.",Frutas,1999,21984424.15
"Other fruits, n.e.c.",Frutas,2000,22828390.43
"Other fruits, n.e.c.",Frutas,2001,23253497.14
"Other fruits, n.e.c.",Frutas,2002,19814156.42
"Other fruits, n.e.c.",Frutas,2003,23362177.18
"Other fruits, n.e.c.",Frutas,2004,24210142.62
"Other fruits, n.e.c.",Frutas,2005,24679024.12
"Other fruits, n.e.c.",Frutas,2006,26023849.53
"Other fruits, n.e.c.",Frutas,2007,26691205.45
"Other fruits, n.e.c.",Frutas,2008,29719160.4
"Other fruits, n.e.c.",Frutas,2009,26763034.25
"Other fruits, n.e.c.",Frutas,2010,29370190.97
"Other fruits, n.e.c.",Frutas,2011,27686936.53
"Other fruits, n.e.c.",Frutas,2012,28628667.93
"Other fruits, n.e.c.",Frutas,2013,29493058.37
"Other fruits, n.e.c.",Frutas,2014,31566981.37
"Other fruits, n.e.c.",Frutas,2015,33494235.78
"Other fruits, n.e.c.",Frutas,2016,33745727.63
"Other fruits, n.e.c.",Frutas,2017,34722655.09
"Other fruits, n.e.c.",Frutas,2018,34001972.03
"Other fruits, n.e.c.",Frutas,2019,35014564.36
"Other fruits, n.e.c.",Frutas,2020,36296408.84
"Other fruits, n.e.c.",Frutas,2021,36633454.56
"Other fruits, n.e.c.",Frutas,2022,37941821.5
"Other fruits, n.e.c.",Frutas,2023,38022718.02
"Other fruits, n.e.c.",Frutas,2024,39218330.28
"Other nuts (excluding wild edible nuts and groundnuts), in shell, n.e.c.",Oleaginosas y frutos secos,1961,217247.0
"Other nuts (excluding wild edible nuts and groundnuts), in shell, n.e.c.",Oleaginosas y frutos secos,1962,135949.0
"Other nuts (excluding wild edible nuts and groundnuts), in shell, n.e.c.",Oleaginosas y frutos secos,1963,274495.0
"Other nuts (excluding wild edible nuts and groundnuts), in shell, n.e.c.",Oleaginosas y frutos secos,1964,186683.0
"Other nuts (excluding wild edible nuts and groundnuts), in shell, n.e.c.",Oleaginosas y frutos secos,1965,221074.0
"Other nuts (excluding wild edible nuts and groundnuts), in shell, n.e.c.",Oleaginosas y frutos secos,1966,186077.0
"Other nuts (excluding wild edible nuts and groundnuts), in shell, n.e.c.",Oleaginosas y frutos secos,1967,222031.0
"Other nuts (excluding wild edible nuts and groundnuts), in shell, n.e.c.",Oleaginosas y frutos secos,1968,213869.0
"Other nuts (excluding wild edible nuts and groundnuts), in shell, n.e.c.",Oleaginosas y frutos secos,1969,228245.0
"Other nuts (excluding wild edible nuts and groundnuts), in shell, n.e.c.",Oleaginosas y frutos secos,1970,206089.0
"Other nuts (excluding wild edible nuts and groundnuts), in shell, n.e.c.",Oleaginosas y frutos secos,1971,251057.0
"Other nuts (excluding wild edible nuts and groundnuts), in shell, n.e.c.",Oleaginosas y frutos secos,1972,225298.0
"Other nuts (excluding wild edible nuts and groundnuts), in shell, n.e.c.",Oleaginosas y frutos secos,1973,271241.0
"Other nuts (excluding wild edible nuts and groundnuts), in shell, n.e.c.",Oleaginosas y frutos secos,1974,214613.0
"Other nuts (excluding wild edible nuts and groundnuts), in shell, n.e.c.",Oleaginosas y frutos secos,1975,276652.0
"Other nuts (excluding wild edible nuts and groundnuts), in shell, n.e.c.",Oleaginosas y frutos secos,1976,191333.0
"Other nuts (excluding wild edible nuts and groundnuts), in shell, n.e.c.",Oleaginosas y frutos secos,1977,264448.0
"Other nuts (excluding wild edible nuts and groundnuts), in shell, n.e.c.",Oleaginosas y frutos secos,1978,280543.0
"Other nuts (excluding wild edible nuts and groundnuts), in shell, n.e.c.",Oleaginosas y frutos secos,1979,273545.0
"Other nuts (excluding wild edible nuts and groundnuts), in shell, n.e.c.",Oleaginosas y frutos secos,1980,259426.0
"Other nuts (excluding wild edible nuts and groundnuts), in shell, n.e.c.",Oleaginosas y frutos secos,1981,350232.0
"Other nuts (excluding wild edible nuts and groundnuts), in shell, n.e.c.",Oleaginosas y frutos secos,1982,301320.0
"Other nuts (excluding wild edible nuts and groundnuts), in shell, n.e.c.",Oleaginosas y frutos secos,1983,340228.0
"Other nuts (excluding wild edible nuts and groundnuts), in shell, n.e.c.",Oleaginosas y frutos secos,1984,359449.0
"Other nuts (excluding wild edible nuts and groundnuts), in shell, n.e.c.",Oleaginosas y frutos secos,1985,406771.0
"Other nuts (excluding wild edible nuts and groundnuts), in shell, n.e.c.",Oleaginosas y frutos secos,1986,398488.0
"Other nuts (excluding wild edible nuts and groundnuts), in shell, n.e.c.",Oleaginosas y frutos secos,1987,397991.0
"Other nuts (excluding wild edible nuts and groundnuts), in shell, n.e.c.",Oleaginosas y frutos secos,1988,426697.0
"Other nuts (excluding wild edible nuts and groundnuts), in shell, n.e.c.",Oleaginosas y frutos secos,1989,402125.0
"Other nuts (excluding wild edible nuts and groundnuts), in shell, n.e.c.",Oleaginosas y frutos secos,1990,404844.09
"Other nuts (excluding wild edible nuts and groundnuts), in shell, n.e.c.",Oleaginosas y frutos secos,1991,474244.7
"Other nuts (excluding wild edible nuts and groundnuts), in shell, n.e.c.",Oleaginosas y frutos secos,1992,431954.81
"Other nuts (excluding wild edible nuts and groundnuts), in shell, n.e.c.",Oleaginosas y frutos secos,1993,545941.17
"Other nuts (excluding wild edible nuts and groundnuts), in shell, n.e.c.",Oleaginosas y frutos secos,1994,496297.54
"Other nuts (excluding wild edible nuts and groundnuts), in shell, n.e.c.",Oleaginosas y frutos secos,1995,548552.05
"Other nuts (excluding wild edible nuts and groundnuts), in shell, n.e.c.",Oleaginosas y frutos secos,1996,552893.91
"Other nuts (excluding wild edible nuts and groundnuts), in shell, n.e.c.",Oleaginosas y frutos secos,1997,586589.38
"Other nuts (excluding wild edible nuts and groundnuts), in shell, n.e.c.",Oleaginosas y frutos secos,1998,552265.16
"Other nuts (excluding wild edible nuts and groundnuts), in shell, n.e.c.",Oleaginosas y frutos secos,1999,667224.32
"Other nuts (excluding wild edible nuts and groundnuts), in shell, n.e.c.",Oleaginosas y frutos secos,2000,629120.36
"Other nuts (excluding wild edible nuts and groundnuts), in shell, n.e.c.",Oleaginosas y frutos secos,2001,726437.84
"Other nuts (excluding wild edible nuts and groundnuts), in shell, n.e.c.",Oleaginosas y frutos secos,2002,655381.91
"Other nuts (excluding wild edible nuts and groundnuts), in shell, n.e.c.",Oleaginosas y frutos secos,2003,747091.13
"Other nuts (excluding wild edible nuts and groundnuts), in shell, n.e.c.",Oleaginosas y frutos secos,2004,736838.01
"Other nuts (excluding wild edible nuts and groundnuts), in shell, n.e.c.",Oleaginosas y frutos secos,2005,753420.07
"Other nuts (excluding wild edible nuts and groundnuts), in shell, n.e.c.",Oleaginosas y frutos secos,2006,754344.09
"Other nuts (excluding wild edible nuts and groundnuts), in shell, n.e.c.",Oleaginosas y frutos secos,2007,858540.27
"Other nuts (excluding wild edible nuts and groundnuts), in shell, n.e.c.",Oleaginosas y frutos secos,2008,839687.61
"Other nuts (excluding wild edible nuts and groundnuts), in shell, n.e.c.",Oleaginosas y frutos secos,2009,870696.83
"Other nuts (excluding wild edible nuts and groundnuts), in shell, n.e.c.",Oleaginosas y frutos secos,2010,869534.96
"Other nuts (excluding wild edible nuts and groundnuts), in shell, n.e.c.",Oleaginosas y frutos secos,2011,887740.31
"Other nuts (excluding wild edible nuts and groundnuts), in shell, n.e.c.",Oleaginosas y frutos secos,2012,912025.92
"Other nuts (excluding wild edible nuts and groundnuts), in shell, n.e.c.",Oleaginosas y frutos secos,2013,931682.46
"Other nuts (excluding wild edible nuts and groundnuts), in shell, n.e.c.",Oleaginosas y frutos secos,2014,958370.99
"Other nuts (excluding wild edible nuts and groundnuts), in shell, n.e.c.",Oleaginosas y frutos secos,2015,992896.62
"Other nuts (excluding wild edible nuts and groundnuts), in shell, n.e.c.",Oleaginosas y frutos secos,2016,979761.68
"Other nuts (excluding wild edible nuts and groundnuts), in shell, n.e.c.",Oleaginosas y frutos secos,2017,1032421.06
"Other nuts (excluding wild edible nuts and groundnuts), in shell, n.e.c.",Oleaginosas y frutos secos,2018,1026787.97
"Other nuts (excluding wild edible nuts and groundnuts), in shell, n.e.c.",Oleaginosas y frutos secos,2019,1049296.73
"Other nuts (excluding wild edible nuts and groundnuts), in shell, n.e.c.",Oleaginosas y frutos secos,2020,1089418.23
"Other nuts (excluding wild edible nuts and groundnuts), in shell, n.e.c.",Oleaginosas y frutos secos,2021,1098434.47
"Other nuts (excluding wild edible nuts and groundnuts), in shell, n.e.c.",Oleaginosas y frutos secos,2022,1103892.54
"Other nuts (excluding wild edible nuts and groundnuts), in shell, n.e.c.",Oleaginosas y frutos secos,2023,1106262.58
"Other nuts (excluding wild edible nuts and groundnuts), in shell, n.e.c.",Oleaginosas y frutos secos,2024,1090112.55
"Other oil seeds, n.e.c.",Oleaginosas y frutos secos,1961,846621.0
"Other oil seeds, n.e.c.",Oleaginosas y frutos secos,1962,829742.0
"Other oil seeds, n.e.c.",Oleaginosas y frutos secos,1963,840595.0
"Other oil seeds, n.e.c.",Oleaginosas y frutos secos,1964,848047.0
"Other oil seeds, n.e.c.",Oleaginosas y frutos secos,1965,983324.0
"Other oil seeds, n.e.c.",Oleaginosas y frutos secos,1966,954340.0
"Other oil seeds, n.e.c.",Oleaginosas y frutos secos,1967,956964.0
"Other oil seeds, n.e.c.",Oleaginosas y frutos secos,1968,996179.0
"Other oil seeds, n.e.c.",Oleaginosas y frutos secos,1969,1002995.0
"Other oil seeds, n.e.c.",Oleaginosas y frutos secos,1970,1022141.0
"Other oil seeds, n.e.c.",Oleaginosas y frutos secos,1971,1132175.0
"Other oil seeds, n.e.c.",Oleaginosas y frutos secos,1972,1192218.0
"Other oil seeds, n.e.c.",Oleaginosas y frutos secos,1973,1272631.0
"Other oil seeds, n.e.c.",Oleaginosas y frutos secos,1974,1295928.0
"Other oil seeds, n.e.c.",Oleaginosas y frutos secos,1975,1224826.0
"Other oil seeds, n.e.c.",Oleaginosas y frutos secos,1976,918299.0
"Other oil seeds, n.e.c.",Oleaginosas y frutos secos,1977,1203054.0
"Other oil seeds, n.e.c.",Oleaginosas y frutos secos,1978,1338177.0
"Other oil seeds, n.e.c.",Oleaginosas y frutos secos,1979,1405188.0
"Other oil seeds, n.e.c.",Oleaginosas y frutos secos,1980,1341772.0
"Other oil seeds, n.e.c.",Oleaginosas y frutos secos,1981,1503168.0
"Other oil seeds, n.e.c.",Oleaginosas y frutos secos,1982,1294428.0
"Other oil seeds, n.e.c.",Oleaginosas y frutos secos,1983,1347199.0
"Other oil seeds, n.e.c.",Oleaginosas y frutos secos,1984,1398536.0
"Other oil seeds, n.e.c.",Oleaginosas y frutos secos,1985,1510775.0
"Other oil seeds, n.e.c.",Oleaginosas y frutos secos,1986,1183093.0
"Other oil seeds, n.e.c.",Oleaginosas y frutos secos,1987,1230146.0
"Other oil seeds, n.e.c.",Oleaginosas y frutos secos,1988,1240080.0
"Other oil seeds, n.e.c.",Oleaginosas y frutos secos,1989,1478399.0
"Other oil seeds, n.e.c.",Oleaginosas y frutos secos,1990,1376251.0
"Other oil seeds, n.e.c.",Oleaginosas y frutos secos,1991,1385741.8
"Other oil seeds, n.e.c.",Oleaginosas y frutos secos,1992,1402859.33
"Other oil seeds, n.e.c.",Oleaginosas y frutos secos,1993,1375815.14
"Other oil seeds, n.e.c.",Oleaginosas y frutos secos,1994,1562088.68
"Other oil seeds, n.e.c.",Oleaginosas y frutos secos,1995,1581980.88
"Other oil seeds, n.e.c.",Oleaginosas y frutos secos,1996,1549090.17
"Other oil seeds, n.e.c.",Oleaginosas y frutos secos,1997,1692892.29
"Other oil seeds, n.e.c.",Oleaginosas y frutos secos,1998,1613580.78
"Other oil seeds, n.e.c.",Oleaginosas y frutos secos,1999,1728624.37
"Other oil seeds, n.e.c.",Oleaginosas y frutos secos,2000,1771443.54
"Other oil seeds, n.e.c.",Oleaginosas y frutos secos,2001,1953669.88
"Other oil seeds, n.e.c.",Oleaginosas y frutos secos,2002,1966091.91
"Other oil seeds, n.e.c.",Oleaginosas y frutos secos,2003,1957653.22
"Other oil seeds, n.e.c.",Oleaginosas y frutos secos,2004,2095022.1
"Other oil seeds, n.e.c.",Oleaginosas y frutos secos,2005,2185617.94
"Other oil seeds, n.e.c.",Oleaginosas y frutos secos,2006,2351551.33
"Other oil seeds, n.e.c.",Oleaginosas y frutos secos,2007,2307284.31
"Other oil seeds, n.e.c.",Oleaginosas y frutos secos,2008,2494060.08
"Other oil seeds, n.e.c.",Oleaginosas y frutos secos,2009,2680211.64
"Other oil seeds, n.e.c.",Oleaginosas y frutos secos,2010,1901969.09
"Other oil seeds, n.e.c.",Oleaginosas y frutos secos,2011,1966758.75
"Other oil seeds, n.e.c.",Oleaginosas y frutos secos,2012,2079672.84
"Other oil seeds, n.e.c.",Oleaginosas y frutos secos,2013,2135278.37
"Other oil seeds, n.e.c.",Oleaginosas y frutos secos,2014,2204733.44
"Other oil seeds, n.e.c.",Oleaginosas y frutos secos,2015,2341104.77
"Other oil seeds, n.e.c.",Oleaginosas y frutos secos,2016,2434097.49
"Other oil seeds, n.e.c.",Oleaginosas y frutos secos,2017,2488975.58
"Other oil seeds, n.e.c.",Oleaginosas y frutos secos,2018,2354099.66
"Other oil seeds, n.e.c.",Oleaginosas y frutos secos,2019,2391536.97
"Other oil seeds, n.e.c.",Oleaginosas y frutos secos,2020,2243007.1
"Other oil seeds, n.e.c.",Oleaginosas y frutos secos,2021,2280747.56
"Other oil seeds, n.e.c.",Oleaginosas y frutos secos,2022,2294675.7
"Other oil seeds, n.e.c.",Oleaginosas y frutos secos,2023,2401173.89
"Other oil seeds, n.e.c.",Oleaginosas y frutos secos,2024,2423144.95
"Other stimulant, spice and aromatic crops, n.e.c.",Estimulantes y especias,1961,424019.0
"Other stimulant, spice and aromatic crops, n.e.c.",Estimulantes y especias,1962,402429.0
"Other stimulant, spice and aromatic crops, n.e.c.",Estimulantes y especias,1963,463219.0
"Other stimulant, spice and aromatic crops, n.e.c.",Estimulantes y especias,1964,429064.0
"Other stimulant, spice and aromatic crops, n.e.c.",Estimulantes y especias,1965,356755.0
"Other stimulant, spice and aromatic crops, n.e.c.",Estimulantes y especias,1966,329740.0
"Other stimulant, spice and aromatic crops, n.e.c.",Estimulantes y especias,1967,328085.0
"Other stimulant, spice and aromatic crops, n.e.c.",Estimulantes y especias,1968,322291.0
"Other stimulant, spice and aromatic crops, n.e.c.",Estimulantes y especias,1969,370063.0
"Other stimulant, spice and aromatic crops, n.e.c.",Estimulantes y especias,1970,429903.0
"Other stimulant, spice and aromatic crops, n.e.c.",Estimulantes y especias,1971,427234.0
"Other stimulant, spice and aromatic crops, n.e.c.",Estimulantes y especias,1972,370866.0
"Other stimulant, spice and aromatic crops, n.e.c.",Estimulantes y especias,1973,404187.0
"Other stimulant, spice and aromatic crops, n.e.c.",Estimulantes y especias,1974,433003.0
"Other stimulant, spice and aromatic crops, n.e.c.",Estimulantes y especias,1975,427422.0
"Other stimulant, spice and aromatic crops, n.e.c.",Estimulantes y especias,1976,403777.0
"Other stimulant, spice and aromatic crops, n.e.c.",Estimulantes y especias,1977,553274.0
"Other stimulant, spice and aromatic crops, n.e.c.",Estimulantes y especias,1978,524948.0
"Other stimulant, spice and aromatic crops, n.e.c.",Estimulantes y especias,1979,522460.0
"Other stimulant, spice and aromatic crops, n.e.c.",Estimulantes y especias,1980,538862.0
"Other stimulant, spice and aromatic crops, n.e.c.",Estimulantes y especias,1981,514396.0
"Other stimulant, spice and aromatic crops, n.e.c.",Estimulantes y especias,1982,508310.0
"Other stimulant, spice and aromatic crops, n.e.c.",Estimulantes y especias,1983,582207.0
"Other stimulant, spice and aromatic crops, n.e.c.",Estimulantes y especias,1984,612691.0
"Other stimulant, spice and aromatic crops, n.e.c.",Estimulantes y especias,1985,706430.0
"Other stimulant, spice and aromatic crops, n.e.c.",Estimulantes y especias,1986,719158.0
"Other stimulant, spice and aromatic crops, n.e.c.",Estimulantes y especias,1987,840201.0
"Other stimulant, spice and aromatic crops, n.e.c.",Estimulantes y especias,1988,769192.0
"Other stimulant, spice and aromatic crops, n.e.c.",Estimulantes y especias,1989,830817.0
"Other stimulant, spice and aromatic crops, n.e.c.",Estimulantes y especias,1990,810857.39
"Other stimulant, spice and aromatic crops, n.e.c.",Estimulantes y especias,1991,751323.18
"Other stimulant, spice and aromatic crops, n.e.c.",Estimulantes y especias,1992,819038.63
"Other stimulant, spice and aromatic crops, n.e.c.",Estimulantes y especias,1993,1147060.56
"Other stimulant, spice and aromatic crops, n.e.c.",Estimulantes y especias,1994,1064812.32
"Other stimulant, spice and aromatic crops, n.e.c.",Estimulantes y especias,1995,916102.44
"Other stimulant, spice and aromatic crops, n.e.c.",Estimulantes y especias,1996,1055183.05
"Other stimulant, spice and aromatic crops, n.e.c.",Estimulantes y especias,1997,1061744.55
"Other stimulant, spice and aromatic crops, n.e.c.",Estimulantes y especias,1998,1160681.94
"Other stimulant, spice and aromatic crops, n.e.c.",Estimulantes y especias,1999,1190324.12
"Other stimulant, spice and aromatic crops, n.e.c.",Estimulantes y especias,2000,1252851.54
"Other stimulant, spice and aromatic crops, n.e.c.",Estimulantes y especias,2001,1194292.93
"Other stimulant, spice and aromatic crops, n.e.c.",Estimulantes y especias,2002,1062280.31
"Other stimulant, spice and aromatic crops, n.e.c.",Estimulantes y especias,2003,1301111.82
"Other stimulant, spice and aromatic crops, n.e.c.",Estimulantes y especias,2004,1357852.79
"Other stimulant, spice and aromatic crops, n.e.c.",Estimulantes y especias,2005,1538122.44
"Other stimulant, spice and aromatic crops, n.e.c.",Estimulantes y especias,2006,1523824.23
"Other stimulant, spice and aromatic crops, n.e.c.",Estimulantes y especias,2007,1820995.98
"Other stimulant, spice and aromatic crops, n.e.c.",Estimulantes y especias,2008,1794020.03
"Other stimulant, spice and aromatic crops, n.e.c.",Estimulantes y especias,2009,2104713.02
"Other stimulant, spice and aromatic crops, n.e.c.",Estimulantes y especias,2010,2599907.7
"Other stimulant, spice and aromatic crops, n.e.c.",Estimulantes y especias,2011,2790785.21
"Other stimulant, spice and aromatic crops, n.e.c.",Estimulantes y especias,2012,2639813.55
"Other stimulant, spice and aromatic crops, n.e.c.",Estimulantes y especias,2013,2811457.32
"Other stimulant, spice and aromatic crops, n.e.c.",Estimulantes y especias,2014,2809324.88
"Other stimulant, spice and aromatic crops, n.e.c.",Estimulantes y especias,2015,2561025.42
"Other stimulant, spice and aromatic crops, n.e.c.",Estimulantes y especias,2016,2813814.12
"Other stimulant, spice and aromatic crops, n.e.c.",Estimulantes y especias,2017,2886692.26
"Other stimulant, spice and aromatic crops, n.e.c.",Estimulantes y especias,2018,2811349.29
"Other stimulant, spice and aromatic crops, n.e.c.",Estimulantes y especias,2019,2897969.25
"Other stimulant, spice and aromatic crops, n.e.c.",Estimulantes y especias,2020,3171040.83
"Other stimulant, spice and aromatic crops, n.e.c.",Estimulantes y especias,2021,3139352.95
"Other stimulant, spice and aromatic crops, n.e.c.",Estimulantes y especias,2022,3172151.13
"Other stimulant, spice and aromatic crops, n.e.c.",Estimulantes y especias,2023,3238249.01
"Other stimulant, spice and aromatic crops, n.e.c.",Estimulantes y especias,2024,3312623.04
"Other tropical fruits, n.e.c.",Frutas,1961,5158892.0
"Other tropical fruits, n.e.c.",Frutas,1962,5281879.0
"Other tropical fruits, n.e.c.",Frutas,1963,5345137.0
"Other tropical fruits, n.e.c.",Frutas,1964,5396098.0
"Other tropical fruits, n.e.c.",Frutas,1965,5561656.0
"Other tropical fruits, n.e.c.",Frutas,1966,5658651.0
"Other tropical fruits, n.e.c.",Frutas,1967,5868820.0
"Other tropical fruits, n.e.c.",Frutas,1968,5871809.0
"Other tropical fruits, n.e.c.",Frutas,1969,5917450.0
"Other tropical fruits, n.e.c.",Frutas,1970,5981029.0
"Other tropical fruits, n.e.c.",Frutas,1971,6138117.0
"Other tropical fruits, n.e.c.",Frutas,1972,6255056.0
"Other tropical fruits, n.e.c.",Frutas,1973,6554036.0
"Other tropical fruits, n.e.c.",Frutas,1974,6844007.0
"Other tropical fruits, n.e.c.",Frutas,1975,6873691.0
"Other tropical fruits, n.e.c.",Frutas,1976,7006918.0
"Other tropical fruits, n.e.c.",Frutas,1977,7112187.0
"Other tropical fruits, n.e.c.",Frutas,1978,7508555.0
"Other tropical fruits, n.e.c.",Frutas,1979,7554734.0
"Other tropical fruits, n.e.c.",Frutas,1980,8335463.0
"Other tropical fruits, n.e.c.",Frutas,1981,8558014.0
"Other tropical fruits, n.e.c.",Frutas,1982,9419604.0
"Other tropical fruits, n.e.c.",Frutas,1983,9543271.0
"Other tropical fruits, n.e.c.",Frutas,1984,10526663.0
"Other tropical fruits, n.e.c.",Frutas,1985,10604171.0
"Other tropical fruits, n.e.c.",Frutas,1986,11422330.0
"Other tropical fruits, n.e.c.",Frutas,1987,11328563.0
"Other tropical fruits, n.e.c.",Frutas,1988,11252191.0
"Other tropical fruits, n.e.c.",Frutas,1989,11834666.0
"Other tropical fruits, n.e.c.",Frutas,1990,12153046.1
"Other tropical fruits, n.e.c.",Frutas,1991,11518797.46
"Other tropical fruits, n.e.c.",Frutas,1992,9101291.08
"Other tropical fruits, n.e.c.",Frutas,1993,9136963.18
"Other tropical fruits, n.e.c.",Frutas,1994,9649127.97
"Other tropical fruits, n.e.c.",Frutas,1995,11100929.55
"Other tropical fruits, n.e.c.",Frutas,1996,11620362.12
"Other tropical fruits, n.e.c.",Frutas,1997,10216437.56
"Other tropical fruits, n.e.c.",Frutas,1998,10502278.02
"Other tropical fruits, n.e.c.",Frutas,1999,10442837.0
"Other tropical fruits, n.e.c.",Frutas,2000,12425190.87
"Other tropical fruits, n.e.c.",Frutas,2001,12999117.13
"Other tropical fruits, n.e.c.",Frutas,2002,14268960.46
"Other tropical fruits, n.e.c.",Frutas,2003,15648304.41
"Other tropical fruits, n.e.c.",Frutas,2004,16379794.8
"Other tropical fruits, n.e.c.",Frutas,2005,16250387.94
"Other tropical fruits, n.e.c.",Frutas,2006,16237500.81
"Other tropical fruits, n.e.c.",Frutas,2007,16849016.03
"Other tropical fruits, n.e.c.",Frutas,2008,16803929.18
"Other tropical fruits, n.e.c.",Frutas,2009,17629172.33
"Other tropical fruits, n.e.c.",Frutas,2010,17241112.63
"Other tropical fruits, n.e.c.",Frutas,2011,18061889.68
"Other tropical fruits, n.e.c.",Frutas,2012,19727996.2
"Other tropical fruits, n.e.c.",Frutas,2013,19776044.79
"Other tropical fruits, n.e.c.",Frutas,2014,20087720.25
"Other tropical fruits, n.e.c.",Frutas,2015,21088058.54
"Other tropical fruits, n.e.c.",Frutas,2016,20827148.62
"Other tropical fruits, n.e.c.",Frutas,2017,21197827.34
"Other tropical fruits, n.e.c.",Frutas,2018,22283128.17
"Other tropical fruits, n.e.c.",Frutas,2019,22304510.37
"Other tropical fruits, n.e.c.",Frutas,2020,22821913.68
"Other tropical fruits, n.e.c.",Frutas,2021,23478032.57
"Other tropical fruits, n.e.c.",Frutas,2022,23586543.66
"Other tropical fruits, n.e.c.",Frutas,2023,24116671.79
"Other tropical fruits, n.e.c.",Frutas,2024,23912858.02
"Other vegetables, fresh n.e.c.",Hortalizas,1961,62303843.0
"Other vegetables, fresh n.e.c.",Hortalizas,1962,64588588.0
"Other vegetables, fresh n.e.c.",Hortalizas,1963,64033162.0
"Other vegetables, fresh n.e.c.",Hortalizas,1964,64827671.0
"Other vegetables, fresh n.e.c.",Hortalizas,1965,65818683.0
"Other vegetables, fresh n.e.c.",Hortalizas,1966,67190134.0
"Other vegetables, fresh n.e.c.",Hortalizas,1967,68437685.0
"Other vegetables, fresh n.e.c.",Hortalizas,1968,70167057.0
"Other vegetables, fresh n.e.c.",Hortalizas,1969,70858714.0
"Other vegetables, fresh n.e.c.",Hortalizas,1970,71179726.0
"Other vegetables, fresh n.e.c.",Hortalizas,1971,74359846.0
"Other vegetables, fresh n.e.c.",Hortalizas,1972,72934273.0
"Other vegetables, fresh n.e.c.",Hortalizas,1973,75149534.0
"Other vegetables, fresh n.e.c.",Hortalizas,1974,76231824.0
"Other vegetables, fresh n.e.c.",Hortalizas,1975,77287310.0
"Other vegetables, fresh n.e.c.",Hortalizas,1976,79404542.0
"Other vegetables, fresh n.e.c.",Hortalizas,1977,82281185.0
"Other vegetables, fresh n.e.c.",Hortalizas,1978,86577357.0
"Other vegetables, fresh n.e.c.",Hortalizas,1979,86543227.0
"Other vegetables, fresh n.e.c.",Hortalizas,1980,85594780.0
"Other vegetables, fresh n.e.c.",Hortalizas,1981,91178371.0
"Other vegetables, fresh n.e.c.",Hortalizas,1982,95981370.0
"Other vegetables, fresh n.e.c.",Hortalizas,1983,102361194.0
"Other vegetables, fresh n.e.c.",Hortalizas,1984,112351360.0
"Other vegetables, fresh n.e.c.",Hortalizas,1985,112575193.0
"Other vegetables, fresh n.e.c.",Hortalizas,1986,129807368.0
"Other vegetables, fresh n.e.c.",Hortalizas,1987,132382697.0
"Other vegetables, fresh n.e.c.",Hortalizas,1988,137990752.0
"Other vegetables, fresh n.e.c.",Hortalizas,1989,138702883.0
"Other vegetables, fresh n.e.c.",Hortalizas,1990,140744134.11
"Other vegetables, fresh n.e.c.",Hortalizas,1991,135082379.26
"Other vegetables, fresh n.e.c.",Hortalizas,1992,140209491.41
"Other vegetables, fresh n.e.c.",Hortalizas,1993,156161532.74
"Other vegetables, fresh n.e.c.",Hortalizas,1994,156114345.02
"Other vegetables, fresh n.e.c.",Hortalizas,1995,159672320.59
"Other vegetables, fresh n.e.c.",Hortalizas,1996,169504064.6
"Other vegetables, fresh n.e.c.",Hortalizas,1997,167849210.7
"Other vegetables, fresh n.e.c.",Hortalizas,1998,170390068.79
"Other vegetables, fresh n.e.c.",Hortalizas,1999,180251670.47
"Other vegetables, fresh n.e.c.",Hortalizas,2000,205062249.25
"Other vegetables, fresh n.e.c.",Hortalizas,2001,219641911.9
"Other vegetables, fresh n.e.c.",Hortalizas,2002,219284338.08
"Other vegetables, fresh n.e.c.",Hortalizas,2003,222865551.8
"Other vegetables, fresh n.e.c.",Hortalizas,2004,219806201.36
"Other vegetables, fresh n.e.c.",Hortalizas,2005,232576050.95
"Other vegetables, fresh n.e.c.",Hortalizas,2006,242340231.66
"Other vegetables, fresh n.e.c.",Hortalizas,2007,245129354.47
"Other vegetables, fresh n.e.c.",Hortalizas,2008,249713715.38
"Other vegetables, fresh n.e.c.",Hortalizas,2009,248910669.04
"Other vegetables, fresh n.e.c.",Hortalizas,2010,259367071.07
"Other vegetables, fresh n.e.c.",Hortalizas,2011,253951796.01
"Other vegetables, fresh n.e.c.",Hortalizas,2012,263193425.46
"Other vegetables, fresh n.e.c.",Hortalizas,2013,268525701.28
"Other vegetables, fresh n.e.c.",Hortalizas,2014,270278953.23
"Other vegetables, fresh n.e.c.",Hortalizas,2015,283775327.93
"Other vegetables, fresh n.e.c.",Hortalizas,2016,278215885.06
"Other vegetables, fresh n.e.c.",Hortalizas,2017,275986521.43
"Other vegetables, fresh n.e.c.",Hortalizas,2018,270834988.11
"Other vegetables, fresh n.e.c.",Hortalizas,2019,271130368.25
"Other vegetables, fresh n.e.c.",Hortalizas,2020,272728166.24
"Other vegetables, fresh n.e.c.",Hortalizas,2021,282930414.63
"Other vegetables, fresh n.e.c.",Hortalizas,2022,279081558.32
"Other vegetables, fresh n.e.c.",Hortalizas,2023,281081708.27
"Other vegetables, fresh n.e.c.",Hortalizas,2024,281490042.42
Papayas,Frutas,1961,1322877.0
Papayas,Frutas,1962,1350458.0
Papayas,Frutas,1963,1424481.0
Papayas,Frutas,1964,1362721.0
Papayas,Frutas,1965,1547781.0
Papayas,Frutas,1966,1634868.0
Papayas,Frutas,1967,1650269.0
Papayas,Frutas,1968,1707073.0
Papayas,Frutas,1969,1711868.0
Papayas,Frutas,1970,1693379.0
Papayas,Frutas,1971,1760669.0
Papayas,Frutas,1972,1753014.0
Papayas,Frutas,1973,1809377.7
Papayas,Frutas,1974,1748222.9
Papayas,Frutas,1975,1935780.73
Papayas,Frutas,1976,1908409.0
Papayas,Frutas,1977,2287399.13
Papayas,Frutas,1978,2247074.14
Papayas,Frutas,1979,2323524.9
Papayas,Frutas,1980,2460987.4
Papayas,Frutas,1981,2412293.83
Papayas,Frutas,1982,2520610.83
Papayas,Frutas,1983,2590352.72
Papayas,Frutas,1984,3198490.9
Papayas,Frutas,1985,3158263.0
Papayas,Frutas,1986,3641078.3
Papayas,Frutas,1987,3307700.3
Papayas,Frutas,1988,3662477.7
Papayas,Frutas,1989,3145338.8
Papayas,Frutas,1990,3291518.1
Papayas,Frutas,1991,4035264.12
Papayas,Frutas,1992,4357926.45
Papayas,Frutas,1993,5069161.48
Papayas,Frutas,1994,5532325.87
Papayas,Frutas,1995,5747908.06
Papayas,Frutas,1996,5497971.15
Papayas,Frutas,1997,6494234.06
Papayas,Frutas,1998,6759765.6
Papayas,Frutas,1999,6998797.52
Papayas,Frutas,2000,7335301.78
Papayas,Frutas,2001,8736321.91
Papayas,Frutas,2002,8616931.43
Papayas,Frutas,2003,8388273.39
Papayas,Frutas,2004,8912795.52
Papayas,Frutas,2005,8460779.33
Papayas,Frutas,2006,9336063.64
Papayas,Frutas,2007,9849659.57
Papayas,Frutas,2008,10354923.77
Papayas,Frutas,2009,10892057.2
Papayas,Frutas,2010,11139061.57
Papayas,Frutas,2011,11664468.44
Papayas,Frutas,2012,12436176.64
Papayas,Frutas,2013,12785320.49
Papayas,Frutas,2014,13179730.01
Papayas,Frutas,2015,12654845.95
Papayas,Frutas,2016,13487066.48
Papayas,Frutas,2017,13469513.0
Papayas,Frutas,2018,13817829.21
Papayas,Frutas,2019,14211498.63
Papayas,Frutas,2020,14180832.19
Papayas,Frutas,2021,14107822.56
Papayas,Frutas,2022,13933057.52
Papayas,Frutas,2023,14258268.62
Papayas,Frutas,2024,14654817.67
Peaches and nectarines,Frutas,1961,5167280.0
Peaches and nectarines,Frutas,1962,4962298.0
Peaches and nectarines,Frutas,1963,5458947.0
Peaches and nectarines,Frutas,1964,5656643.0
Peaches and nectarines,Frutas,1965,5816086.0
Peaches and nectarines,Frutas,1966,5786099.0
Peaches and nectarines,Frutas,1967,5656211.0
Peaches and nectarines,Frutas,1968,6596171.0
Peaches and nectarines,Frutas,1969,6128484.0
Peaches and nectarines,Frutas,1970,6371947.0
Peaches and nectarines,Frutas,1971,6847857.0
Peaches and nectarines,Frutas,1972,6762952.0
Peaches and nectarines,Frutas,1973,6925233.0
Peaches and nectarines,Frutas,1974,7409542.0
Peaches and nectarines,Frutas,1975,6542169.0
Peaches and nectarines,Frutas,1976,7756903.0
Peaches and nectarines,Frutas,1977,6829498.0
Peaches and nectarines,Frutas,1978,7013397.0
Peaches and nectarines,Frutas,1979,7081054.0
Peaches and nectarines,Frutas,1980,7535093.0
Peaches and nectarines,Frutas,1981,7706940.0
Peaches and nectarines,Frutas,1982,7466631.0
Peaches and nectarines,Frutas,1983,7724929.0
Peaches and nectarines,Frutas,1984,7959254.0
Peaches and nectarines,Frutas,1985,7752494.0
Peaches and nectarines,Frutas,1986,8088583.0
Peaches and nectarines,Frutas,1987,8137914.0
Peaches and nectarines,Frutas,1988,8662205.0
Peaches and nectarines,Frutas,1989,9135853.0
Peaches and nectarines,Frutas,1990,9397425.0
Peaches and nectarines,Frutas,1991,9464950.46
Peaches and nectarines,Frutas,1992,10910809.14
Peaches and nectarines,Frutas,1993,10874281.35
Peaches and nectarines,Frutas,1994,11628052.83
Peaches and nectarines,Frutas,1995,10923492.62
Peaches and nectarines,Frutas,1996,11734990.14
Peaches and nectarines,Frutas,1997,11144266.17
Peaches and nectarines,Frutas,1998,11477602.88
Peaches and nectarines,Frutas,1999,13310079.52
Peaches and nectarines,Frutas,2000,13278783.12
Peaches and nectarines,Frutas,2001,13880381.1
Peaches and nectarines,Frutas,2002,14763774.18
Peaches and nectarines,Frutas,2003,15361301.51
Peaches and nectarines,Frutas,2004,16614985.67
Peaches and nectarines,Frutas,2005,17941686.12
Peaches and nectarines,Frutas,2006,18281838.73
Peaches and nectarines,Frutas,2007,19394767.22
Peaches and nectarines,Frutas,2008,19588956.63
Peaches and nectarines,Frutas,2009,20239457.79
Peaches and nectarines,Frutas,2010,20389744.45
Peaches and nectarines,Frutas,2011,21074944.24
Peaches and nectarines,Frutas,2012,21130788.39
Peaches and nectarines,Frutas,2013,21642161.56
Peaches and nectarines,Frutas,2014,22363561.43
Peaches and nectarines,Frutas,2015,23759742.0
Peaches and nectarines,Frutas,2016,23097108.42
Peaches and nectarines,Frutas,2017,23977171.22
Peaches and nectarines,Frutas,2018,24082614.34
Peaches and nectarines,Frutas,2019,24797116.03
Peaches and nectarines,Frutas,2020,24443389.59
Peaches and nectarines,Frutas,2021,25230755.88
Peaches and nectarines,Frutas,2022,26531831.91
Peaches and nectarines,Frutas,2023,27177691.91
Peaches and nectarines,Frutas,2024,27891645.96
Pears,Frutas,1961,5202317.0
Pears,Frutas,1962,5951704.0
Pears,Frutas,1963,5541461.0
Pears,Frutas,1964,6409936.0
Pears,Frutas,1965,5356485.0
Pears,Frutas,1966,6943773.0
Pears,Frutas,1967,6418711.0
Pears,Frutas,1968,7774199.0
Pears,Frutas,1969,7120957.0
Pears,Frutas,1970,7996427.0
Pears,Frutas,1971,8028546.0
Pears,Frutas,1972,7582383.0
Pears,Frutas,1973,8441455.0
Pears,Frutas,1974,7910524.0
Pears,Frutas,1975,8428427.0
Pears,Frutas,1976,8525800.0
Pears,Frutas,1977,7551922.0
Pears,Frutas,1978,8153814.0
Pears,Frutas,1979,8494681.0
Pears,Frutas,1980,8583729.0
Pears,Frutas,1981,8716088.0
Pears,Frutas,1982,9202428.0
Pears,Frutas,1983,9601417.0
Pears,Frutas,1984,9394255.0
Pears,Frutas,1985,9301938.0
Pears,Frutas,1986,9672717.0
Pears,Frutas,1987,9616342.0
Pears,Frutas,1988,10211162.0
Pears,Frutas,1989,9952602.0
Pears,Frutas,1990,9596893.0
Pears,Frutas,1991,9049007.75
Pears,Frutas,1992,10390073.21
Pears,Frutas,1993,10483971.99
Pears,Frutas,1994,11308797.45
Pears,Frutas,1995,12473743.57
Pears,Frutas,1996,13456403.28
Pears,Frutas,1997,14088036.05
Pears,Frutas,1998,14849563.34
Pears,Frutas,1999,15387620.51
Pears,Frutas,2000,16261006.86
Pears,Frutas,2001,16398096.19
Pears,Frutas,2002,16899289.37
Pears,Frutas,2003,17566760.14
Pears,Frutas,2004,18431614.43
Pears,Frutas,2005,19371931.19
Pears,Frutas,2006,19943222.29
Pears,Frutas,2007,20954840.3
Pears,Frutas,2008,21138471.29
Pears,Frutas,2009,22466165.5
Pears,Frutas,2010,22550868.52
Pears,Frutas,2011,24060170.52
Pears,Frutas,2012,24301369.65
Pears,Frutas,2013,25318021.03
Pears,Frutas,2014,25875238.79
Pears,Frutas,2015,24369595.98
Pears,Frutas,2016,23223209.14
Pears,Frutas,2017,23830722.6
Pears,Frutas,2018,23719922.44
Pears,Frutas,2019,24278229.66
Pears,Frutas,2020,24988338.46
Pears,Frutas,2021,25647258.31
Pears,Frutas,2022,26347744.4
Pears,Frutas,2023,26530374.02
Pears,Frutas,2024,27638954.63
"Peas, dry",Legumbres,1961,7346299.0
"Peas, dry",Legumbres,1962,11315849.0
"Peas, dry",Legumbres,1963,11544615.0
"Peas, dry",Legumbres,1964,13197241.0
"Peas, dry",Legumbres,1965,10067599.0
"Peas, dry",Legumbres,1966,9122186.0
"Peas, dry",Legumbres,1967,8463586.0
"Peas, dry",Legumbres,1968,8798292.0
"Peas, dry",Legumbres,1969,9265466.0
"Peas, dry",Legumbres,1970,9120712.0
"Peas, dry",Legumbres,1971,8969278.0
"Peas, dry",Legumbres,1972,8563938.0
"Peas, dry",Legumbres,1973,9303171.0
"Peas, dry",Legumbres,1974,9931912.0
"Peas, dry",Legumbres,1975,7617880.0
"Peas, dry",Legumbres,1976,10346735.0
"Peas, dry",Legumbres,1977,8857728.0
"Peas, dry",Legumbres,1978,10110118.0
"Peas, dry",Legumbres,1979,7351030.0
"Peas, dry",Legumbres,1980,9382151.0
"Peas, dry",Legumbres,1981,7669976.0
"Peas, dry",Legumbres,1982,9583430.0
"Peas, dry",Legumbres,1983,10956040.0
"Peas, dry",Legumbres,1984,11620086.0
"Peas, dry",Legumbres,1985,12380646.0
"Peas, dry",Legumbres,1986,11985317.0
"Peas, dry",Legumbres,1987,14994708.0
"Peas, dry",Legumbres,1988,15199191.0
"Peas, dry",Legumbres,1989,15182891.0
"Peas, dry",Legumbres,1990,16637456.0
"Peas, dry",Legumbres,1991,12342227.76
"Peas, dry",Legumbres,1992,13411910.55
"Peas, dry",Legumbres,1993,14815141.26
"Peas, dry",Legumbres,1994,14323297.26
"Peas, dry",Legumbres,1995,11470350.51
"Peas, dry",Legumbres,1996,10848580.11
"Peas, dry",Legumbres,1997,12152882.36
"Peas, dry",Legumbres,1998,12389764.77
"Peas, dry",Legumbres,1999,10953584.18
"Peas, dry",Legumbres,2000,10712850.69
"Peas, dry",Legumbres,2001,10352985.63
"Peas, dry",Legumbres,2002,9616650.67
"Peas, dry",Legumbres,2003,9887112.81
"Peas, dry",Legumbres,2004,11744206.13
"Peas, dry",Legumbres,2005,11279450.22
"Peas, dry",Legumbres,2006,9775465.98
"Peas, dry",Legumbres,2007,9134982.99
"Peas, dry",Legumbres,2008,9768669.33
"Peas, dry",Legumbres,2009,10396952.59
"Peas, dry",Legumbres,2010,10495081.51
"Peas, dry",Legumbres,2011,10269813.05
"Peas, dry",Legumbres,2012,10568477.22
"Peas, dry",Legumbres,2013,11225555.64
"Peas, dry",Legumbres,2014,11753108.01
"Peas, dry",Legumbres,2015,11938568.84
"Peas, dry",Legumbres,2016,14897913.2
"Peas, dry",Legumbres,2017,16172248.14
"Peas, dry",Legumbres,2018,13457355.13
"Peas, dry",Legumbres,2019,14036123.48
"Peas, dry",Legumbres,2020,14722431.92
"Peas, dry",Legumbres,2021,12491997.21
"Peas, dry",Legumbres,2022,14216607.43
"Peas, dry",Legumbres,2023,13753817.21
"Peas, dry",Legumbres,2024,14157952.07
"Peas, green",Hortalizas,1961,3788013.0
"Peas, green",Hortalizas,1962,3939899.0
"Peas, green",Hortalizas,1963,4010987.0
"Peas, green",Hortalizas,1964,4092846.0
"Peas, green",Hortalizas,1965,4260058.0
"Peas, green",Hortalizas,1966,4303788.0
"Peas, green",Hortalizas,1967,4782957.0
"Peas, green",Hortalizas,1968,4745203.0
"Peas, green",Hortalizas,1969,4783125.0
"Peas, green",Hortalizas,1970,4716649.0
"Peas, green",Hortalizas,1971,4898252.0
"Peas, green",Hortalizas,1972,4857467.0
"Peas, green",Hortalizas,1973,5219266.0
"Peas, green",Hortalizas,1974,5798310.0
"Peas, green",Hortalizas,1975,5541440.0
"Peas, green",Hortalizas,1976,4980383.0
"Peas, green",Hortalizas,1977,5522643.0
"Peas, green",Hortalizas,1978,5332986.0
"Peas, green",Hortalizas,1979,5622576.0
"Peas, green",Hortalizas,1980,5391800.0
"Peas, green",Hortalizas,1981,5663499.0
"Peas, green",Hortalizas,1982,5976155.0
"Peas, green",Hortalizas,1983,5475454.0
"Peas, green",Hortalizas,1984,6181452.0
"Peas, green",Hortalizas,1985,6274177.0
"Peas, green",Hortalizas,1986,5879432.0
"Peas, green",Hortalizas,1987,5988723.0
"Peas, green",Hortalizas,1988,6120047.0
"Peas, green",Hortalizas,1989,6942614.0
"Peas, green",Hortalizas,1990,7491306.0
"Peas, green",Hortalizas,1991,7477983.69
"Peas, green",Hortalizas,1992,7868477.58
"Peas, green",Hortalizas,1993,7719401.48
"Peas, green",Hortalizas,1994,8832132.9
"Peas, green",Hortalizas,1995,9350202.0
"Peas, green",Hortalizas,1996,9165736.59
"Peas, green",Hortalizas,1997,9994596.76
"Peas, green",Hortalizas,1998,10728296.15
"Peas, green",Hortalizas,1999,11390431.41
"Peas, green",Hortalizas,2000,12144457.33
"Peas, green",Hortalizas,2001,12368266.57
"Peas, green",Hortalizas,2002,11738778.39
"Peas, green",Hortalizas,2003,12347575.93
"Peas, green",Hortalizas,2004,12607751.64
"Peas, green",Hortalizas,2005,13116760.19
"Peas, green",Hortalizas,2006,14053713.36
"Peas, green",Hortalizas,2007,14626868.47
"Peas, green",Hortalizas,2008,14867152.1
"Peas, green",Hortalizas,2009,15680887.86
"Peas, green",Hortalizas,2010,15931236.96
"Peas, green",Hortalizas,2011,16918674.49
"Peas, green",Hortalizas,2012,17000931.75
"Peas, green",Hortalizas,2013,17366338.42
"Peas, green",Hortalizas,2014,17368796.06
"Peas, green",Hortalizas,2015,19350179.72
"Peas, green",Hortalizas,2016,18622084.94
"Peas, green",Hortalizas,2017,19686496.07
"Peas, green",Hortalizas,2018,19862758.41
"Peas, green",Hortalizas,2019,20312029.55
"Peas, green",Hortalizas,2020,20934885.0
"Peas, green",Hortalizas,2021,21174654.89
"Peas, green",Hortalizas,2022,21361485.85
"Peas, green",Hortalizas,2023,21847376.16
"Peas, green",Hortalizas,2024,21732165.76
"Pepper (Piper spp.), raw",Estimulantes y especias,1961,71318.0
"Pepper (Piper spp.), raw",Estimulantes y especias,1962,111403.0
"Pepper (Piper spp.), raw",Estimulantes y especias,1963,116426.0
"Pepper (Piper spp.), raw",Estimulantes y especias,1964,103303.0
"Pepper (Piper spp.), raw",Estimulantes y especias,1965,74442.0
"Pepper (Piper spp.), raw",Estimulantes y especias,1966,100418.0
"Pepper (Piper spp.), raw",Estimulantes y especias,1967,88686.0
"Pepper (Piper spp.), raw",Estimulantes y especias,1968,127549.0
"Pepper (Piper spp.), raw",Estimulantes y especias,1969,102615.0
"Pepper (Piper spp.), raw",Estimulantes y especias,1970,102611.0
"Pepper (Piper spp.), raw",Estimulantes y especias,1971,110391.0
"Pepper (Piper spp.), raw",Estimulantes y especias,1972,114039.0
"Pepper (Piper spp.), raw",Estimulantes y especias,1973,121567.0
"Pepper (Piper spp.), raw",Estimulantes y especias,1974,128361.0
"Pepper (Piper spp.), raw",Estimulantes y especias,1975,127045.0
"Pepper (Piper spp.), raw",Estimulantes y especias,1976,156081.0
"Pepper (Piper spp.), raw",Estimulantes y especias,1977,154930.0
"Pepper (Piper spp.), raw",Estimulantes y especias,1978,168612.0
"Pepper (Piper spp.), raw",Estimulantes y especias,1979,168164.0
"Pepper (Piper spp.), raw",Estimulantes y especias,1980,178582.0
"Pepper (Piper spp.), raw",Estimulantes y especias,1981,161581.0
"Pepper (Piper spp.), raw",Estimulantes y especias,1982,166326.0
"Pepper (Piper spp.), raw",Estimulantes y especias,1983,152387.0
"Pepper (Piper spp.), raw",Estimulantes y especias,1984,154701.0
"Pepper (Piper spp.), raw",Estimulantes y especias,1985,142564.0
"Pepper (Piper spp.), raw",Estimulantes y especias,1986,170122.0
"Pepper (Piper spp.), raw",Estimulantes y especias,1987,172893.0
"Pepper (Piper spp.), raw",Estimulantes y especias,1988,229968.0
"Pepper (Piper spp.), raw",Estimulantes y especias,1989,249622.0
"Pepper (Piper spp.), raw",Estimulantes y especias,1990,287858.09
"Pepper (Piper spp.), raw",Estimulantes y especias,1991,284309.76
"Pepper (Piper spp.), raw",Estimulantes y especias,1992,243014.67
"Pepper (Piper spp.), raw",Estimulantes y especias,1993,244526.52
"Pepper (Piper spp.), raw",Estimulantes y especias,1994,225601.09
"Pepper (Piper spp.), raw",Estimulantes y especias,1995,240620.56
"Pepper (Piper spp.), raw",Estimulantes y especias,1996,241829.48
"Pepper (Piper spp.), raw",Estimulantes y especias,1997,238935.35
"Pepper (Piper spp.), raw",Estimulantes y especias,1998,261394.28
"Pepper (Piper spp.), raw",Estimulantes y especias,1999,308053.32
"Pepper (Piper spp.), raw",Estimulantes y especias,2000,318733.86
"Pepper (Piper spp.), raw",Estimulantes y especias,2001,363285.54
"Pepper (Piper spp.), raw",Estimulantes y especias,2002,403240.78
"Pepper (Piper spp.), raw",Estimulantes y especias,2003,426436.7
"Pepper (Piper spp.), raw",Estimulantes y especias,2004,432067.66
"Pepper (Piper spp.), raw",Estimulantes y especias,2005,453139.1
"Pepper (Piper spp.), raw",Estimulantes y especias,2006,473952.62
"Pepper (Piper spp.), raw",Estimulantes y especias,2007,468705.23
"Pepper (Piper spp.), raw",Estimulantes y especias,2008,453730.41
"Pepper (Piper spp.), raw",Estimulantes y especias,2009,466495.46
"Pepper (Piper spp.), raw",Estimulantes y especias,2010,427622.72
"Pepper (Piper spp.), raw",Estimulantes y especias,2011,430412.04
"Pepper (Piper spp.), raw",Estimulantes y especias,2012,426377.53
"Pepper (Piper spp.), raw",Estimulantes y especias,2013,466787.84
"Pepper (Piper spp.), raw",Estimulantes y especias,2014,505087.27
"Pepper (Piper spp.), raw",Estimulantes y especias,2015,565776.84
"Pepper (Piper spp.), raw",Estimulantes y especias,2016,623950.21
"Pepper (Piper spp.), raw",Estimulantes y especias,2017,698142.86
"Pepper (Piper spp.), raw",Estimulantes y especias,2018,828922.2
"Pepper (Piper spp.), raw",Estimulantes y especias,2019,902433.63
"Pepper (Piper spp.), raw",Estimulantes y especias,2020,892305.09
"Pepper (Piper spp.), raw",Estimulantes y especias,2021,961000.56
"Pepper (Piper spp.), raw",Estimulantes y especias,2022,915492.94
"Pepper (Piper spp.), raw",Estimulantes y especias,2023,905455.38
"Pepper (Piper spp.), raw",Estimulantes y especias,2024,933415.66
"Peppermint, spearmint",Estimulantes y especias,1961,107611.0
"Peppermint, spearmint",Estimulantes y especias,1962,105362.0
"Peppermint, spearmint",Estimulantes y especias,1963,80558.0
"Peppermint, spearmint",Estimulantes y especias,1964,51226.0
"Peppermint, spearmint",Estimulantes y especias,1965,43899.0
"Peppermint, spearmint",Estimulantes y especias,1966,46954.0
"Peppermint, spearmint",Estimulantes y especias,1967,49821.0
"Peppermint, spearmint",Estimulantes y especias,1968,51529.0
"Peppermint, spearmint",Estimulantes y especias,1969,37585.0
"Peppermint, spearmint",Estimulantes y especias,1970,43753.0
"Peppermint, spearmint",Estimulantes y especias,1971,53557.0
"Peppermint, spearmint",Estimulantes y especias,1972,48559.0
"Peppermint, spearmint",Estimulantes y especias,1973,48571.0
"Peppermint, spearmint",Estimulantes y especias,1974,53980.0
"Peppermint, spearmint",Estimulantes y especias,1975,57407.0
"Peppermint, spearmint",Estimulantes y especias,1976,44656.0
"Peppermint, spearmint",Estimulantes y especias,1977,46217.0
"Peppermint, spearmint",Estimulantes y especias,1978,37861.0
"Peppermint, spearmint",Estimulantes y especias,1979,31146.0
"Peppermint, spearmint",Estimulantes y especias,1980,25834.0
"Peppermint, spearmint",Estimulantes y especias,1981,19534.0
"Peppermint, spearmint",Estimulantes y especias,1982,22451.0
"Peppermint, spearmint",Estimulantes y especias,1983,19686.0
"Peppermint, spearmint",Estimulantes y especias,1984,17214.0
"Peppermint, spearmint",Estimulantes y especias,1985,21771.0
"Peppermint, spearmint",Estimulantes y especias,1986,25987.0
"Peppermint, spearmint",Estimulantes y especias,1987,27637.0
"Peppermint, spearmint",Estimulantes y especias,1988,32842.0
"Peppermint, spearmint",Estimulantes y especias,1989,37779.0
"Peppermint, spearmint",Estimulantes y especias,1990,28674.0
"Peppermint, spearmint",Estimulantes y especias,1991,22864.0
"Peppermint, spearmint",Estimulantes y especias,1992,31360.0
"Peppermint, spearmint",Estimulantes y especias,1993,39894.0
"Peppermint, spearmint",Estimulantes y especias,1994,57659.0
"Peppermint, spearmint",Estimulantes y especias,1995,57682.0
"Peppermint, spearmint",Estimulantes y especias,1996,60832.0
"Peppermint, spearmint",Estimulantes y especias,1997,56760.0
"Peppermint, spearmint",Estimulantes y especias,1998,65412.0
"Peppermint, spearmint",Estimulantes y especias,1999,88306.88
"Peppermint, spearmint",Estimulantes y especias,2000,43134.91
"Peppermint, spearmint",Estimulantes y especias,2001,60790.68
"Peppermint, spearmint",Estimulantes y especias,2002,60875.69
"Peppermint, spearmint",Estimulantes y especias,2003,118256.71
"Peppermint, spearmint",Estimulantes y especias,2004,76873.72
"Peppermint, spearmint",Estimulantes y especias,2005,69779.73
"Peppermint, spearmint",Estimulantes y especias,2006,92512.75
"Peppermint, spearmint",Estimulantes y especias,2007,73659.76
"Peppermint, spearmint",Estimulantes y especias,2008,72020.77
"Peppermint, spearmint",Estimulantes y especias,2009,59444.79
"Peppermint, spearmint",Estimulantes y especias,2010,80766.8
"Peppermint, spearmint",Estimulantes y especias,2011,62930.81
"Peppermint, spearmint",Estimulantes y especias,2012,106366.83
"Peppermint, spearmint",Estimulantes y especias,2013,95125.03
"Peppermint, spearmint",Estimulantes y especias,2014,92703.87
"Peppermint, spearmint",Estimulantes y especias,2015,107610.24
"Peppermint, spearmint",Estimulantes y especias,2016,106653.17
"Peppermint, spearmint",Estimulantes y especias,2017,99221.74
"Peppermint, spearmint",Estimulantes y especias,2018,106363.82
"Peppermint, spearmint",Estimulantes y especias,2019,74190.5
"Peppermint, spearmint",Estimulantes y especias,2020,48402.14
"Peppermint, spearmint",Estimulantes y especias,2021,37965.65
"Peppermint, spearmint",Estimulantes y especias,2022,50608.04
"Peppermint, spearmint",Estimulantes y especias,2023,35532.27
"Peppermint, spearmint",Estimulantes y especias,2024,32648.73
Persimmons,Frutas,1961,990079.0
Persimmons,Frutas,1962,870058.0
Persimmons,Frutas,1963,965877.0
Persimmons,Frutas,1964,1045660.0
Persimmons,Frutas,1965,978915.0
Persimmons,Frutas,1966,1029482.0
Persimmons,Frutas,1967,1098869.0
Persimmons,Frutas,1968,1050764.0
Persimmons,Frutas,1969,988980.0
Persimmons,Frutas,1970,911635.0
Persimmons,Frutas,1971,836286.0
Persimmons,Frutas,1972,907292.0
Persimmons,Frutas,1973,995403.0
Persimmons,Frutas,1974,950249.0
Persimmons,Frutas,1975,908607.0
Persimmons,Frutas,1976,899686.0
Persimmons,Frutas,1977,923321.0
Persimmons,Frutas,1978,987547.0
Persimmons,Frutas,1979,910503.0
Persimmons,Frutas,1980,968198.0
Persimmons,Frutas,1981,919207.0
Persimmons,Frutas,1982,992416.0
Persimmons,Frutas,1983,1096858.0
Persimmons,Frutas,1984,1118477.0
Persimmons,Frutas,1985,1186165.0
Persimmons,Frutas,1986,1277032.0
Persimmons,Frutas,1987,1332767.0
Persimmons,Frutas,1988,1257684.0
Persimmons,Frutas,1989,1185538.0
Persimmons,Frutas,1990,1158463.42
Persimmons,Frutas,1991,1155537.63
Persimmons,Frutas,1992,1396013.01
Persimmons,Frutas,1993,1342269.65
Persimmons,Frutas,1994,1485413.01
Persimmons,Frutas,1995,1618253.51
Persimmons,Frutas,1996,1696728.94
Persimmons,Frutas,1997,1835910.16
Persimmons,Frutas,1998,2081532.41
Persimmons,Frutas,1999,2296033.51
Persimmons,Frutas,2000,2442512.11
Persimmons,Frutas,2001,2518632.49
Persimmons,Frutas,2002,2741361.14
Persimmons,Frutas,2003,2798939.99
Persimmons,Frutas,2004,2967287.61
Persimmons,Frutas,2005,3342962.9
Persimmons,Frutas,2006,3426296.12
Persimmons,Frutas,2007,3624313.38
Persimmons,Frutas,2008,3848222.08
Persimmons,Frutas,2009,3748561.91
Persimmons,Frutas,2010,3819009.03
Persimmons,Frutas,2011,3979683.88
Persimmons,Frutas,2012,4348279.08
Persimmons,Frutas,2013,4194131.04
Persimmons,Frutas,2014,4476693.52
Persimmons,Frutas,2015,4383269.99
Persimmons,Frutas,2016,4406774.74
Persimmons,Frutas,2017,4612127.57
Persimmons,Frutas,2018,4321071.57
Persimmons,Frutas,2019,4322332.51
Persimmons,Frutas,2020,4505474.23
Persimmons,Frutas,2021,4693369.97
Persimmons,Frutas,2022,4974494.37
Persimmons,Frutas,2023,5004157.85
Persimmons,Frutas,2024,5033619.39
Pineapples,Frutas,1961,3831202.0
Pineapples,Frutas,1962,3852213.0
Pineapples,Frutas,1963,4004916.0
Pineapples,Frutas,1964,4127624.0
Pineapples,Frutas,1965,4476838.0
Pineapples,Frutas,1966,4761061.0
Pineapples,Frutas,1967,5024270.0
Pineapples,Frutas,1968,5055130.0
Pineapples,Frutas,1969,5236758.0
Pineapples,Frutas,1970,5447077.0
Pineapples,Frutas,1971,5704953.0
Pineapples,Frutas,1972,5695759.0
Pineapples,Frutas,1973,5816262.0
Pineapples,Frutas,1974,6206496.0
Pineapples,Frutas,1975,7187327.0
Pineapples,Frutas,1976,8041544.0
Pineapples,Frutas,1977,8081680.0
Pineapples,Frutas,1978,8411633.0
Pineapples,Frutas,1979,9478609.0
Pineapples,Frutas,1980,10830861.0
Pineapples,Frutas,1981,9017448.0
Pineapples,Frutas,1982,8717646.0
Pineapples,Frutas,1983,8702268.0
Pineapples,Frutas,1984,9230377.0
Pineapples,Frutas,1985,9754383.0
Pineapples,Frutas,1986,10312925.0
Pineapples,Frutas,1987,10553629.0
Pineapples,Frutas,1988,11149832.0
Pineapples,Frutas,1989,11564733.0
Pineapples,Frutas,1990,11840549.0
Pineapples,Frutas,1991,11624450.93
Pineapples,Frutas,1992,12306715.46
Pineapples,Frutas,1993,13115946.16
Pineapples,Frutas,1994,12951804.15
Pineapples,Frutas,1995,13067322.45
Pineapples,Frutas,1996,12867322.48
Pineapples,Frutas,1997,13299099.34
Pineapples,Frutas,1998,13207434.63
Pineapples,Frutas,1999,14898577.24
Pineapples,Frutas,2000,15105431.09
Pineapples,Frutas,2001,15646739.11
Pineapples,Frutas,2002,15785229.38
Pineapples,Frutas,2003,16122711.26
Pineapples,Frutas,2004,16735910.99
Pineapples,Frutas,2005,17779915.65
Pineapples,Frutas,2006,19827517.67
Pineapples,Frutas,2007,20041709.27
Pineapples,Frutas,2008,19669636.56
Pineapples,Frutas,2009,20260944.32
Pineapples,Frutas,2010,21305617.24
Pineapples,Frutas,2011,22771723.52
Pineapples,Frutas,2012,23949380.06
Pineapples,Frutas,2013,24447391.72
Pineapples,Frutas,2014,25355227.26
Pineapples,Frutas,2015,25759924.57
Pineapples,Frutas,2016,25854212.0
Pineapples,Frutas,2017,27292845.7
Pineapples,Frutas,2018,28272074.19
Pineapples,Frutas,2019,27838955.37
Pineapples,Frutas,2020,27607560.68
Pineapples,Frutas,2021,28928202.24
Pineapples,Frutas,2022,29662837.95
Pineapples,Frutas,2023,29792966.25
Pineapples,Frutas,2024,29372685.19
"Pistachios, in shell",Oleaginosas y frutos secos,1961,20714.0
"Pistachios, in shell",Oleaginosas y frutos secos,1962,19440.0
"Pistachios, in shell",Oleaginosas y frutos secos,1963,24158.0
"Pistachios, in shell",Oleaginosas y frutos secos,1964,22890.0
"Pistachios, in shell",Oleaginosas y frutos secos,1965,25023.0
"Pistachios, in shell",Oleaginosas y frutos secos,1966,40126.0
"Pistachios, in shell",Oleaginosas y frutos secos,1967,23824.0
"Pistachios, in shell",Oleaginosas y frutos secos,1968,49099.0
"Pistachios, in shell",Oleaginosas y frutos secos,1969,36212.0
"Pistachios, in shell",Oleaginosas y frutos secos,1970,47584.0
"Pistachios, in shell",Oleaginosas y frutos secos,1971,44342.0
"Pistachios, in shell",Oleaginosas y frutos secos,1972,77078.0
"Pistachios, in shell",Oleaginosas y frutos secos,1973,56029.0
"Pistachios, in shell",Oleaginosas y frutos secos,1974,87273.0
"Pistachios, in shell",Oleaginosas y frutos secos,1975,85195.0
"Pistachios, in shell",Oleaginosas y frutos secos,1976,71636.0
"Pistachios, in shell",Oleaginosas y frutos secos,1977,97211.0
"Pistachios, in shell",Oleaginosas y frutos secos,1978,105544.0
"Pistachios, in shell",Oleaginosas y frutos secos,1979,64824.0
"Pistachios, in shell",Oleaginosas y frutos secos,1980,76029.0
"Pistachios, in shell",Oleaginosas y frutos secos,1981,188235.0
"Pistachios, in shell",Oleaginosas y frutos secos,1982,161578.0
"Pistachios, in shell",Oleaginosas y frutos secos,1983,193321.0
"Pistachios, in shell",Oleaginosas y frutos secos,1984,181408.0
"Pistachios, in shell",Oleaginosas y frutos secos,1985,191637.0
"Pistachios, in shell",Oleaginosas y frutos secos,1986,203822.0
"Pistachios, in shell",Oleaginosas y frutos secos,1987,202986.0
"Pistachios, in shell",Oleaginosas y frutos secos,1988,228960.0
"Pistachios, in shell",Oleaginosas y frutos secos,1989,235072.0
"Pistachios, in shell",Oleaginosas y frutos secos,1990,273579.02
"Pistachios, in shell",Oleaginosas y frutos secos,1991,330033.43
"Pistachios, in shell",Oleaginosas y frutos secos,1992,348269.72
"Pistachios, in shell",Oleaginosas y frutos secos,1993,397809.35
"Pistachios, in shell",Oleaginosas y frutos secos,1994,345407.27
"Pistachios, in shell",Oleaginosas y frutos secos,1995,394980.46
"Pistachios, in shell",Oleaginosas y frutos secos,1996,436236.86
"Pistachios, in shell",Oleaginosas y frutos secos,1997,342587.32
"Pistachios, in shell",Oleaginosas y frutos secos,1998,514409.26
"Pistachios, in shell",Oleaginosas y frutos secos,1999,303239.53
"Pistachios, in shell",Oleaginosas y frutos secos,2000,549798.45
"Pistachios, in shell",Oleaginosas y frutos secos,2001,295601.98
"Pistachios, in shell",Oleaginosas y frutos secos,2002,518278.66
"Pistachios, in shell",Oleaginosas y frutos secos,2003,472592.77
"Pistachios, in shell",Oleaginosas y frutos secos,2004,442412.33
"Pistachios, in shell",Oleaginosas y frutos secos,2005,515346.76
"Pistachios, in shell",Oleaginosas y frutos secos,2006,664674.21
"Pistachios, in shell",Oleaginosas y frutos secos,2007,749468.11
"Pistachios, in shell",Oleaginosas y frutos secos,2008,525192.2
"Pistachios, in shell",Oleaginosas y frutos secos,2009,553822.27
"Pistachios, in shell",Oleaginosas y frutos secos,2010,718149.65
"Pistachios, in shell",Oleaginosas y frutos secos,2011,624147.91
"Pistachios, in shell",Oleaginosas y frutos secos,2012,759482.02
"Pistachios, in shell",Oleaginosas y frutos secos,2013,679375.09
"Pistachios, in shell",Oleaginosas y frutos secos,2014,887604.46
"Pistachios, in shell",Oleaginosas y frutos secos,2015,861889.47
"Pistachios, in shell",Oleaginosas y frutos secos,2016,1315488.97
"Pistachios, in shell",Oleaginosas y frutos secos,2017,1164195.35
"Pistachios, in shell",Oleaginosas y frutos secos,2018,985535.06
"Pistachios, in shell",Oleaginosas y frutos secos,2019,885512.76
"Pistachios, in shell",Oleaginosas y frutos secos,2020,1123384.71
"Pistachios, in shell",Oleaginosas y frutos secos,2021,1213116.55
"Pistachios, in shell",Oleaginosas y frutos secos,2022,1024011.54
"Pistachios, in shell",Oleaginosas y frutos secos,2023,1295119.92
"Pistachios, in shell",Oleaginosas y frutos secos,2024,1380320.8
Plantains and cooking bananas,Frutas,1961,11734822.0
Plantains and cooking bananas,Frutas,1962,12372262.0
Plantains and cooking bananas,Frutas,1963,12998846.0
Plantains and cooking bananas,Frutas,1964,13870760.0
Plantains and cooking bananas,Frutas,1965,12476551.0
Plantains and cooking bananas,Frutas,1966,13544855.0
Plantains and cooking bananas,Frutas,1967,14626142.0
Plantains and cooking bananas,Frutas,1968,15326738.0
Plantains and cooking bananas,Frutas,1969,15892773.0
Plantains and cooking bananas,Frutas,1970,18377913.0
Plantains and cooking bananas,Frutas,1971,18341778.0
Plantains and cooking bananas,Frutas,1972,18465537.0
Plantains and cooking bananas,Frutas,1973,19200655.0
Plantains and cooking bananas,Frutas,1974,20425796.0
Plantains and cooking bananas,Frutas,1975,21548105.0
Plantains and cooking bananas,Frutas,1976,20962285.0
Plantains and cooking bananas,Frutas,1977,21506076.0
Plantains and cooking bananas,Frutas,1978,22479810.0
Plantains and cooking bananas,Frutas,1979,20320706.0
Plantains and cooking bananas,Frutas,1980,20250704.0
Plantains and cooking bananas,Frutas,1981,20043195.0
Plantains and cooking bananas,Frutas,1982,20066287.0
Plantains and cooking bananas,Frutas,1983,20403723.0
Plantains and cooking bananas,Frutas,1984,20471114.0
Plantains and cooking bananas,Frutas,1985,21274770.0
Plantains and cooking bananas,Frutas,1986,21390192.0
Plantains and cooking bananas,Frutas,1987,21703643.0
Plantains and cooking bananas,Frutas,1988,22053272.0
Plantains and cooking bananas,Frutas,1989,23219210.0
Plantains and cooking bananas,Frutas,1990,22993724.0
Plantains and cooking bananas,Frutas,1991,22814370.06
Plantains and cooking bananas,Frutas,1992,22888456.19
Plantains and cooking bananas,Frutas,1993,23607694.32
Plantains and cooking bananas,Frutas,1994,24424759.63
Plantains and cooking bananas,Frutas,1995,24589198.87
Plantains and cooking bananas,Frutas,1996,25358556.4
Plantains and cooking bananas,Frutas,1997,25478448.0
Plantains and cooking bananas,Frutas,1998,25390715.67
Plantains and cooking bananas,Frutas,1999,24775653.35
Plantains and cooking bananas,Frutas,2000,25988715.48
Plantains and cooking bananas,Frutas,2001,27401675.07
Plantains and cooking bananas,Frutas,2002,27348807.53
Plantains and cooking bananas,Frutas,2003,27512807.31
Plantains and cooking bananas,Frutas,2004,27635438.17
Plantains and cooking bananas,Frutas,2005,28049723.42
Plantains and cooking bananas,Frutas,2006,28506757.97
Plantains and cooking bananas,Frutas,2007,29350807.87
Plantains and cooking bananas,Frutas,2008,24583643.01
Plantains and cooking bananas,Frutas,2009,25717002.09
Plantains and cooking bananas,Frutas,2010,25522603.62
Plantains and cooking bananas,Frutas,2011,26139911.83
Plantains and cooking bananas,Frutas,2012,27011597.12
Plantains and cooking bananas,Frutas,2013,28303854.47
Plantains and cooking bananas,Frutas,2014,34598740.65
Plantains and cooking bananas,Frutas,2015,35416632.99
Plantains and cooking bananas,Frutas,2016,33716248.06
Plantains and cooking bananas,Frutas,2017,33566291.08
Plantains and cooking bananas,Frutas,2018,37045444.78
Plantains and cooking bananas,Frutas,2019,39688672.27
Plantains and cooking bananas,Frutas,2020,42866668.64
Plantains and cooking bananas,Frutas,2021,42439644.79
Plantains and cooking bananas,Frutas,2022,42999895.26
Plantains and cooking bananas,Frutas,2023,43583979.28
Plantains and cooking bananas,Frutas,2024,44586698.84
Plums and sloes,Frutas,1961,6175927.0
Plums and sloes,Frutas,1962,4235145.0
Plums and sloes,Frutas,1963,5362653.0
Plums and sloes,Frutas,1964,4507824.0
Plums and sloes,Frutas,1965,4815891.0
Plums and sloes,Frutas,1966,5567927.0
Plums and sloes,Frutas,1967,4902186.0
Plums and sloes,Frutas,1968,5661091.0
Plums and sloes,Frutas,1969,6139384.0
Plums and sloes,Frutas,1970,6144264.0
Plums and sloes,Frutas,1971,5294943.0
Plums and sloes,Frutas,1972,5465323.0
Plums and sloes,Frutas,1973,5433712.0
Plums and sloes,Frutas,1974,5498904.0
Plums and sloes,Frutas,1975,4979533.0
Plums and sloes,Frutas,1976,5451824.0
Plums and sloes,Frutas,1977,5485760.0
Plums and sloes,Frutas,1978,5586869.0
Plums and sloes,Frutas,1979,5227517.0
Plums and sloes,Frutas,1980,5992332.0
Plums and sloes,Frutas,1981,5472837.0
Plums and sloes,Frutas,1982,6623034.0
Plums and sloes,Frutas,1983,6555136.0
Plums and sloes,Frutas,1984,6418870.0
Plums and sloes,Frutas,1985,6558448.0
Plums and sloes,Frutas,1986,6343140.0
Plums and sloes,Frutas,1987,6065184.0
Plums and sloes,Frutas,1988,6579858.0
Plums and sloes,Frutas,1989,6735080.0
Plums and sloes,Frutas,1990,6099643.79
Plums and sloes,Frutas,1991,5908054.4
Plums and sloes,Frutas,1992,6003505.19
Plums and sloes,Frutas,1993,6202012.74
Plums and sloes,Frutas,1994,6319981.54
Plums and sloes,Frutas,1995,6191655.63
Plums and sloes,Frutas,1996,7850683.34
Plums and sloes,Frutas,1997,7780659.56
Plums and sloes,Frutas,1998,7402583.57
Plums and sloes,Frutas,1999,8056773.08
Plums and sloes,Frutas,2000,8404873.16
Plums and sloes,Frutas,2001,8488413.4
Plums and sloes,Frutas,2002,8375327.6
Plums and sloes,Frutas,2003,9765419.34
Plums and sloes,Frutas,2004,9426432.46
Plums and sloes,Frutas,2005,9746047.41
Plums and sloes,Frutas,2006,10450602.15
Plums and sloes,Frutas,2007,9466906.29
Plums and sloes,Frutas,2008,10062067.56
Plums and sloes,Frutas,2009,10637163.08
Plums and sloes,Frutas,2010,10568364.33
Plums and sloes,Frutas,2011,10837053.87
Plums and sloes,Frutas,2012,10711953.87
Plums and sloes,Frutas,2013,11132850.13
Plums and sloes,Frutas,2014,11205588.29
Plums and sloes,Frutas,2015,11488998.66
Plums and sloes,Frutas,2016,11717358.78
Plums and sloes,Frutas,2017,11725064.82
Plums and sloes,Frutas,2018,12642167.02
Plums and sloes,Frutas,2019,12721181.25
Plums and sloes,Frutas,2020,12547054.25
Plums and sloes,Frutas,2021,12549338.97
Plums and sloes,Frutas,2022,12742067.89
Plums and sloes,Frutas,2023,12617937.34
Plums and sloes,Frutas,2024,12692006.53
Pomelos and grapefruits,Frutas,1961,2163741.0
Pomelos and grapefruits,Frutas,1962,2167945.0
Pomelos and grapefruits,Frutas,1963,1910557.0
Pomelos and grapefruits,Frutas,1964,1929057.0
Pomelos and grapefruits,Frutas,1965,2290777.0
Pomelos and grapefruits,Frutas,1966,2539321.0
Pomelos and grapefruits,Frutas,1967,2951633.0
Pomelos and grapefruits,Frutas,1968,2569690.0
Pomelos and grapefruits,Frutas,1969,3022618.0
Pomelos and grapefruits,Frutas,1970,3080353.0
Pomelos and grapefruits,Frutas,1971,3469097.0
Pomelos and grapefruits,Frutas,1972,3612483.0
Pomelos and grapefruits,Frutas,1973,3759852.0
Pomelos and grapefruits,Frutas,1974,3806309.0
Pomelos and grapefruits,Frutas,1975,3650947.0
Pomelos and grapefruits,Frutas,1976,4046317.0
Pomelos and grapefruits,Frutas,1977,4344072.0
Pomelos and grapefruits,Frutas,1978,4282841.0
Pomelos and grapefruits,Frutas,1979,4118768.0
Pomelos and grapefruits,Frutas,1980,4548730.0
Pomelos and grapefruits,Frutas,1981,4419762.0
Pomelos and grapefruits,Frutas,1982,4502796.0
Pomelos and grapefruits,Frutas,1983,4000023.0
Pomelos and grapefruits,Frutas,1984,3705488.0
Pomelos and grapefruits,Frutas,1985,3864758.0
Pomelos and grapefruits,Frutas,1986,4063931.0
Pomelos and grapefruits,Frutas,1987,4455868.0
Pomelos and grapefruits,Frutas,1988,4728897.0
Pomelos and grapefruits,Frutas,1989,4781270.0
Pomelos and grapefruits,Frutas,1990,4134076.52
Pomelos and grapefruits,Frutas,1991,4375935.05
Pomelos and grapefruits,Frutas,1992,4357286.24
Pomelos and grapefruits,Frutas,1993,4971707.74
Pomelos and grapefruits,Frutas,1994,4844625.13
Pomelos and grapefruits,Frutas,1995,5298849.51
Pomelos and grapefruits,Frutas,1996,5311023.81
Pomelos and grapefruits,Frutas,1997,5552228.54
Pomelos and grapefruits,Frutas,1998,5218264.59
Pomelos and grapefruits,Frutas,1999,5268505.55
Pomelos and grapefruits,Frutas,2000,5775201.26
Pomelos and grapefruits,Frutas,2001,5465250.47
Pomelos and grapefruits,Frutas,2002,5390122.25
Pomelos and grapefruits,Frutas,2003,5308734.42
Pomelos and grapefruits,Frutas,2004,5424600.13
Pomelos and grapefruits,Frutas,2005,4557541.06
Pomelos and grapefruits,Frutas,2006,4949804.82
Pomelos and grapefruits,Frutas,2007,7137954.21
Pomelos and grapefruits,Frutas,2008,7500316.56
Pomelos and grapefruits,Frutas,2009,7530131.43
Pomelos and grapefruits,Frutas,2010,7580788.02
Pomelos and grapefruits,Frutas,2011,7928145.33
Pomelos and grapefruits,Frutas,2012,8240339.76
Pomelos and grapefruits,Frutas,2013,8492799.71
Pomelos and grapefruits,Frutas,2014,8321921.25
Pomelos and grapefruits,Frutas,2015,8884019.18
Pomelos and grapefruits,Frutas,2016,9001221.61
Pomelos and grapefruits,Frutas,2017,8679896.79
Pomelos and grapefruits,Frutas,2018,9047754.93
Pomelos and grapefruits,Frutas,2019,9496222.02
Pomelos and grapefruits,Frutas,2020,9537127.3
Pomelos and grapefruits,Frutas,2021,9700090.27
Pomelos and grapefruits,Frutas,2022,9732727.2
Pomelos and grapefruits,Frutas,2023,9960506.04
Pomelos and grapefruits,Frutas,2024,9866779.72
Poppy seed,Oleaginosas y frutos secos,1961,52752.0
Poppy seed,Oleaginosas y frutos secos,1962,46979.0
Poppy seed,Oleaginosas y frutos secos,1963,42992.0
Poppy seed,Oleaginosas y frutos secos,1964,25835.0
Poppy seed,Oleaginosas y frutos secos,1965,28140.0
Poppy seed,Oleaginosas y frutos secos,1966,31675.0
Poppy seed,Oleaginosas y frutos secos,1967,30901.0
Poppy seed,Oleaginosas y frutos secos,1968,23479.0
Poppy seed,Oleaginosas y frutos secos,1969,28621.0
Poppy seed,Oleaginosas y frutos secos,1970,25443.0
Poppy seed,Oleaginosas y frutos secos,1971,35818.0
Poppy seed,Oleaginosas y frutos secos,1972,28538.0
Poppy seed,Oleaginosas y frutos secos,1973,25723.0
Poppy seed,Oleaginosas y frutos secos,1974,29838.0
Poppy seed,Oleaginosas y frutos secos,1975,27669.0
Poppy seed,Oleaginosas y frutos secos,1976,38650.0
Poppy seed,Oleaginosas y frutos secos,1977,79547.0
Poppy seed,Oleaginosas y frutos secos,1978,65750.0
Poppy seed,Oleaginosas y frutos secos,1979,33671.0
Poppy seed,Oleaginosas y frutos secos,1980,37645.0
Poppy seed,Oleaginosas y frutos secos,1981,28509.0
Poppy seed,Oleaginosas y frutos secos,1982,30631.0
Poppy seed,Oleaginosas y frutos secos,1983,29699.0
Poppy seed,Oleaginosas y frutos secos,1984,42238.0
Poppy seed,Oleaginosas y frutos secos,1985,27327.0
Poppy seed,Oleaginosas y frutos secos,1986,21627.0
Poppy seed,Oleaginosas y frutos secos,1987,20834.0
Poppy seed,Oleaginosas y frutos secos,1988,29063.0
Poppy seed,Oleaginosas y frutos secos,1989,28034.0
Poppy seed,Oleaginosas y frutos secos,1990,30021.0
Poppy seed,Oleaginosas y frutos secos,1991,46725.21
Poppy seed,Oleaginosas y frutos secos,1992,29489.26
Poppy seed,Oleaginosas y frutos secos,1993,24448.43
Poppy seed,Oleaginosas y frutos secos,1994,52228.05
Poppy seed,Oleaginosas y frutos secos,1995,74856.0
Poppy seed,Oleaginosas y frutos secos,1996,31394.31
Poppy seed,Oleaginosas y frutos secos,1997,44636.0
Poppy seed,Oleaginosas y frutos secos,1998,73139.76
Poppy seed,Oleaginosas y frutos secos,1999,84853.27
Poppy seed,Oleaginosas y frutos secos,2000,45934.0
Poppy seed,Oleaginosas y frutos secos,2001,59508.1
Poppy seed,Oleaginosas y frutos secos,2002,53594.09
Poppy seed,Oleaginosas y frutos secos,2003,90578.66
Poppy seed,Oleaginosas y frutos secos,2004,69654.72
Poppy seed,Oleaginosas y frutos secos,2005,78485.57
Poppy seed,Oleaginosas y frutos secos,2006,86455.43
Poppy seed,Oleaginosas y frutos secos,2007,67447.81
Poppy seed,Oleaginosas y frutos secos,2008,89447.39
Poppy seed,Oleaginosas y frutos secos,2009,100140.97
Poppy seed,Oleaginosas y frutos secos,2010,97372.91
Poppy seed,Oleaginosas y frutos secos,2011,107268.04
Poppy seed,Oleaginosas y frutos secos,2012,49800.73
Poppy seed,Oleaginosas y frutos secos,2013,69624.62
Poppy seed,Oleaginosas y frutos secos,2014,81021.34
Poppy seed,Oleaginosas y frutos secos,2015,101077.93
Poppy seed,Oleaginosas y frutos secos,2016,84376.48
Poppy seed,Oleaginosas y frutos secos,2017,70472.49
Poppy seed,Oleaginosas y frutos secos,2018,29648.01
Poppy seed,Oleaginosas y frutos secos,2019,29977.19
Poppy seed,Oleaginosas y frutos secos,2020,23221.0
Poppy seed,Oleaginosas y frutos secos,2021,23736.44
Poppy seed,Oleaginosas y frutos secos,2022,14938.84
Poppy seed,Oleaginosas y frutos secos,2023,10461.93
Poppy seed,Oleaginosas y frutos secos,2024,10592.01
Potatoes,Raices y tuberculos,1961,270551141.0
Potatoes,Raices y tuberculos,1962,252986543.0
Potatoes,Raices y tuberculos,1963,269981690.0
Potatoes,Raices y tuberculos,1964,284677697.0
Potatoes,Raices y tuberculos,1965,270912273.0
Potatoes,Raices y tuberculos,1966,281962819.0
Potatoes,Raices y tuberculos,1967,296219250.0
Potatoes,Raices y tuberculos,1968,303708169.0
Potatoes,Raices y tuberculos,1969,278475083.0
Potatoes,Raices y tuberculos,1970,298046840.0
Potatoes,Raices y tuberculos,1971,279489465.0
Potatoes,Raices y tuberculos,1972,272143664.0
Potatoes,Raices y tuberculos,1973,307158996.0
Potatoes,Raices y tuberculos,1974,284780226.0
Potatoes,Raices y tuberculos,1975,270382986.0
Potatoes,Raices y tuberculos,1976,272744024.0
Potatoes,Raices y tuberculos,1977,279666805.0
Potatoes,Raices y tuberculos,1978,291160722.0
Potatoes,Raices y tuberculos,1979,297920700.0
Potatoes,Raices y tuberculos,1980,240495149.0
Potatoes,Raices y tuberculos,1981,267780816.0
Potatoes,Raices y tuberculos,1982,265141702.0
Potatoes,Raices y tuberculos,1983,264470059.0
Potatoes,Raices y tuberculos,1984,290945057.0
Potatoes,Raices y tuberculos,1985,281602740.0
Potatoes,Raices y tuberculos,1986,286609431.0
Potatoes,Raices y tuberculos,1987,279414224.0
Potatoes,Raices y tuberculos,1988,268601866.0
Potatoes,Raices y tuberculos,1989,276582637.0
Potatoes,Raices y tuberculos,1990,266824123.0
Potatoes,Raices y tuberculos,1991,256993287.92
Potatoes,Raices y tuberculos,1992,278979592.09
Potatoes,Raices y tuberculos,1993,304614655.19
Potatoes,Raices y tuberculos,1994,270198497.33
Potatoes,Raices y tuberculos,1995,285329539.47
Potatoes,Raices y tuberculos,1996,310492904.02
Potatoes,Raices y tuberculos,1997,301078088.87
Potatoes,Raices y tuberculos,1998,297833665.57
Potatoes,Raices y tuberculos,1999,296109752.06
Potatoes,Raices y tuberculos,2000,322817990.86
Potatoes,Raices y tuberculos,2001,305546154.95
Potatoes,Raices y tuberculos,2002,309865038.85
Potatoes,Raices y tuberculos,2003,307664029.96
Potatoes,Raices y tuberculos,2004,328218313.58
Potatoes,Raices y tuberculos,2005,317739870.99
Potatoes,Raices y tuberculos,2006,307665613.47
Potatoes,Raices y tuberculos,2007,313306461.95
Potatoes,Raices y tuberculos,2008,327311701.99
Potatoes,Raices y tuberculos,2009,330884154.45
Potatoes,Raices y tuberculos,2010,328413805.76
Potatoes,Raices y tuberculos,2011,368119242.63
Potatoes,Raices y tuberculos,2012,360918314.08
Potatoes,Raices y tuberculos,2013,365448852.33
Potatoes,Raices y tuberculos,2014,368456802.41
Potatoes,Raices y tuberculos,2015,365710902.46
Potatoes,Raices y tuberculos,2016,355177125.77
Potatoes,Raices y tuberculos,2017,370623202.95
Potatoes,Raices y tuberculos,2018,366358078.57
Potatoes,Raices y tuberculos,2019,368719496.96
Potatoes,Raices y tuberculos,2020,371358415.52
Potatoes,Raices y tuberculos,2021,376201273.29
Potatoes,Raices y tuberculos,2022,375911086.45
Potatoes,Raices y tuberculos,2023,386749497.79
Potatoes,Raices y tuberculos,2024,390428972.92
"Pumpkins, squash and gourds",Hortalizas,1961,6650336.0
"Pumpkins, squash and gourds",Hortalizas,1962,5691815.0
"Pumpkins, squash and gourds",Hortalizas,1963,5976981.0
"Pumpkins, squash and gourds",Hortalizas,1964,5858379.0
"Pumpkins, squash and gourds",Hortalizas,1965,5584730.0
"Pumpkins, squash and gourds",Hortalizas,1966,6026775.0
"Pumpkins, squash and gourds",Hortalizas,1967,5970731.0
"Pumpkins, squash and gourds",Hortalizas,1968,5933595.0
"Pumpkins, squash and gourds",Hortalizas,1969,5963881.0
"Pumpkins, squash and gourds",Hortalizas,1970,6010233.0
"Pumpkins, squash and gourds",Hortalizas,1971,6283132.0
"Pumpkins, squash and gourds",Hortalizas,1972,6218540.0
"Pumpkins, squash and gourds",Hortalizas,1973,6233060.0
"Pumpkins, squash and gourds",Hortalizas,1974,6549859.0
"Pumpkins, squash and gourds",Hortalizas,1975,6860098.0
"Pumpkins, squash and gourds",Hortalizas,1976,6893407.0
"Pumpkins, squash and gourds",Hortalizas,1977,6886766.0
"Pumpkins, squash and gourds",Hortalizas,1978,7094206.0
"Pumpkins, squash and gourds",Hortalizas,1979,7515021.0
"Pumpkins, squash and gourds",Hortalizas,1980,7962037.0
"Pumpkins, squash and gourds",Hortalizas,1981,8166600.0
"Pumpkins, squash and gourds",Hortalizas,1982,8576817.0
"Pumpkins, squash and gourds",Hortalizas,1983,8928800.0
"Pumpkins, squash and gourds",Hortalizas,1984,9496389.0
"Pumpkins, squash and gourds",Hortalizas,1985,9556887.0
"Pumpkins, squash and gourds",Hortalizas,1986,9943701.0
"Pumpkins, squash and gourds",Hortalizas,1987,10329770.0
"Pumpkins, squash and gourds",Hortalizas,1988,10025895.0
"Pumpkins, squash and gourds",Hortalizas,1989,10332750.0
"Pumpkins, squash and gourds",Hortalizas,1990,10437810.57
"Pumpkins, squash and gourds",Hortalizas,1991,10633430.77
"Pumpkins, squash and gourds",Hortalizas,1992,11370772.77
"Pumpkins, squash and gourds",Hortalizas,1993,12733654.72
"Pumpkins, squash and gourds",Hortalizas,1994,12852535.29
"Pumpkins, squash and gourds",Hortalizas,1995,13528775.86
"Pumpkins, squash and gourds",Hortalizas,1996,14430181.44
"Pumpkins, squash and gourds",Hortalizas,1997,14743222.87
"Pumpkins, squash and gourds",Hortalizas,1998,15073162.26
"Pumpkins, squash and gourds",Hortalizas,1999,15173922.5
"Pumpkins, squash and gourds",Hortalizas,2000,16558159.25
"Pumpkins, squash and gourds",Hortalizas,2001,17011592.19
"Pumpkins, squash and gourds",Hortalizas,2002,18184426.3
"Pumpkins, squash and gourds",Hortalizas,2003,19198163.03
"Pumpkins, squash and gourds",Hortalizas,2004,19513636.83
"Pumpkins, squash and gourds",Hortalizas,2005,18999979.22
"Pumpkins, squash and gourds",Hortalizas,2006,19193279.81
"Pumpkins, squash and gourds",Hortalizas,2007,19767993.28
"Pumpkins, squash and gourds",Hortalizas,2008,19962526.26
"Pumpkins, squash and gourds",Hortalizas,2009,20373270.84
"Pumpkins, squash and gourds",Hortalizas,2010,20752051.59
"Pumpkins, squash and gourds",Hortalizas,2011,21399525.3
"Pumpkins, squash and gourds",Hortalizas,2012,22392970.21
"Pumpkins, squash and gourds",Hortalizas,2013,23318617.58
"Pumpkins, squash and gourds",Hortalizas,2014,23664584.96
"Pumpkins, squash and gourds",Hortalizas,2015,25096698.92
"Pumpkins, squash and gourds",Hortalizas,2016,26469582.46
"Pumpkins, squash and gourds",Hortalizas,2017,27208251.14
"Pumpkins, squash and gourds",Hortalizas,2018,28053956.66
"Pumpkins, squash and gourds",Hortalizas,2019,29964684.84
"Pumpkins, squash and gourds",Hortalizas,2020,31239112.05
"Pumpkins, squash and gourds",Hortalizas,2021,31793551.38
"Pumpkins, squash and gourds",Hortalizas,2022,31877244.56
"Pumpkins, squash and gourds",Hortalizas,2023,32983572.89
"Pumpkins, squash and gourds",Hortalizas,2024,34584404.71
"Pyrethrum, dried flowers",Estimulantes y especias,1961,13552.0
"Pyrethrum, dried flowers",Estimulantes y especias,1962,15577.0
"Pyrethrum, dried flowers",Estimulantes y especias,1963,14547.0
"Pyrethrum, dried flowers",Estimulantes y especias,1964,12076.0
"Pyrethrum, dried flowers",Estimulantes y especias,1965,13574.0
"Pyrethrum, dried flowers",Estimulantes y especias,1966,18420.0
"Pyrethrum, dried flowers",Estimulantes y especias,1967,22599.0
"Pyrethrum, dried flowers",Estimulantes y especias,1968,22322.0
"Pyrethrum, dried flowers",Estimulantes y especias,1969,15649.0
"Pyrethrum, dried flowers",Estimulantes y especias,1970,11696.0
"Pyrethrum, dried flowers",Estimulantes y especias,1971,15701.0
"Pyrethrum, dried flowers",Estimulantes y especias,1972,21752.0
"Pyrethrum, dried flowers",Estimulantes y especias,1973,17919.0
"Pyrethrum, dried flowers",Estimulantes y especias,1974,19768.0
"Pyrethrum, dried flowers",Estimulantes y especias,1975,22852.0
"Pyrethrum, dried flowers",Estimulantes y especias,1976,20555.0
"Pyrethrum, dried flowers",Estimulantes y especias,1977,17308.0
"Pyrethrum, dried flowers",Estimulantes y especias,1978,13088.0
"Pyrethrum, dried flowers",Estimulantes y especias,1979,11750.0
"Pyrethrum, dried flowers",Estimulantes y especias,1980,16053.0
"Pyrethrum, dried flowers",Estimulantes y especias,1981,23347.0
"Pyrethrum, dried flowers",Estimulantes y especias,1982,26269.0
"Pyrethrum, dried flowers",Estimulantes y especias,1983,32546.0
"Pyrethrum, dried flowers",Estimulantes y especias,1984,27267.0
"Pyrethrum, dried flowers",Estimulantes y especias,1985,19270.0
"Pyrethrum, dried flowers",Estimulantes y especias,1986,9046.0
"Pyrethrum, dried flowers",Estimulantes y especias,1987,9690.0
"Pyrethrum, dried flowers",Estimulantes y especias,1988,10574.0
"Pyrethrum, dried flowers",Estimulantes y especias,1989,12270.0
"Pyrethrum, dried flowers",Estimulantes y especias,1990,13697.0
"Pyrethrum, dried flowers",Estimulantes y especias,1991,17281.31
"Pyrethrum, dried flowers",Estimulantes y especias,1992,20082.88
"Pyrethrum, dried flowers",Estimulantes y especias,1993,19540.53
"Pyrethrum, dried flowers",Estimulantes y especias,1994,17646.56
"Pyrethrum, dried flowers",Estimulantes y especias,1995,14230.81
"Pyrethrum, dried flowers",Estimulantes y especias,1996,11363.17
"Pyrethrum, dried flowers",Estimulantes y especias,1997,9448.48
"Pyrethrum, dried flowers",Estimulantes y especias,1998,10456.37
"Pyrethrum, dried flowers",Estimulantes y especias,1999,13815.62
"Pyrethrum, dried flowers",Estimulantes y especias,2000,11979.25
"Pyrethrum, dried flowers",Estimulantes y especias,2001,12039.1
"Pyrethrum, dried flowers",Estimulantes y especias,2002,12735.28
"Pyrethrum, dried flowers",Estimulantes y especias,2003,11432.15
"Pyrethrum, dried flowers",Estimulantes y especias,2004,11135.4
"Pyrethrum, dried flowers",Estimulantes y especias,2005,11433.96
"Pyrethrum, dried flowers",Estimulantes y especias,2006,13237.4
"Pyrethrum, dried flowers",Estimulantes y especias,2007,4835.49
"Pyrethrum, dried flowers",Estimulantes y especias,2008,5316.0
"Pyrethrum, dried flowers",Estimulantes y especias,2009,4299.83
"Pyrethrum, dried flowers",Estimulantes y especias,2010,5477.75
"Pyrethrum, dried flowers",Estimulantes y especias,2011,7459.0
"Pyrethrum, dried flowers",Estimulantes y especias,2012,8492.59
"Pyrethrum, dried flowers",Estimulantes y especias,2013,8977.53
"Pyrethrum, dried flowers",Estimulantes y especias,2014,10209.53
"Pyrethrum, dried flowers",Estimulantes y especias,2015,9663.59
"Pyrethrum, dried flowers",Estimulantes y especias,2016,5319.93
"Pyrethrum, dried flowers",Estimulantes y especias,2017,9320.45
"Pyrethrum, dried flowers",Estimulantes y especias,2018,5909.64
"Pyrethrum, dried flowers",Estimulantes y especias,2019,6933.29
"Pyrethrum, dried flowers",Estimulantes y especias,2020,5697.75
"Pyrethrum, dried flowers",Estimulantes y especias,2021,6063.91
"Pyrethrum, dried flowers",Estimulantes y especias,2022,5691.5
"Pyrethrum, dried flowers",Estimulantes y especias,2023,9280.64
"Pyrethrum, dried flowers",Estimulantes y especias,2024,7295.02
Quinces,Frutas,1961,298522.0
Quinces,Frutas,1962,278097.0
Quinces,Frutas,1963,289289.0
Quinces,Frutas,1964,321604.0
Quinces,Frutas,1965,317251.0
Quinces,Frutas,1966,296345.0
Quinces,Frutas,1967,324965.0
Quinces,Frutas,1968,347895.0
Quinces,Frutas,1969,330217.0
Quinces,Frutas,1970,335388.0
Quinces,Frutas,1971,324286.0
Quinces,Frutas,1972,315190.0
Quinces,Frutas,1973,306550.0
Quinces,Frutas,1974,301084.0
Quinces,Frutas,1975,347354.0
Quinces,Frutas,1976,333869.0
Quinces,Frutas,1977,331533.0
Quinces,Frutas,1978,300994.0
Quinces,Frutas,1979,283919.0
Quinces,Frutas,1980,266771.0
Quinces,Frutas,1981,307653.0
Quinces,Frutas,1982,308601.0
Quinces,Frutas,1983,353525.0
Quinces,Frutas,1984,312255.0
Quinces,Frutas,1985,340290.0
Quinces,Frutas,1986,345964.0
Quinces,Frutas,1987,304287.0
Quinces,Frutas,1988,334844.0
Quinces,Frutas,1989,342222.0
Quinces,Frutas,1990,344392.0
Quinces,Frutas,1991,300278.61
Quinces,Frutas,1992,336260.83
Quinces,Frutas,1993,344378.79
Quinces,Frutas,1994,350136.79
Quinces,Frutas,1995,332285.0
Quinces,Frutas,1996,367309.33
Quinces,Frutas,1997,366207.44
Quinces,Frutas,1998,395366.63
Quinces,Frutas,1999,412854.93
Quinces,Frutas,2000,427363.79
Quinces,Frutas,2001,434831.09
Quinces,Frutas,2002,442727.31
Quinces,Frutas,2003,459262.86
Quinces,Frutas,2004,430653.84
Quinces,Frutas,2005,472315.39
Quinces,Frutas,2006,466980.82
Quinces,Frutas,2007,489871.51
Quinces,Frutas,2008,480609.75
Quinces,Frutas,2009,512524.88
Quinces,Frutas,2010,537430.35
Quinces,Frutas,2011,571713.86
Quinces,Frutas,2012,602237.24
Quinces,Frutas,2013,647080.82
Quinces,Frutas,2014,630148.3
Quinces,Frutas,2015,672786.06
Quinces,Frutas,2016,649118.64
Quinces,Frutas,2017,700793.49
Quinces,Frutas,2018,662419.32
Quinces,Frutas,2019,659904.44
Quinces,Frutas,2020,700538.54
Quinces,Frutas,2021,703713.43
Quinces,Frutas,2022,702380.93
Quinces,Frutas,2023,697986.91
Quinces,Frutas,2024,695474.15
Quinoa,Cereales,1961,32435.0
Quinoa,Cereales,1962,36949.0
Quinoa,Cereales,1963,40812.0
Quinoa,Cereales,1964,30238.0
Quinoa,Cereales,1965,26211.0
Quinoa,Cereales,1966,21455.0
Quinoa,Cereales,1967,22547.0
Quinoa,Cereales,1968,15613.0
Quinoa,Cereales,1969,17903.0
Quinoa,Cereales,1970,17747.0
Quinoa,Cereales,1971,17645.0
Quinoa,Cereales,1972,17742.0
Quinoa,Cereales,1973,19830.0
Quinoa,Cereales,1974,20877.0
Quinoa,Cereales,1975,24642.0
Quinoa,Cereales,1976,25136.0
Quinoa,Cereales,1977,21214.0
Quinoa,Cereales,1978,19391.0
Quinoa,Cereales,1979,16286.0
Quinoa,Cereales,1980,25759.0
Quinoa,Cereales,1981,26252.0
Quinoa,Cereales,1982,32824.0
Quinoa,Cereales,1983,20362.0
Quinoa,Cereales,1984,30847.0
Quinoa,Cereales,1985,29189.0
Quinoa,Cereales,1986,30739.0
Quinoa,Cereales,1987,34127.0
Quinoa,Cereales,1988,39440.0
Quinoa,Cereales,1989,34454.0
Quinoa,Cereales,1990,23012.0
Quinoa,Cereales,1991,38367.0
Quinoa,Cereales,1992,22820.0
Quinoa,Cereales,1993,36779.0
Quinoa,Cereales,1994,36456.0
Quinoa,Cereales,1995,32995.0
Quinoa,Cereales,1996,40123.0
Quinoa,Cereales,1997,50358.0
Quinoa,Cereales,1998,49400.0
Quinoa,Cereales,1999,51849.0
Quinoa,Cereales,2000,52626.0
Quinoa,Cereales,2001,45886.0
Quinoa,Cereales,2002,54846.0
Quinoa,Cereales,2003,55540.0
Quinoa,Cereales,2004,52326.0
Quinoa,Cereales,2005,58443.0
Quinoa,Cereales,2006,57962.0
Quinoa,Cereales,2007,59115.0
Quinoa,Cereales,2008,57777.0
Quinoa,Cereales,2009,74353.0
Quinoa,Cereales,2010,79635.84
Quinoa,Cereales,2011,84197.86
Quinoa,Cereales,2012,97409.62
Quinoa,Cereales,2013,117718.41
Quinoa,Cereales,2014,186147.0
Quinoa,Cereales,2015,193822.22
Quinoa,Cereales,2016,158864.74
Quinoa,Cereales,2017,146735.0
Quinoa,Cereales,2018,159736.78
Quinoa,Cereales,2019,161053.42
Quinoa,Cereales,2020,175381.91
Quinoa,Cereales,2021,157864.17
Quinoa,Cereales,2022,159832.0
Quinoa,Cereales,2023,114529.07
Quinoa,Cereales,2024,165892.7
Rape or colza seed,Oleaginosas y frutos secos,1961,3595525.0
Rape or colza seed,Oleaginosas y frutos secos,1962,3720900.0
Rape or colza seed,Oleaginosas y frutos secos,1963,3397054.0
Rape or colza seed,Oleaginosas y frutos secos,1964,3866462.0
Rape or colza seed,Oleaginosas y frutos secos,1965,5233826.0
Rape or colza seed,Oleaginosas y frutos secos,1966,4661755.0
Rape or colza seed,Oleaginosas y frutos secos,1967,5267487.0
Rape or colza seed,Oleaginosas y frutos secos,1968,5369859.0
Rape or colza seed,Oleaginosas y frutos secos,1969,4943686.0
Rape or colza seed,Oleaginosas y frutos secos,1970,6702077.0
Rape or colza seed,Oleaginosas y frutos secos,1971,8299704.0
Rape or colza seed,Oleaginosas y frutos secos,1972,7012842.0
Rape or colza seed,Oleaginosas y frutos secos,1973,7295624.0
Rape or colza seed,Oleaginosas y frutos secos,1974,7351802.0
Rape or colza seed,Oleaginosas y frutos secos,1975,8788214.0
Rape or colza seed,Oleaginosas y frutos secos,1976,7611177.0
Rape or colza seed,Oleaginosas y frutos secos,1977,7903446.0
Rape or colza seed,Oleaginosas y frutos secos,1978,10567575.0
Rape or colza seed,Oleaginosas y frutos secos,1979,10639042.0
Rape or colza seed,Oleaginosas y frutos secos,1980,10756588.0
Rape or colza seed,Oleaginosas y frutos secos,1981,12465066.0
Rape or colza seed,Oleaginosas y frutos secos,1982,15241159.0
Rape or colza seed,Oleaginosas y frutos secos,1983,14163590.0
Rape or colza seed,Oleaginosas y frutos secos,1984,16710757.0
Rape or colza seed,Oleaginosas y frutos secos,1985,19241032.0
Rape or colza seed,Oleaginosas y frutos secos,1986,19818410.0
Rape or colza seed,Oleaginosas y frutos secos,1987,22648027.0
Rape or colza seed,Oleaginosas y frutos secos,1988,21860940.0
Rape or colza seed,Oleaginosas y frutos secos,1989,22659694.0
Rape or colza seed,Oleaginosas y frutos secos,1990,24428259.0
Rape or colza seed,Oleaginosas y frutos secos,1991,27853679.0
Rape or colza seed,Oleaginosas y frutos secos,1992,26742427.6
Rape or colza seed,Oleaginosas y frutos secos,1993,26224450.5
Rape or colza seed,Oleaginosas y frutos secos,1994,29724683.85
Rape or colza seed,Oleaginosas y frutos secos,1995,34131088.79
Rape or colza seed,Oleaginosas y frutos secos,1996,30422845.3
Rape or colza seed,Oleaginosas y frutos secos,1997,34952521.43
Rape or colza seed,Oleaginosas y frutos secos,1998,35680013.9
Rape or colza seed,Oleaginosas y frutos secos,1999,43143872.4
Rape or colza seed,Oleaginosas y frutos secos,2000,39552392.49
Rape or colza seed,Oleaginosas y frutos secos,2001,35956157.39
Rape or colza seed,Oleaginosas y frutos secos,2002,34428551.96
Rape or colza seed,Oleaginosas y frutos secos,2003,36706977.01
Rape or colza seed,Oleaginosas y frutos secos,2004,46280692.57
Rape or colza seed,Oleaginosas y frutos secos,2005,49766300.64
Rape or colza seed,Oleaginosas y frutos secos,2006,47815756.99
Rape or colza seed,Oleaginosas y frutos secos,2007,51214168.26
Rape or colza seed,Oleaginosas y frutos secos,2008,57503006.99
Rape or colza seed,Oleaginosas y frutos secos,2009,62271826.33
Rape or colza seed,Oleaginosas y frutos secos,2010,60319358.45
Rape or colza seed,Oleaginosas y frutos secos,2011,63837210.46
Rape or colza seed,Oleaginosas y frutos secos,2012,63377513.58
Rape or colza seed,Oleaginosas y frutos secos,2013,72881035.82
Rape or colza seed,Oleaginosas y frutos secos,2014,74234146.87
Rape or colza seed,Oleaginosas y frutos secos,2015,69502544.16
Rape or colza seed,Oleaginosas y frutos secos,2016,69808049.45
Rape or colza seed,Oleaginosas y frutos secos,2017,76157743.02
Rape or colza seed,Oleaginosas y frutos secos,2018,74042776.81
Rape or colza seed,Oleaginosas y frutos secos,2019,71778075.33
Rape or colza seed,Oleaginosas y frutos secos,2020,74860023.22
Rape or colza seed,Oleaginosas y frutos secos,2021,73931035.13
Rape or colza seed,Oleaginosas y frutos secos,2022,89103806.86
Rape or colza seed,Oleaginosas y frutos secos,2023,91613064.63
Rape or colza seed,Oleaginosas y frutos secos,2024,87850643.33
Rice,Cereales,1961,215646627.0
Rice,Cereales,1962,226456291.0
Rice,Cereales,1963,247119204.0
Rice,Cereales,1964,262928949.0
Rice,Cereales,1965,254059657.0
Rice,Cereales,1966,261181246.0
Rice,Cereales,1967,277386339.0
Rice,Cereales,1968,288624275.0
Rice,Cereales,1969,295584346.0
Rice,Cereales,1970,316345651.0
Rice,Cereales,1971,317712363.0
Rice,Cereales,1972,307289867.0
Rice,Cereales,1973,334928765.0
Rice,Cereales,1974,331970539.0
Rice,Cereales,1975,356963012.0
Rice,Cereales,1976,347686382.0
Rice,Cereales,1977,369481070.0
Rice,Cereales,1978,385208660.0
Rice,Cereales,1979,375251671.0
Rice,Cereales,1980,396871220.0
Rice,Cereales,1981,410075138.0
Rice,Cereales,1982,421948954.0
Rice,Cereales,1983,448016205.0
Rice,Cereales,1984,465342803.0
Rice,Cereales,1985,468164482.0
Rice,Cereales,1986,468675152.0
Rice,Cereales,1987,461439818.0
Rice,Cereales,1988,487457812.0
Rice,Cereales,1989,514421550.0
Rice,Cereales,1990,518570206.92
Rice,Cereales,1991,516418184.01
Rice,Cereales,1992,531068522.99
Rice,Cereales,1993,526878757.78
Rice,Cereales,1994,539655159.08
Rice,Cereales,1995,545516640.8
Rice,Cereales,1996,554840638.11
Rice,Cereales,1997,575534705.27
Rice,Cereales,1998,571217170.23
Rice,Cereales,1999,611926350.17
Rice,Cereales,2000,596690737.3
Rice,Cereales,2001,599497730.56
Rice,Cereales,2002,576264743.46
Rice,Cereales,2003,586033958.37
Rice,Cereales,2004,606577799.19
Rice,Cereales,2005,629620878.24
Rice,Cereales,2006,640781700.88
Rice,Cereales,2007,648842288.21
Rice,Cereales,2008,686875958.93
Rice,Cereales,2009,679898278.72
Rice,Cereales,2010,691542453.45
Rice,Cereales,2011,724232689.21
Rice,Cereales,2012,730384019.77
Rice,Cereales,2013,734485117.98
Rice,Cereales,2014,742553330.27
Rice,Cereales,2015,738286707.99
Rice,Cereales,2016,734901945.2
Rice,Cereales,2017,742154772.43
Rice,Cereales,2018,766667908.63
Rice,Cereales,2019,755088170.79
Rice,Cereales,2020,771604782.77
Rice,Cereales,2021,791062868.84
Rice,Cereales,2022,778637858.25
Rice,Cereales,2023,804744456.37
Rice,Cereales,2024,820223277.89
Rye,Cereales,1961,35109990.0
Rye,Cereales,1962,34824359.0
Rye,Cereales,1963,30485497.0
Rye,Cereales,1964,32668314.0
Rye,Cereales,1965,35362831.0
Rye,Cereales,1966,30807849.0
Rye,Cereales,1967,31443409.0
Rye,Cereales,1968,33025601.0
Rye,Cereales,1969,29428813.0
Rye,Cereales,1970,27677728.0
Rye,Cereales,1971,31694353.0
Rye,Cereales,1972,28677560.0
Rye,Cereales,1973,28960556.0
Rye,Cereales,1974,32520805.0
Rye,Cereales,1975,24306881.0
Rye,Cereales,1976,29638910.0
Rye,Cereales,1977,24033296.0
Rye,Cereales,1978,30926595.0
Rye,Cereales,1979,22660117.0
Rye,Cereales,1980,25377975.0
Rye,Cereales,1981,24851692.0
Rye,Cereales,1982,31108450.0
Rye,Cereales,1983,34862311.0
Rye,Cereales,1984,33841313.0
Rye,Cereales,1985,32045448.0
Rye,Cereales,1986,30414111.0
Rye,Cereales,1987,32511687.0
Rye,Cereales,1988,31036858.0
Rye,Cereales,1989,34672561.0
Rye,Cereales,1990,38193583.0
Rye,Cereales,1991,29029385.1
Rye,Cereales,1992,30502820.92
Rye,Cereales,1993,27438854.44
Rye,Cereales,1994,22887956.02
Rye,Cereales,1995,23222644.62
Rye,Cereales,1996,23073797.08
Rye,Cereales,1997,25293021.96
Rye,Cereales,1998,21113412.35
Rye,Cereales,1999,20158771.36
Rye,Cereales,2000,20107761.76
Rye,Cereales,2001,23382393.83
Rye,Cereales,2002,20933223.49
Rye,Cereales,2003,14648005.41
Rye,Cereales,2004,17632389.8
Rye,Cereales,2005,15218033.74
Rye,Cereales,2006,12666200.96
Rye,Cereales,2007,15114239.85
Rye,Cereales,2008,18126818.15
Rye,Cereales,2009,18227511.99
Rye,Cereales,2010,11916085.34
Rye,Cereales,2011,13105773.14
Rye,Cereales,2012,14499757.77
Rye,Cereales,2013,17101813.85
Rye,Cereales,2014,15607186.42
Rye,Cereales,2015,13046413.41
Rye,Cereales,2016,13180463.73
Rye,Cereales,2017,13277399.77
Rye,Cereales,2018,10720677.9
Rye,Cereales,2019,13395378.36
Rye,Cereales,2020,15504309.26
Rye,Cereales,2021,13480050.67
Rye,Cereales,2022,13483020.09
Rye,Cereales,2023,12695185.1
Rye,Cereales,2024,11598599.4
Sesame seed,Oleaginosas y frutos secos,1961,1419988.0
Sesame seed,Oleaginosas y frutos secos,1962,1566316.0
Sesame seed,Oleaginosas y frutos secos,1963,1579733.0
Sesame seed,Oleaginosas y frutos secos,1964,1653488.0
Sesame seed,Oleaginosas y frutos secos,1965,1563671.0
Sesame seed,Oleaginosas y frutos secos,1966,1543269.0
Sesame seed,Oleaginosas y frutos secos,1967,1650554.0
Sesame seed,Oleaginosas y frutos secos,1968,1635281.0
Sesame seed,Oleaginosas y frutos secos,1969,1699334.0
Sesame seed,Oleaginosas y frutos secos,1970,2002036.0
Sesame seed,Oleaginosas y frutos secos,1971,1936507.0
Sesame seed,Oleaginosas y frutos secos,1972,1791085.0
Sesame seed,Oleaginosas y frutos secos,1973,1801047.0
Sesame seed,Oleaginosas y frutos secos,1974,1746111.0
Sesame seed,Oleaginosas y frutos secos,1975,1709699.0
Sesame seed,Oleaginosas y frutos secos,1976,1695406.0
Sesame seed,Oleaginosas y frutos secos,1977,1826846.0
Sesame seed,Oleaginosas y frutos secos,1978,1887578.0
Sesame seed,Oleaginosas y frutos secos,1979,1911017.0
Sesame seed,Oleaginosas y frutos secos,1980,1733274.0
Sesame seed,Oleaginosas y frutos secos,1981,2166383.0
Sesame seed,Oleaginosas y frutos secos,1982,1855652.0
Sesame seed,Oleaginosas y frutos secos,1983,1992967.0
Sesame seed,Oleaginosas y frutos secos,1984,1992092.0
Sesame seed,Oleaginosas y frutos secos,1985,2308730.0
Sesame seed,Oleaginosas y frutos secos,1986,2268501.0
Sesame seed,Oleaginosas y frutos secos,1987,2245725.0
Sesame seed,Oleaginosas y frutos secos,1988,2163929.0
Sesame seed,Oleaginosas y frutos secos,1989,2108460.0
Sesame seed,Oleaginosas y frutos secos,1990,2389564.1
Sesame seed,Oleaginosas y frutos secos,1991,2185020.66
Sesame seed,Oleaginosas y frutos secos,1992,2524272.71
Sesame seed,Oleaginosas y frutos secos,1993,2266783.56
Sesame seed,Oleaginosas y frutos secos,1994,2324703.99
Sesame seed,Oleaginosas y frutos secos,1995,2521088.42
Sesame seed,Oleaginosas y frutos secos,1996,2823621.49
Sesame seed,Oleaginosas y frutos secos,1997,2492033.74
Sesame seed,Oleaginosas y frutos secos,1998,2429164.07
Sesame seed,Oleaginosas y frutos secos,1999,2642788.59
Sesame seed,Oleaginosas y frutos secos,2000,2861483.28
Sesame seed,Oleaginosas y frutos secos,2001,3057028.08
Sesame seed,Oleaginosas y frutos secos,2002,2809009.81
Sesame seed,Oleaginosas y frutos secos,2003,3092876.48
Sesame seed,Oleaginosas y frutos secos,2004,3358468.05
Sesame seed,Oleaginosas y frutos secos,2005,3400700.56
Sesame seed,Oleaginosas y frutos secos,2006,3601487.2
Sesame seed,Oleaginosas y frutos secos,2007,3631300.12
Sesame seed,Oleaginosas y frutos secos,2008,3726955.09
Sesame seed,Oleaginosas y frutos secos,2009,3865555.16
Sesame seed,Oleaginosas y frutos secos,2010,4528257.41
Sesame seed,Oleaginosas y frutos secos,2011,5116292.01
Sesame seed,Oleaginosas y frutos secos,2012,5727732.51
Sesame seed,Oleaginosas y frutos secos,2013,5510487.33
Sesame seed,Oleaginosas y frutos secos,2014,6166179.24
Sesame seed,Oleaginosas y frutos secos,2015,5851047.46
Sesame seed,Oleaginosas y frutos secos,2016,6058310.93
Sesame seed,Oleaginosas y frutos secos,2017,6199917.17
Sesame seed,Oleaginosas y frutos secos,2018,6346088.49
Sesame seed,Oleaginosas y frutos secos,2019,7023099.61
Sesame seed,Oleaginosas y frutos secos,2020,6572367.28
Sesame seed,Oleaginosas y frutos secos,2021,6225473.35
Sesame seed,Oleaginosas y frutos secos,2022,5496885.63
Sesame seed,Oleaginosas y frutos secos,2023,6361013.79
Sesame seed,Oleaginosas y frutos secos,2024,6681657.0
Sorghum,Cereales,1961,40931607.0
Sorghum,Cereales,1962,43935922.0
Sorghum,Cereales,1963,45891600.0
Sorghum,Cereales,1964,45041440.0
Sorghum,Cereales,1965,46868961.0
Sorghum,Cereales,1966,52435349.0
Sorghum,Cereales,1967,55979275.0
Sorghum,Cereales,1968,53177235.0
Sorghum,Cereales,1969,55523273.0
Sorghum,Cereales,1970,55773294.0
Sorghum,Cereales,1971,61895072.0
Sorghum,Cereales,1972,53718301.0
Sorghum,Cereales,1973,64229069.0
Sorghum,Cereales,1974,61264051.0
Sorghum,Cereales,1975,61902908.0
Sorghum,Cereales,1976,62887464.0
Sorghum,Cereales,1977,66783891.0
Sorghum,Cereales,1978,65614115.0
Sorghum,Cereales,1979,65692192.0
Sorghum,Cereales,1980,57238175.0
Sorghum,Cereales,1981,73278504.0
Sorghum,Cereales,1982,68612246.0
Sorghum,Cereales,1983,61992055.0
Sorghum,Cereales,1984,70701326.0
Sorghum,Cereales,1985,77567338.0
Sorghum,Cereales,1986,69150519.0
Sorghum,Cereales,1987,65251842.0
Sorghum,Cereales,1988,63135742.0
Sorghum,Cereales,1989,59079269.0
Sorghum,Cereales,1990,56806999.0
Sorghum,Cereales,1991,56512917.07
Sorghum,Cereales,1992,69509093.8
Sorghum,Cereales,1993,56245039.44
Sorghum,Cereales,1994,61060181.92
Sorghum,Cereales,1995,54153149.08
Sorghum,Cereales,1996,71130339.62
Sorghum,Cereales,1997,61232551.22
Sorghum,Cereales,1998,60830446.98
Sorghum,Cereales,1999,59313880.57
Sorghum,Cereales,2000,56719256.71
Sorghum,Cereales,2001,59429690.55
Sorghum,Cereales,2002,53923675.5
Sorghum,Cereales,2003,59473588.39
Sorghum,Cereales,2004,57291036.1
Sorghum,Cereales,2005,59584859.79
Sorghum,Cereales,2006,57337452.22
Sorghum,Cereales,2007,63234166.3
Sorghum,Cereales,2008,65367036.81
Sorghum,Cereales,2009,56542709.27
Sorghum,Cereales,2010,60897537.46
Sorghum,Cereales,2011,56936129.1
Sorghum,Cereales,2012,57458995.36
Sorghum,Cereales,2013,61450642.36
Sorghum,Cereales,2014,68210411.55
Sorghum,Cereales,2015,65451392.56
Sorghum,Cereales,2016,63469904.18
Sorghum,Cereales,2017,57840947.76
Sorghum,Cereales,2018,59889084.25
Sorghum,Cereales,2019,56945583.69
Sorghum,Cereales,2020,59203935.47
Sorghum,Cereales,2021,61424281.99
Sorghum,Cereales,2022,57207629.37
Sorghum,Cereales,2023,57288007.08
Sorghum,Cereales,2024,64264990.5
Sour cherries,Frutas,1961,542176.0
Sour cherries,Frutas,1962,526077.0
Sour cherries,Frutas,1963,452174.0
Sour cherries,Frutas,1964,655441.0
Sour cherries,Frutas,1965,478896.0
Sour cherries,Frutas,1966,495887.0
Sour cherries,Frutas,1967,441908.0
Sour cherries,Frutas,1968,629223.0
Sour cherries,Frutas,1969,525571.0
Sour cherries,Frutas,1970,538807.0
Sour cherries,Frutas,1971,654944.0
Sour cherries,Frutas,1972,537169.0
Sour cherries,Frutas,1973,514722.0
Sour cherries,Frutas,1974,561309.0
Sour cherries,Frutas,1975,593995.0
Sour cherries,Frutas,1976,547630.0
Sour cherries,Frutas,1977,590120.0
Sour cherries,Frutas,1978,572612.0
Sour cherries,Frutas,1979,723522.0
Sour cherries,Frutas,1980,665347.0
Sour cherries,Frutas,1981,653855.0
Sour cherries,Frutas,1982,858025.0
Sour cherries,Frutas,1983,878636.0
Sour cherries,Frutas,1984,876433.0
Sour cherries,Frutas,1985,940469.0
Sour cherries,Frutas,1986,856272.0
Sour cherries,Frutas,1987,900293.0
Sour cherries,Frutas,1988,953636.0
Sour cherries,Frutas,1989,985895.0
Sour cherries,Frutas,1990,868200.0
Sour cherries,Frutas,1991,849675.77
Sour cherries,Frutas,1992,1187228.56
Sour cherries,Frutas,1993,1218582.17
Sour cherries,Frutas,1994,991931.97
Sour cherries,Frutas,1995,1031988.35
Sour cherries,Frutas,1996,1160216.65
Sour cherries,Frutas,1997,1078770.41
Sour cherries,Frutas,1998,995036.99
Sour cherries,Frutas,1999,987799.45
Sour cherries,Frutas,2000,1120028.39
Sour cherries,Frutas,2001,1123169.63
Sour cherries,Frutas,2002,972954.26
Sour cherries,Frutas,2003,1133563.34
Sour cherries,Frutas,2004,1239598.72
Sour cherries,Frutas,2005,1154137.0
Sour cherries,Frutas,2006,1142365.8
Sour cherries,Frutas,2007,1191996.53
Sour cherries,Frutas,2008,1221120.98
Sour cherries,Frutas,2009,1340053.16
Sour cherries,Frutas,2010,1131115.51
Sour cherries,Frutas,2011,1251546.71
Sour cherries,Frutas,2012,1161311.86
Sour cherries,Frutas,2013,1385989.41
Sour cherries,Frutas,2014,1332621.87
Sour cherries,Frutas,2015,1342819.91
Sour cherries,Frutas,2016,1405016.99
Sour cherries,Frutas,2017,1186334.2
Sour cherries,Frutas,2018,1581621.71
Sour cherries,Frutas,2019,1409300.11
Sour cherries,Frutas,2020,1482792.16
Sour cherries,Frutas,2021,1521139.7
Sour cherries,Frutas,2022,1596157.43
Sour cherries,Frutas,2023,1519462.26
Sour cherries,Frutas,2024,1484452.81
Soya beans,Oleaginosas y frutos secos,1961,26883158.0
Soya beans,Oleaginosas y frutos secos,1962,27120148.0
Soya beans,Oleaginosas y frutos secos,1963,28207071.0
Soya beans,Oleaginosas y frutos secos,1964,29079547.0
Soya beans,Oleaginosas y frutos secos,1965,31704923.0
Soya beans,Oleaginosas y frutos secos,1966,36412918.0
Soya beans,Oleaginosas y frutos secos,1967,37933319.0
Soya beans,Oleaginosas y frutos secos,1968,41420481.0
Soya beans,Oleaginosas y frutos secos,1969,41967347.0
Soya beans,Oleaginosas y frutos secos,1970,43696887.0
Soya beans,Oleaginosas y frutos secos,1971,45618769.0
Soya beans,Oleaginosas y frutos secos,1972,47257207.0
Soya beans,Oleaginosas y frutos secos,1973,59267889.0
Soya beans,Oleaginosas y frutos secos,1974,52639832.0
Soya beans,Oleaginosas y frutos secos,1975,64248541.0
Soya beans,Oleaginosas y frutos secos,1976,57399226.0
Soya beans,Oleaginosas y frutos secos,1977,73854802.0
Soya beans,Oleaginosas y frutos secos,1978,75449966.0
Soya beans,Oleaginosas y frutos secos,1979,88698341.0
Soya beans,Oleaginosas y frutos secos,1980,81040368.0
Soya beans,Oleaginosas y frutos secos,1981,88525040.0
Soya beans,Oleaginosas y frutos secos,1982,92121684.0
Soya beans,Oleaginosas y frutos secos,1983,79467061.0
Soya beans,Oleaginosas y frutos secos,1984,90752915.0
Soya beans,Oleaginosas y frutos secos,1985,101156845.0
Soya beans,Oleaginosas y frutos secos,1986,94446350.0
Soya beans,Oleaginosas y frutos secos,1987,100102463.0
Soya beans,Oleaginosas y frutos secos,1988,93521958.0
Soya beans,Oleaginosas y frutos secos,1989,107254261.0
Soya beans,Oleaginosas y frutos secos,1990,108456443.0
Soya beans,Oleaginosas y frutos secos,1991,102848995.24
Soya beans,Oleaginosas y frutos secos,1992,113986117.16
Soya beans,Oleaginosas y frutos secos,1993,115245084.38
Soya beans,Oleaginosas y frutos secos,1994,136356260.92
Soya beans,Oleaginosas y frutos secos,1995,126923181.76
Soya beans,Oleaginosas y frutos secos,1996,130173437.96
Soya beans,Oleaginosas y frutos secos,1997,144323164.33
Soya beans,Oleaginosas y frutos secos,1998,160125821.52
Soya beans,Oleaginosas y frutos secos,1999,157814078.83
Soya beans,Oleaginosas y frutos secos,2000,161312583.2
Soya beans,Oleaginosas y frutos secos,2001,177020742.82
Soya beans,Oleaginosas y frutos secos,2002,180950733.14
Soya beans,Oleaginosas y frutos secos,2003,190573528.04
Soya beans,Oleaginosas y frutos secos,2004,205548134.39
Soya beans,Oleaginosas y frutos secos,2005,214542760.54
Soya beans,Oleaginosas y frutos secos,2006,221552722.46
Soya beans,Oleaginosas y frutos secos,2007,219793274.78
Soya beans,Oleaginosas y frutos secos,2008,231223514.79
Soya beans,Oleaginosas y frutos secos,2009,223380778.78
Soya beans,Oleaginosas y frutos secos,2010,265092201.76
Soya beans,Oleaginosas y frutos secos,2011,261618175.76
Soya beans,Oleaginosas y frutos secos,2012,241376295.57
Soya beans,Oleaginosas y frutos secos,2013,277681481.43
Soya beans,Oleaginosas y frutos secos,2014,306288083.1
Soya beans,Oleaginosas y frutos secos,2015,323308186.88
Soya beans,Oleaginosas y frutos secos,2016,335977763.68
Soya beans,Oleaginosas y frutos secos,2017,357416289.38
Soya beans,Oleaginosas y frutos secos,2018,347660573.53
Soya beans,Oleaginosas y frutos secos,2019,334318491.65
Soya beans,Oleaginosas y frutos secos,2020,357351281.64
Soya beans,Oleaginosas y frutos secos,2021,373108914.37
Soya beans,Oleaginosas y frutos secos,2022,355756517.03
Soya beans,Oleaginosas y frutos secos,2023,370876094.01
Soya beans,Oleaginosas y frutos secos,2024,397671688.56
Spinach,Hortalizas,1961,2961700.0
Spinach,Hortalizas,1962,2458268.0
Spinach,Hortalizas,1963,2419106.0
Spinach,Hortalizas,1964,2251349.0
Spinach,Hortalizas,1965,2320875.0
Spinach,Hortalizas,1966,2383003.0
Spinach,Hortalizas,1967,2439140.0
Spinach,Hortalizas,1968,2511819.0
Spinach,Hortalizas,1969,2616885.0
Spinach,Hortalizas,1970,2285976.0
Spinach,Hortalizas,1971,2444157.0
Spinach,Hortalizas,1972,2336287.0
Spinach,Hortalizas,1973,2480273.0
Spinach,Hortalizas,1974,2495009.0
Spinach,Hortalizas,1975,2565865.0
Spinach,Hortalizas,1976,2573652.0
Spinach,Hortalizas,1977,2778023.0
Spinach,Hortalizas,1978,3331680.0
Spinach,Hortalizas,1979,2921011.0
Spinach,Hortalizas,1980,2903616.0
Spinach,Hortalizas,1981,3206770.0
Spinach,Hortalizas,1982,3395307.0
Spinach,Hortalizas,1983,3415355.0
Spinach,Hortalizas,1984,3493693.0
Spinach,Hortalizas,1985,3593874.0
Spinach,Hortalizas,1986,3624219.0
Spinach,Hortalizas,1987,3661133.0
Spinach,Hortalizas,1988,3748372.0
Spinach,Hortalizas,1989,3841736.0
Spinach,Hortalizas,1990,4068955.0
Spinach,Hortalizas,1991,4367234.92
Spinach,Hortalizas,1992,4451159.51
Spinach,Hortalizas,1993,5141290.44
Spinach,Hortalizas,1994,5995133.39
Spinach,Hortalizas,1995,6210277.97
Spinach,Hortalizas,1996,7152726.36
Spinach,Hortalizas,1997,7306059.28
Spinach,Hortalizas,1998,7419903.88
Spinach,Hortalizas,1999,7650248.46
Spinach,Hortalizas,2000,9531755.36
Spinach,Hortalizas,2001,10162630.63
Spinach,Hortalizas,2002,11451792.7
Spinach,Hortalizas,2003,12551844.2
Spinach,Hortalizas,2004,13365800.82
Spinach,Hortalizas,2005,14210529.0
Spinach,Hortalizas,2006,14967037.99
Spinach,Hortalizas,2007,16141297.56
Spinach,Hortalizas,2008,18877563.38
Spinach,Hortalizas,2009,19801638.68
Spinach,Hortalizas,2010,20346150.67
Spinach,Hortalizas,2011,21193848.17
Spinach,Hortalizas,2012,22155914.51
Spinach,Hortalizas,2013,23285483.17
Spinach,Hortalizas,2014,24282053.77
Spinach,Hortalizas,2015,25582664.93
Spinach,Hortalizas,2016,26716144.52
Spinach,Hortalizas,2017,27818130.18
Spinach,Hortalizas,2018,28976365.46
Spinach,Hortalizas,2019,30101117.71
Spinach,Hortalizas,2020,31257991.67
Spinach,Hortalizas,2021,32426437.83
Spinach,Hortalizas,2022,33191359.8
Spinach,Hortalizas,2023,34106186.88
Spinach,Hortalizas,2024,30717390.61
Strawberries,Frutas,1961,754516.0
Strawberries,Frutas,1962,737267.0
Strawberries,Frutas,1963,785138.0
Strawberries,Frutas,1964,912792.0
Strawberries,Frutas,1965,956733.0
Strawberries,Frutas,1966,1103519.0
Strawberries,Frutas,1967,1164297.0
Strawberries,Frutas,1968,1152261.0
Strawberries,Frutas,1969,1126378.0
Strawberries,Frutas,1970,1232747.0
Strawberries,Frutas,1971,1215300.0
Strawberries,Frutas,1972,1172859.0
Strawberries,Frutas,1973,1341924.0
Strawberries,Frutas,1974,1386516.0
Strawberries,Frutas,1975,1318064.0
Strawberries,Frutas,1976,1359716.0
Strawberries,Frutas,1977,1535265.0
Strawberries,Frutas,1978,1681937.0
Strawberries,Frutas,1979,1729296.0
Strawberries,Frutas,1980,1795525.0
Strawberries,Frutas,1981,1751007.0
Strawberries,Frutas,1982,1859679.0
Strawberries,Frutas,1983,1871421.0
Strawberries,Frutas,1984,1912388.0
Strawberries,Frutas,1985,2024796.0
Strawberries,Frutas,1986,2104502.0
Strawberries,Frutas,1987,2436289.0
Strawberries,Frutas,1988,2383006.0
Strawberries,Frutas,1989,2461058.0
Strawberries,Frutas,1990,2462167.0
Strawberries,Frutas,1991,2493874.17
Strawberries,Frutas,1992,2515113.25
Strawberries,Frutas,1993,3291084.92
Strawberries,Frutas,1994,3491955.83
Strawberries,Frutas,1995,3684705.47
Strawberries,Frutas,1996,3698293.71
Strawberries,Frutas,1997,3776157.37
Strawberries,Frutas,1998,3979198.94
Strawberries,Frutas,1999,4402247.6
Strawberries,Frutas,2000,4578581.0
Strawberries,Frutas,2001,4579266.63
Strawberries,Frutas,2002,4728992.84
Strawberries,Frutas,2003,5157995.52
Strawberries,Frutas,2004,5611343.42
Strawberries,Frutas,2005,5850997.12
Strawberries,Frutas,2006,5928200.17
Strawberries,Frutas,2007,5784406.07
Strawberries,Frutas,2008,6113503.7
Strawberries,Frutas,2009,6536528.88
Strawberries,Frutas,2010,6298391.68
Strawberries,Frutas,2011,6393434.22
Strawberries,Frutas,2012,6991693.42
Strawberries,Frutas,2013,7455995.89
Strawberries,Frutas,2014,7656729.09
Strawberries,Frutas,2015,8250881.77
Strawberries,Frutas,2016,8067609.75
Strawberries,Frutas,2017,8257032.83
Strawberries,Frutas,2018,8568425.04
Strawberries,Frutas,2019,9129017.84
Strawberries,Frutas,2020,9080554.71
Strawberries,Frutas,2021,9809171.69
Strawberries,Frutas,2022,10274276.7
Strawberries,Frutas,2023,10751586.3
Strawberries,Frutas,2024,10728811.41
Sugar beet,Cultivos azucareros,1961,160501987.0
Sugar beet,Cultivos azucareros,1962,149172711.0
Sugar beet,Cultivos azucareros,1963,164975629.0
Sugar beet,Cultivos azucareros,1964,216206931.0
Sugar beet,Cultivos azucareros,1965,197376224.0
Sugar beet,Cultivos azucareros,1966,212270253.0
Sugar beet,Cultivos azucareros,1967,233455177.0
Sugar beet,Cultivos azucareros,1968,248856658.0
Sugar beet,Cultivos azucareros,1969,216920772.0
Sugar beet,Cultivos azucareros,1970,224251952.0
Sugar beet,Cultivos azucareros,1971,227540795.0
Sugar beet,Cultivos azucareros,1972,240336963.0
Sugar beet,Cultivos azucareros,1973,250104320.0
Sugar beet,Cultivos azucareros,1974,234922029.0
Sugar beet,Cultivos azucareros,1975,251310276.0
Sugar beet,Cultivos azucareros,1976,296408369.0
Sugar beet,Cultivos azucareros,1977,288582476.0
Sugar beet,Cultivos azucareros,1978,282834069.0
Sugar beet,Cultivos azucareros,1979,262752809.0
Sugar beet,Cultivos azucareros,1980,267856451.0
Sugar beet,Cultivos azucareros,1981,287840286.0
Sugar beet,Cultivos azucareros,1982,291773194.0
Sugar beet,Cultivos azucareros,1983,274395485.0
Sugar beet,Cultivos azucareros,1984,296351939.0
Sugar beet,Cultivos azucareros,1985,284155160.0
Sugar beet,Cultivos azucareros,1986,286334048.0
Sugar beet,Cultivos azucareros,1987,299751636.0
Sugar beet,Cultivos azucareros,1988,293570876.0
Sugar beet,Cultivos azucareros,1989,314402899.0
Sugar beet,Cultivos azucareros,1990,309038333.93
Sugar beet,Cultivos azucareros,1991,285129012.83
Sugar beet,Cultivos azucareros,1992,281711849.96
Sugar beet,Cultivos azucareros,1993,282190590.11
Sugar beet,Cultivos azucareros,1994,254453795.8
Sugar beet,Cultivos azucareros,1995,264504903.11
Sugar beet,Cultivos azucareros,1996,264461343.35
Sugar beet,Cultivos azucareros,1997,267973956.02
Sugar beet,Cultivos azucareros,1998,263032521.99
Sugar beet,Cultivos azucareros,1999,260565420.2
Sugar beet,Cultivos azucareros,2000,250076145.77
Sugar beet,Cultivos azucareros,2001,230254845.29
Sugar beet,Cultivos azucareros,2002,259549098.63
Sugar beet,Cultivos azucareros,2003,232643613.57
Sugar beet,Cultivos azucareros,2004,251526203.87
Sugar beet,Cultivos azucareros,2005,253676279.54
Sugar beet,Cultivos azucareros,2006,253961161.22
Sugar beet,Cultivos azucareros,2007,246902403.83
Sugar beet,Cultivos azucareros,2008,221098438.52
Sugar beet,Cultivos azucareros,2009,227971370.66
Sugar beet,Cultivos azucareros,2010,228366808.59
Sugar beet,Cultivos azucareros,2011,278760084.48
Sugar beet,Cultivos azucareros,2012,269561139.54
Sugar beet,Cultivos azucareros,2013,247624316.49
Sugar beet,Cultivos azucareros,2014,270249850.5
Sugar beet,Cultivos azucareros,2015,240323040.89
Sugar beet,Cultivos azucareros,2016,278817623.48
Sugar beet,Cultivos azucareros,2017,313976243.11
Sugar beet,Cultivos azucareros,2018,273429313.42
Sugar beet,Cultivos azucareros,2019,280730754.42
Sugar beet,Cultivos azucareros,2020,250449290.08
Sugar beet,Cultivos azucareros,2021,269005730.42
Sugar beet,Cultivos azucareros,2022,260004005.25
Sugar beet,Cultivos azucareros,2023,283107258.98
Sugar beet,Cultivos azucareros,2024,293624598.05
Sunflower seed,Oleaginosas y frutos secos,1961,6817064.0
Sunflower seed,Oleaginosas y frutos secos,1962,7208937.0
Sunflower seed,Oleaginosas y frutos secos,1963,6600283.0
Sunflower seed,Oleaginosas y frutos secos,1964,8410490.0
Sunflower seed,Oleaginosas y frutos secos,1965,7985294.0
Sunflower seed,Oleaginosas y frutos secos,1966,9231364.0
Sunflower seed,Oleaginosas y frutos secos,1967,10015543.0
Sunflower seed,Oleaginosas y frutos secos,1968,10017913.0
Sunflower seed,Oleaginosas y frutos secos,1969,9914442.0
Sunflower seed,Oleaginosas y frutos secos,1970,10045716.0
Sunflower seed,Oleaginosas y frutos secos,1971,9981621.0
Sunflower seed,Oleaginosas y frutos secos,1972,9814324.0
Sunflower seed,Oleaginosas y frutos secos,1973,12355919.0
Sunflower seed,Oleaginosas y frutos secos,1974,11252508.0
Sunflower seed,Oleaginosas y frutos secos,1975,9873560.0
Sunflower seed,Oleaginosas y frutos secos,1976,10469009.0
Sunflower seed,Oleaginosas y frutos secos,1977,12317522.0
Sunflower seed,Oleaginosas y frutos secos,1978,13303452.0
Sunflower seed,Oleaginosas y frutos secos,1979,15256227.0
Sunflower seed,Oleaginosas y frutos secos,1980,13656326.0
Sunflower seed,Oleaginosas y frutos secos,1981,14337102.0
Sunflower seed,Oleaginosas y frutos secos,1982,16456725.0
Sunflower seed,Oleaginosas y frutos secos,1983,15728491.0
Sunflower seed,Oleaginosas y frutos secos,1984,16628369.0
Sunflower seed,Oleaginosas y frutos secos,1985,18860156.0
Sunflower seed,Oleaginosas y frutos secos,1986,20791677.0
Sunflower seed,Oleaginosas y frutos secos,1987,20609975.0
Sunflower seed,Oleaginosas y frutos secos,1988,20574577.0
Sunflower seed,Oleaginosas y frutos secos,1989,21409896.0
Sunflower seed,Oleaginosas y frutos secos,1990,22705559.0
Sunflower seed,Oleaginosas y frutos secos,1991,22683850.34
Sunflower seed,Oleaginosas y frutos secos,1992,22168576.49
Sunflower seed,Oleaginosas y frutos secos,1993,20103790.5
Sunflower seed,Oleaginosas y frutos secos,1994,21984625.14
Sunflower seed,Oleaginosas y frutos secos,1995,26470620.28
Sunflower seed,Oleaginosas y frutos secos,1996,24902253.05
Sunflower seed,Oleaginosas y frutos secos,1997,23651384.2
Sunflower seed,Oleaginosas y frutos secos,1998,25133271.21
Sunflower seed,Oleaginosas y frutos secos,1999,29493879.79
Sunflower seed,Oleaginosas y frutos secos,2000,26633292.3
Sunflower seed,Oleaginosas y frutos secos,2001,20463084.64
Sunflower seed,Oleaginosas y frutos secos,2002,24499373.28
Sunflower seed,Oleaginosas y frutos secos,2003,27582965.04
Sunflower seed,Oleaginosas y frutos secos,2004,26015312.21
Sunflower seed,Oleaginosas y frutos secos,2005,30548914.9
Sunflower seed,Oleaginosas y frutos secos,2006,31919211.54
Sunflower seed,Oleaginosas y frutos secos,2007,26360782.05
Sunflower seed,Oleaginosas y frutos secos,2008,36501836.32
Sunflower seed,Oleaginosas y frutos secos,2009,33001713.71
Sunflower seed,Oleaginosas y frutos secos,2010,31634437.51
Sunflower seed,Oleaginosas y frutos secos,2011,40210912.43
Sunflower seed,Oleaginosas y frutos secos,2012,36327630.44
Sunflower seed,Oleaginosas y frutos secos,2013,43482851.87
Sunflower seed,Oleaginosas y frutos secos,2014,40659984.87
Sunflower seed,Oleaginosas y frutos secos,2015,42362502.22
Sunflower seed,Oleaginosas y frutos secos,2016,47555026.9
Sunflower seed,Oleaginosas y frutos secos,2017,48598542.98
Sunflower seed,Oleaginosas y frutos secos,2018,51919129.17
Sunflower seed,Oleaginosas y frutos secos,2019,56392532.64
Sunflower seed,Oleaginosas y frutos secos,2020,50030989.55
Sunflower seed,Oleaginosas y frutos secos,2021,57473718.92
Sunflower seed,Oleaginosas y frutos secos,2022,53274287.73
Sunflower seed,Oleaginosas y frutos secos,2023,58277251.53
Sunflower seed,Oleaginosas y frutos secos,2024,52216783.45
Sweet potatoes,Raices y tuberculos,1961,98188859.0
Sweet potatoes,Raices y tuberculos,1962,105286847.0
Sweet potatoes,Raices y tuberculos,1963,98004838.0
Sweet potatoes,Raices y tuberculos,1964,93374332.0
Sweet potatoes,Raices y tuberculos,1965,108374828.0
Sweet potatoes,Raices y tuberculos,1966,119683545.0
Sweet potatoes,Raices y tuberculos,1967,118611428.0
Sweet potatoes,Raices y tuberculos,1968,118094459.0
Sweet potatoes,Raices y tuberculos,1969,126157650.0
Sweet potatoes,Raices y tuberculos,1970,136504392.0
Sweet potatoes,Raices y tuberculos,1971,127249534.0
Sweet potatoes,Raices y tuberculos,1972,121464134.0
Sweet potatoes,Raices y tuberculos,1973,152861869.0
Sweet potatoes,Raices y tuberculos,1974,137260768.0
Sweet potatoes,Raices y tuberculos,1975,141311016.0
Sweet potatoes,Raices y tuberculos,1976,133318676.0
Sweet potatoes,Raices y tuberculos,1977,143104112.0
Sweet potatoes,Raices y tuberculos,1978,151854146.0
Sweet potatoes,Raices y tuberculos,1979,137931947.0
Sweet potatoes,Raices y tuberculos,1980,137865675.0
Sweet potatoes,Raices y tuberculos,1981,125540040.0
Sweet potatoes,Raices y tuberculos,1982,129430308.0
Sweet potatoes,Raices y tuberculos,1983,137942406.0
Sweet potatoes,Raices y tuberculos,1984,133033122.0
Sweet potatoes,Raices y tuberculos,1985,122993609.0
Sweet potatoes,Raices y tuberculos,1986,120948547.0
Sweet potatoes,Raices y tuberculos,1987,133649063.0
Sweet potatoes,Raices y tuberculos,1988,121959523.0
Sweet potatoes,Raices y tuberculos,1989,123716185.0
Sweet potatoes,Raices y tuberculos,1990,122766958.14
Sweet potatoes,Raices y tuberculos,1991,123703954.45
Sweet potatoes,Raices y tuberculos,1992,123233311.23
Sweet potatoes,Raices y tuberculos,1993,131542303.09
Sweet potatoes,Raices y tuberculos,1994,125484813.58
Sweet potatoes,Raices y tuberculos,1995,135994999.56
Sweet potatoes,Raices y tuberculos,1996,141997440.01
Sweet potatoes,Raices y tuberculos,1997,121320672.98
Sweet potatoes,Raices y tuberculos,1998,134820450.09
Sweet potatoes,Raices y tuberculos,1999,147232049.32
Sweet potatoes,Raices y tuberculos,2000,139729219.08
Sweet potatoes,Raices y tuberculos,2001,136158595.5
Sweet potatoes,Raices y tuberculos,2002,136768853.37
Sweet potatoes,Raices y tuberculos,2003,130971381.87
Sweet potatoes,Raices y tuberculos,2004,130768258.73
Sweet potatoes,Raices y tuberculos,2005,127800537.36
Sweet potatoes,Raices y tuberculos,2006,106727701.9
Sweet potatoes,Raices y tuberculos,2007,101293306.57
Sweet potatoes,Raices y tuberculos,2008,103298445.67
Sweet potatoes,Raices y tuberculos,2009,96292258.22
Sweet potatoes,Raices y tuberculos,2010,94029500.17
Sweet potatoes,Raices y tuberculos,2011,95104646.38
Sweet potatoes,Raices y tuberculos,2012,90882644.32
Sweet potatoes,Raices y tuberculos,2013,90366623.19
Sweet potatoes,Raices y tuberculos,2014,93802074.44
Sweet potatoes,Raices y tuberculos,2015,92710644.99
Sweet potatoes,Raices y tuberculos,2016,90561590.49
Sweet potatoes,Raices y tuberculos,2017,93376041.15
Sweet potatoes,Raices y tuberculos,2018,92119174.76
Sweet potatoes,Raices y tuberculos,2019,89705589.84
Sweet potatoes,Raices y tuberculos,2020,91548328.43
Sweet potatoes,Raices y tuberculos,2021,92120147.24
Sweet potatoes,Raices y tuberculos,2022,90026874.82
Sweet potatoes,Raices y tuberculos,2023,89943292.66
Sweet potatoes,Raices y tuberculos,2024,90930337.83
"Tangerines, mandarins, clementines",Frutas,1961,2840347.0
"Tangerines, mandarins, clementines",Frutas,1962,2868715.0
"Tangerines, mandarins, clementines",Frutas,1963,3012331.0
"Tangerines, mandarins, clementines",Frutas,1964,3472637.0
"Tangerines, mandarins, clementines",Frutas,1965,3609574.0
"Tangerines, mandarins, clementines",Frutas,1966,4486412.0
"Tangerines, mandarins, clementines",Frutas,1967,4431299.0
"Tangerines, mandarins, clementines",Frutas,1968,5258955.0
"Tangerines, mandarins, clementines",Frutas,1969,5191852.0
"Tangerines, mandarins, clementines",Frutas,1970,5914738.0
"Tangerines, mandarins, clementines",Frutas,1971,6098186.0
"Tangerines, mandarins, clementines",Frutas,1972,7516142.0
"Tangerines, mandarins, clementines",Frutas,1973,7466754.0
"Tangerines, mandarins, clementines",Frutas,1974,7620716.0
"Tangerines, mandarins, clementines",Frutas,1975,8136777.0
"Tangerines, mandarins, clementines",Frutas,1976,7591428.0
"Tangerines, mandarins, clementines",Frutas,1977,8251029.0
"Tangerines, mandarins, clementines",Frutas,1978,8156816.0
"Tangerines, mandarins, clementines",Frutas,1979,8846420.0
"Tangerines, mandarins, clementines",Frutas,1980,8661389.0
"Tangerines, mandarins, clementines",Frutas,1981,8644669.0
"Tangerines, mandarins, clementines",Frutas,1982,9332129.0
"Tangerines, mandarins, clementines",Frutas,1983,10052932.0
"Tangerines, mandarins, clementines",Frutas,1984,8609655.0
"Tangerines, mandarins, clementines",Frutas,1985,10026789.0
"Tangerines, mandarins, clementines",Frutas,1986,10543592.0
"Tangerines, mandarins, clementines",Frutas,1987,11569548.0
"Tangerines, mandarins, clementines",Frutas,1988,10789702.0
"Tangerines, mandarins, clementines",Frutas,1989,13064341.0
"Tangerines, mandarins, clementines",Frutas,1990,12550086.0
"Tangerines, mandarins, clementines",Frutas,1991,14975216.14
"Tangerines, mandarins, clementines",Frutas,1992,15306646.07
"Tangerines, mandarins, clementines",Frutas,1993,15952006.81
"Tangerines, mandarins, clementines",Frutas,1994,17637368.07
"Tangerines, mandarins, clementines",Frutas,1995,18387334.63
"Tangerines, mandarins, clementines",Frutas,1996,18615760.52
"Tangerines, mandarins, clementines",Frutas,1997,22444285.79
"Tangerines, mandarins, clementines",Frutas,1998,20609319.93
"Tangerines, mandarins, clementines",Frutas,1999,23351705.82
"Tangerines, mandarins, clementines",Frutas,2000,21600406.7
"Tangerines, mandarins, clementines",Frutas,2001,23854310.76
"Tangerines, mandarins, clementines",Frutas,2002,24291896.3
"Tangerines, mandarins, clementines",Frutas,2003,24491844.36
"Tangerines, mandarins, clementines",Frutas,2004,26245072.89
"Tangerines, mandarins, clementines",Frutas,2005,27134833.55
"Tangerines, mandarins, clementines",Frutas,2006,29151478.27
"Tangerines, mandarins, clementines",Frutas,2007,22994501.43
"Tangerines, mandarins, clementines",Frutas,2008,24626178.28
"Tangerines, mandarins, clementines",Frutas,2009,25657849.09
"Tangerines, mandarins, clementines",Frutas,2010,27829095.46
"Tangerines, mandarins, clementines",Frutas,2011,32195074.25
"Tangerines, mandarins, clementines",Frutas,2012,32651134.54
"Tangerines, mandarins, clementines",Frutas,2013,33421087.74
"Tangerines, mandarins, clementines",Frutas,2014,36244848.42
"Tangerines, mandarins, clementines",Frutas,2015,38567878.61
"Tangerines, mandarins, clementines",Frutas,2016,38030662.23
"Tangerines, mandarins, clementines",Frutas,2017,38737412.54
"Tangerines, mandarins, clementines",Frutas,2018,41114011.84
"Tangerines, mandarins, clementines",Frutas,2019,46999125.08
"Tangerines, mandarins, clementines",Frutas,2020,47071912.49
"Tangerines, mandarins, clementines",Frutas,2021,50608450.41
"Tangerines, mandarins, clementines",Frutas,2022,52167707.62
"Tangerines, mandarins, clementines",Frutas,2023,52833869.75
"Tangerines, mandarins, clementines",Frutas,2024,51917893.39
Tea leaves,Estimulantes y especias,1961,983785.0
Tea leaves,Estimulantes y especias,1962,987350.0
Tea leaves,Estimulantes y especias,1963,1021949.0
Tea leaves,Estimulantes y especias,1964,1063199.0
Tea leaves,Estimulantes y especias,1965,1092631.0
Tea leaves,Estimulantes y especias,1966,1144061.0
Tea leaves,Estimulantes y especias,1967,1161581.0
Tea leaves,Estimulantes y especias,1968,1216441.0
Tea leaves,Estimulantes y especias,1969,1238984.0
Tea leaves,Estimulantes y especias,1970,1286757.0
Tea leaves,Estimulantes y especias,1971,1308424.0
Tea leaves,Estimulantes y especias,1972,1405269.0
Tea leaves,Estimulantes y especias,1973,1465134.0
Tea leaves,Estimulantes y especias,1974,1492601.0
Tea leaves,Estimulantes y especias,1975,1549347.0
Tea leaves,Estimulantes y especias,1976,1591872.0
Tea leaves,Estimulantes y especias,1977,1771000.0
Tea leaves,Estimulantes y especias,1978,1805757.0
Tea leaves,Estimulantes y especias,1979,1834132.0
Tea leaves,Estimulantes y especias,1980,1893527.0
Tea leaves,Estimulantes y especias,1981,1885907.0
Tea leaves,Estimulantes y especias,1982,1961781.0
Tea leaves,Estimulantes y especias,1983,2062325.0
Tea leaves,Estimulantes y especias,1984,2202636.0
Tea leaves,Estimulantes y especias,1985,2307534.0
Tea leaves,Estimulantes y especias,1986,2293102.0
Tea leaves,Estimulantes y especias,1987,2358977.0
Tea leaves,Estimulantes y especias,1988,2448034.0
Tea leaves,Estimulantes y especias,1989,2472861.0
Tea leaves,Estimulantes y especias,1990,2524670.0
Tea leaves,Estimulantes y especias,1991,10756456.73
Tea leaves,Estimulantes y especias,1992,10658086.58
Tea leaves,Estimulantes y especias,1993,11077657.45
Tea leaves,Estimulantes y especias,1994,11189104.73
Tea leaves,Estimulantes y especias,1995,11228324.91
Tea leaves,Estimulantes y especias,1996,11575937.84
Tea leaves,Estimulantes y especias,1997,11931361.47
Tea leaves,Estimulantes y especias,1998,12929484.12
Tea leaves,Estimulantes y especias,1999,13293503.8
Tea leaves,Estimulantes y especias,2000,12818987.79
Tea leaves,Estimulantes y especias,2001,13358790.45
Tea leaves,Estimulantes y especias,2002,13673659.3
Tea leaves,Estimulantes y especias,2003,13925084.53
Tea leaves,Estimulantes y especias,2004,14823848.74
Tea leaves,Estimulantes y especias,2005,15616992.93
Tea leaves,Estimulantes y especias,2006,15871804.91
Tea leaves,Estimulantes y especias,2007,17056338.9
Tea leaves,Estimulantes y especias,2008,17512599.79
Tea leaves,Estimulantes y especias,2009,17645122.97
Tea leaves,Estimulantes y especias,2010,19623762.81
Tea leaves,Estimulantes y especias,2011,20644563.46
Tea leaves,Estimulantes y especias,2012,21564284.04
Tea leaves,Estimulantes y especias,2013,22803768.42
Tea leaves,Estimulantes y especias,2014,23813790.22
Tea leaves,Estimulantes y especias,2015,24578637.04
Tea leaves,Estimulantes y especias,2016,24992818.52
Tea leaves,Estimulantes y especias,2017,25938138.41
Tea leaves,Estimulantes y especias,2018,27178832.9
Tea leaves,Estimulantes y especias,2019,27820718.1
Tea leaves,Estimulantes y especias,2020,29173153.18
Tea leaves,Estimulantes y especias,2021,30573470.41
Tea leaves,Estimulantes y especias,2022,30533778.06
Tea leaves,Estimulantes y especias,2023,31398474.02
Tea leaves,Estimulantes y especias,2024,32728930.55
Tomatoes,Hortalizas,1961,27617314.0
Tomatoes,Hortalizas,1962,29132305.0
Tomatoes,Hortalizas,1963,28154910.0
Tomatoes,Hortalizas,1964,29826854.0
Tomatoes,Hortalizas,1965,30459820.0
Tomatoes,Hortalizas,1966,31780432.0
Tomatoes,Hortalizas,1967,33460075.0
Tomatoes,Hortalizas,1968,35330981.0
Tomatoes,Hortalizas,1969,34562117.0
Tomatoes,Hortalizas,1970,35884058.0
Tomatoes,Hortalizas,1971,37720308.0
Tomatoes,Hortalizas,1972,38448334.0
Tomatoes,Hortalizas,1973,41627549.0
Tomatoes,Hortalizas,1974,44777610.0
Tomatoes,Hortalizas,1975,47046882.0
Tomatoes,Hortalizas,1976,45037152.0
Tomatoes,Hortalizas,1977,47081912.0
Tomatoes,Hortalizas,1978,50747542.0
Tomatoes,Hortalizas,1979,54842453.0
Tomatoes,Hortalizas,1980,52650225.0
Tomatoes,Hortalizas,1981,54311122.0
Tomatoes,Hortalizas,1982,57581284.0
Tomatoes,Hortalizas,1983,59545102.0
Tomatoes,Hortalizas,1984,64081092.0
Tomatoes,Hortalizas,1985,65347640.0
Tomatoes,Hortalizas,1986,65224576.0
Tomatoes,Hortalizas,1987,66092219.0
Tomatoes,Hortalizas,1988,67380381.0
Tomatoes,Hortalizas,1989,74614259.0
Tomatoes,Hortalizas,1990,76309370.0
Tomatoes,Hortalizas,1991,75881561.66
Tomatoes,Hortalizas,1992,73734485.02
Tomatoes,Hortalizas,1993,77075868.23
Tomatoes,Hortalizas,1994,82482551.52
Tomatoes,Hortalizas,1995,86535760.18
Tomatoes,Hortalizas,1996,92744326.86
Tomatoes,Hortalizas,1997,89334520.66
Tomatoes,Hortalizas,1998,95182717.74
Tomatoes,Hortalizas,1999,109098297.64
Tomatoes,Hortalizas,2000,109448356.17
Tomatoes,Hortalizas,2001,106938065.73
Tomatoes,Hortalizas,2002,116022245.48
Tomatoes,Hortalizas,2003,118520579.23
Tomatoes,Hortalizas,2004,127340390.22
Tomatoes,Hortalizas,2005,128748568.51
Tomatoes,Hortalizas,2006,130879990.13
Tomatoes,Hortalizas,2007,137608505.86
Tomatoes,Hortalizas,2008,142168180.17
Tomatoes,Hortalizas,2009,155883273.95
Tomatoes,Hortalizas,2010,154070902.69
Tomatoes,Hortalizas,2011,160436342.49
Tomatoes,Hortalizas,2012,164208594.72
Tomatoes,Hortalizas,2013,166341820.05
Tomatoes,Hortalizas,2014,175846099.72
Tomatoes,Hortalizas,2015,178393155.91
Tomatoes,Hortalizas,2016,179447315.84
Tomatoes,Hortalizas,2017,180537563.48
Tomatoes,Hortalizas,2018,182636474.05
Tomatoes,Hortalizas,2019,182688503.64
Tomatoes,Hortalizas,2020,183605411.83
Tomatoes,Hortalizas,2021,186256521.45
Tomatoes,Hortalizas,2022,181277702.51
Tomatoes,Hortalizas,2023,185476454.21
Tomatoes,Hortalizas,2024,188498383.94
Triticale,Cereales,1961,0.0
Triticale,Cereales,1962,0.0
Triticale,Cereales,1963,0.0
Triticale,Cereales,1964,0.0
Triticale,Cereales,1965,0.0
Triticale,Cereales,1966,0.0
Triticale,Cereales,1967,0.0
Triticale,Cereales,1968,0.0
Triticale,Cereales,1969,0.0
Triticale,Cereales,1970,0.0
Triticale,Cereales,1971,0.0
Triticale,Cereales,1972,0.0
Triticale,Cereales,1973,0.0
Triticale,Cereales,1974,0.0
Triticale,Cereales,1975,1200.0
Triticale,Cereales,1976,2309.0
Triticale,Cereales,1977,23213.0
Triticale,Cereales,1978,49669.0
Triticale,Cereales,1979,99054.0
Triticale,Cereales,1980,167210.0
Triticale,Cereales,1981,102280.0
Triticale,Cereales,1982,86443.0
Triticale,Cereales,1983,192464.0
Triticale,Cereales,1984,374508.0
Triticale,Cereales,1985,599060.0
Triticale,Cereales,1986,913235.0
Triticale,Cereales,1987,2062133.0
Triticale,Cereales,1988,2904592.0
Triticale,Cereales,1989,3835912.0
Triticale,Cereales,1990,4453148.0
Triticale,Cereales,1991,4751056.1
Triticale,Cereales,1992,4308564.2
Triticale,Cereales,1993,4994060.78
Triticale,Cereales,1994,4839584.9
Triticale,Cereales,1995,5906971.77
Triticale,Cereales,1996,7243084.1
Triticale,Cereales,1997,7974532.1
Triticale,Cereales,1998,8700242.2
Triticale,Cereales,1999,8255408.4
Triticale,Cereales,2000,9034411.75
Triticale,Cereales,2001,10825345.5
Triticale,Cereales,2002,11962946.0
Triticale,Cereales,2003,10518878.5
Triticale,Cereales,2004,14239438.6
Triticale,Cereales,2005,13311486.62
Triticale,Cereales,2006,11789877.94
Triticale,Cereales,2007,12121982.0
Triticale,Cereales,2008,14239011.03
Triticale,Cereales,2009,15663363.0
Triticale,Cereales,2010,13739100.94
Triticale,Cereales,2011,13555753.3
Triticale,Cereales,2012,13650861.91
Triticale,Cereales,2013,14462424.97
Triticale,Cereales,2014,16981170.62
Triticale,Cereales,2015,16348787.6
Triticale,Cereales,2016,15239769.93
Triticale,Cereales,2017,14956865.77
Triticale,Cereales,2018,12338997.61
Triticale,Cereales,2019,14056040.66
Triticale,Cereales,2020,15369370.78
Triticale,Cereales,2021,14182573.94
Triticale,Cereales,2022,14080375.84
Triticale,Cereales,2023,13476805.82
Triticale,Cereales,2024,12403875.27
Unmanufactured tobacco,Estimulantes y especias,1961,3573808.0
Unmanufactured tobacco,Estimulantes y especias,1962,3935801.0
Unmanufactured tobacco,Estimulantes y especias,1963,4265306.0
Unmanufactured tobacco,Estimulantes y especias,1964,4660800.0
Unmanufactured tobacco,Estimulantes y especias,1965,4355623.0
Unmanufactured tobacco,Estimulantes y especias,1966,4591419.0
Unmanufactured tobacco,Estimulantes y especias,1967,4891492.0
Unmanufactured tobacco,Estimulantes y especias,1968,4766039.0
Unmanufactured tobacco,Estimulantes y especias,1969,4675231.0
Unmanufactured tobacco,Estimulantes y especias,1970,4663162.0
Unmanufactured tobacco,Estimulantes y especias,1971,4567445.0
Unmanufactured tobacco,Estimulantes y especias,1972,4934516.0
Unmanufactured tobacco,Estimulantes y especias,1973,4949305.0
Unmanufactured tobacco,Estimulantes y especias,1974,5299450.0
Unmanufactured tobacco,Estimulantes y especias,1975,5418545.0
Unmanufactured tobacco,Estimulantes y especias,1976,5732960.0
Unmanufactured tobacco,Estimulantes y especias,1977,5582681.0
Unmanufactured tobacco,Estimulantes y especias,1978,5987651.0
Unmanufactured tobacco,Estimulantes y especias,1979,5434050.0
Unmanufactured tobacco,Estimulantes y especias,1980,5258279.0
Unmanufactured tobacco,Estimulantes y especias,1981,5981452.0
Unmanufactured tobacco,Estimulantes y especias,1982,6948540.0
Unmanufactured tobacco,Estimulantes y especias,1983,5987773.0
Unmanufactured tobacco,Estimulantes y especias,1984,6554436.0
Unmanufactured tobacco,Estimulantes y especias,1985,7049173.0
Unmanufactured tobacco,Estimulantes y especias,1986,6007970.0
Unmanufactured tobacco,Estimulantes y especias,1987,6177934.0
Unmanufactured tobacco,Estimulantes y especias,1988,6839739.0
Unmanufactured tobacco,Estimulantes y especias,1989,7065383.0
Unmanufactured tobacco,Estimulantes y especias,1990,7137622.0
Unmanufactured tobacco,Estimulantes y especias,1991,7555160.64
Unmanufactured tobacco,Estimulantes y especias,1992,8327260.07
Unmanufactured tobacco,Estimulantes y especias,1993,8339436.52
Unmanufactured tobacco,Estimulantes y especias,1994,6450899.74
Unmanufactured tobacco,Estimulantes y especias,1995,6269765.36
Unmanufactured tobacco,Estimulantes y especias,1996,7393368.96
Unmanufactured tobacco,Estimulantes y especias,1997,8944145.93
Unmanufactured tobacco,Estimulantes y especias,1998,6879321.51
Unmanufactured tobacco,Estimulantes y especias,1999,6970718.25
Unmanufactured tobacco,Estimulantes y especias,2000,6686403.93
Unmanufactured tobacco,Estimulantes y especias,2001,6105198.77
Unmanufactured tobacco,Estimulantes y especias,2002,6409543.75
Unmanufactured tobacco,Estimulantes y especias,2003,5998454.4
Unmanufactured tobacco,Estimulantes y especias,2004,6558236.27
Unmanufactured tobacco,Estimulantes y especias,2005,6721291.8
Unmanufactured tobacco,Estimulantes y especias,2006,6512703.69
Unmanufactured tobacco,Estimulantes y especias,2007,6144242.76
Unmanufactured tobacco,Estimulantes y especias,2008,6569510.63
Unmanufactured tobacco,Estimulantes y especias,2009,7094659.59
Unmanufactured tobacco,Estimulantes y especias,2010,6910099.34
Unmanufactured tobacco,Estimulantes y especias,2011,7446554.08
Unmanufactured tobacco,Estimulantes y especias,2012,7492114.45
Unmanufactured tobacco,Estimulantes y especias,2013,7507170.64
Unmanufactured tobacco,Estimulantes y especias,2014,7212129.21
Unmanufactured tobacco,Estimulantes y especias,2015,6713315.72
Unmanufactured tobacco,Estimulantes y especias,2016,6239057.84
Unmanufactured tobacco,Estimulantes y especias,2017,6267515.01
Unmanufactured tobacco,Estimulantes y especias,2018,6046181.1
Unmanufactured tobacco,Estimulantes y especias,2019,6499318.91
Unmanufactured tobacco,Estimulantes y especias,2020,5802148.9
Unmanufactured tobacco,Estimulantes y especias,2021,5842988.15
Unmanufactured tobacco,Estimulantes y especias,2022,5695629.42
Unmanufactured tobacco,Estimulantes y especias,2023,5993406.8
Unmanufactured tobacco,Estimulantes y especias,2024,6048229.88
"Vanilla, raw",Estimulantes y especias,1961,1380.0
"Vanilla, raw",Estimulantes y especias,1962,1199.0
"Vanilla, raw",Estimulantes y especias,1963,1685.0
"Vanilla, raw",Estimulantes y especias,1964,1627.0
"Vanilla, raw",Estimulantes y especias,1965,1749.0
"Vanilla, raw",Estimulantes y especias,1966,1938.0
"Vanilla, raw",Estimulantes y especias,1967,1898.0
"Vanilla, raw",Estimulantes y especias,1968,1507.0
"Vanilla, raw",Estimulantes y especias,1969,1962.0
"Vanilla, raw",Estimulantes y especias,1970,1736.0
"Vanilla, raw",Estimulantes y especias,1971,2337.0
"Vanilla, raw",Estimulantes y especias,1972,2398.0
"Vanilla, raw",Estimulantes y especias,1973,2082.0
"Vanilla, raw",Estimulantes y especias,1974,2844.0
"Vanilla, raw",Estimulantes y especias,1975,3136.0
"Vanilla, raw",Estimulantes y especias,1976,1586.0
"Vanilla, raw",Estimulantes y especias,1977,1939.0
"Vanilla, raw",Estimulantes y especias,1978,1989.0
"Vanilla, raw",Estimulantes y especias,1979,1740.0
"Vanilla, raw",Estimulantes y especias,1980,1983.0
"Vanilla, raw",Estimulantes y especias,1981,2390.0
"Vanilla, raw",Estimulantes y especias,1982,2795.0
"Vanilla, raw",Estimulantes y especias,1983,2811.0
"Vanilla, raw",Estimulantes y especias,1984,3243.0
"Vanilla, raw",Estimulantes y especias,1985,3024.0
"Vanilla, raw",Estimulantes y especias,1986,2542.0
"Vanilla, raw",Estimulantes y especias,1987,4093.0
"Vanilla, raw",Estimulantes y especias,1988,4861.0
"Vanilla, raw",Estimulantes y especias,1989,4437.0
"Vanilla, raw",Estimulantes y especias,1990,3167.81
"Vanilla, raw",Estimulantes y especias,1991,3203.44
"Vanilla, raw",Estimulantes y especias,1992,3585.2
"Vanilla, raw",Estimulantes y especias,1993,4234.83
"Vanilla, raw",Estimulantes y especias,1994,3569.24
"Vanilla, raw",Estimulantes y especias,1995,3889.2
"Vanilla, raw",Estimulantes y especias,1996,4115.09
"Vanilla, raw",Estimulantes y especias,1997,4007.48
"Vanilla, raw",Estimulantes y especias,1998,4573.5
"Vanilla, raw",Estimulantes y especias,1999,4341.17
"Vanilla, raw",Estimulantes y especias,2000,3987.65
"Vanilla, raw",Estimulantes y especias,2001,4739.32
"Vanilla, raw",Estimulantes y especias,2002,5309.51
"Vanilla, raw",Estimulantes y especias,2003,4825.88
"Vanilla, raw",Estimulantes y especias,2004,5840.19
"Vanilla, raw",Estimulantes y especias,2005,7499.21
"Vanilla, raw",Estimulantes y especias,2006,9059.73
"Vanilla, raw",Estimulantes y especias,2007,9327.46
"Vanilla, raw",Estimulantes y especias,2008,9301.74
"Vanilla, raw",Estimulantes y especias,2009,9216.46
"Vanilla, raw",Estimulantes y especias,2010,8334.94
"Vanilla, raw",Estimulantes y especias,2011,8687.17
"Vanilla, raw",Estimulantes y especias,2012,8145.41
"Vanilla, raw",Estimulantes y especias,2013,7698.78
"Vanilla, raw",Estimulantes y especias,2014,7306.42
"Vanilla, raw",Estimulantes y especias,2015,7457.48
"Vanilla, raw",Estimulantes y especias,2016,7535.13
"Vanilla, raw",Estimulantes y especias,2017,7409.52
"Vanilla, raw",Estimulantes y especias,2018,7471.98
"Vanilla, raw",Estimulantes y especias,2019,6988.69
"Vanilla, raw",Estimulantes y especias,2020,7145.44
"Vanilla, raw",Estimulantes y especias,2021,7675.17
"Vanilla, raw",Estimulantes y especias,2022,7110.23
"Vanilla, raw",Estimulantes y especias,2023,7193.55
"Vanilla, raw",Estimulantes y especias,2024,7114.54
Vetches,Legumbres,1961,1871348.0
Vetches,Legumbres,1962,2243064.0
Vetches,Legumbres,1963,1576519.0
Vetches,Legumbres,1964,2315556.0
Vetches,Legumbres,1965,1878022.0
Vetches,Legumbres,1966,2016549.0
Vetches,Legumbres,1967,2222169.0
Vetches,Legumbres,1968,2079651.0
Vetches,Legumbres,1969,2285491.0
Vetches,Legumbres,1970,2272120.0
Vetches,Legumbres,1971,1885485.0
Vetches,Legumbres,1972,1812065.0
Vetches,Legumbres,1973,1865146.0
Vetches,Legumbres,1974,1883776.0
Vetches,Legumbres,1975,1260650.0
Vetches,Legumbres,1976,1625858.0
Vetches,Legumbres,1977,1619608.0
Vetches,Legumbres,1978,1110884.0
Vetches,Legumbres,1979,909989.0
Vetches,Legumbres,1980,1118904.0
Vetches,Legumbres,1981,953691.0
Vetches,Legumbres,1982,1191201.0
Vetches,Legumbres,1983,1653494.0
Vetches,Legumbres,1984,1563708.0
Vetches,Legumbres,1985,1795650.0
Vetches,Legumbres,1986,1735044.0
Vetches,Legumbres,1987,1671869.0
Vetches,Legumbres,1988,1553049.0
Vetches,Legumbres,1989,1590503.0
Vetches,Legumbres,1990,1546041.0
Vetches,Legumbres,1991,1257175.97
Vetches,Legumbres,1992,1185964.18
Vetches,Legumbres,1993,1069696.51
Vetches,Legumbres,1994,1061008.91
Vetches,Legumbres,1995,1021271.13
Vetches,Legumbres,1996,1281837.98
Vetches,Legumbres,1997,1346694.76
Vetches,Legumbres,1998,949292.96
Vetches,Legumbres,1999,901670.15
Vetches,Legumbres,2000,1040755.15
Vetches,Legumbres,2001,1115861.13
Vetches,Legumbres,2002,1112816.13
Vetches,Legumbres,2003,1260001.27
Vetches,Legumbres,2004,1277642.36
Vetches,Legumbres,2005,1083246.6
Vetches,Legumbres,2006,1239056.34
Vetches,Legumbres,2007,981548.9
Vetches,Legumbres,2008,981420.85
Vetches,Legumbres,2009,835532.61
Vetches,Legumbres,2010,740801.53
Vetches,Legumbres,2011,939320.96
Vetches,Legumbres,2012,933448.04
Vetches,Legumbres,2013,910153.76
Vetches,Legumbres,2014,906480.17
Vetches,Legumbres,2015,967709.48
Vetches,Legumbres,2016,929040.37
Vetches,Legumbres,2017,919683.88
Vetches,Legumbres,2018,636950.11
Vetches,Legumbres,2019,701270.73
Vetches,Legumbres,2020,708886.69
Vetches,Legumbres,2021,619627.77
Vetches,Legumbres,2022,645934.59
Vetches,Legumbres,2023,672663.75
Vetches,Legumbres,2024,654724.39
"Walnuts, in shell",Oleaginosas y frutos secos,1961,497077.0
"Walnuts, in shell",Oleaginosas y frutos secos,1962,530187.0
"Walnuts, in shell",Oleaginosas y frutos secos,1963,529130.0
"Walnuts, in shell",Oleaginosas y frutos secos,1964,547407.0
"Walnuts, in shell",Oleaginosas y frutos secos,1965,533463.0
"Walnuts, in shell",Oleaginosas y frutos secos,1966,584392.0
"Walnuts, in shell",Oleaginosas y frutos secos,1967,562147.0
"Walnuts, in shell",Oleaginosas y frutos secos,1968,591254.0
"Walnuts, in shell",Oleaginosas y frutos secos,1969,619973.0
"Walnuts, in shell",Oleaginosas y frutos secos,1970,654660.0
"Walnuts, in shell",Oleaginosas y frutos secos,1971,678585.0
"Walnuts, in shell",Oleaginosas y frutos secos,1972,635637.0
"Walnuts, in shell",Oleaginosas y frutos secos,1973,791963.0
"Walnuts, in shell",Oleaginosas y frutos secos,1974,668099.0
"Walnuts, in shell",Oleaginosas y frutos secos,1975,732768.0
"Walnuts, in shell",Oleaginosas y frutos secos,1976,743482.0
"Walnuts, in shell",Oleaginosas y frutos secos,1977,716599.0
"Walnuts, in shell",Oleaginosas y frutos secos,1978,743899.0
"Walnuts, in shell",Oleaginosas y frutos secos,1979,790726.0
"Walnuts, in shell",Oleaginosas y frutos secos,1980,795415.0
"Walnuts, in shell",Oleaginosas y frutos secos,1981,780722.0
"Walnuts, in shell",Oleaginosas y frutos secos,1982,874377.0
"Walnuts, in shell",Oleaginosas y frutos secos,1983,844051.0
"Walnuts, in shell",Oleaginosas y frutos secos,1984,838407.0
"Walnuts, in shell",Oleaginosas y frutos secos,1985,836056.0
"Walnuts, in shell",Oleaginosas y frutos secos,1986,842476.0
"Walnuts, in shell",Oleaginosas y frutos secos,1987,874537.0
"Walnuts, in shell",Oleaginosas y frutos secos,1988,867914.0
"Walnuts, in shell",Oleaginosas y frutos secos,1989,919535.0
"Walnuts, in shell",Oleaginosas y frutos secos,1990,890515.0
"Walnuts, in shell",Oleaginosas y frutos secos,1991,930139.8
"Walnuts, in shell",Oleaginosas y frutos secos,1992,940243.8
"Walnuts, in shell",Oleaginosas y frutos secos,1993,1107485.03
"Walnuts, in shell",Oleaginosas y frutos secos,1994,1055641.01
"Walnuts, in shell",Oleaginosas y frutos secos,1995,1063926.03
"Walnuts, in shell",Oleaginosas y frutos secos,1996,1096252.12
"Walnuts, in shell",Oleaginosas y frutos secos,1997,1129980.58
"Walnuts, in shell",Oleaginosas y frutos secos,1998,1196367.98
"Walnuts, in shell",Oleaginosas y frutos secos,1999,1259557.23
"Walnuts, in shell",Oleaginosas y frutos secos,2000,1287662.57
"Walnuts, in shell",Oleaginosas y frutos secos,2001,1327394.47
"Walnuts, in shell",Oleaginosas y frutos secos,2002,1415575.13
"Walnuts, in shell",Oleaginosas y frutos secos,2003,1591455.94
"Walnuts, in shell",Oleaginosas y frutos secos,2004,1569648.96
"Walnuts, in shell",Oleaginosas y frutos secos,2005,1816976.56
"Walnuts, in shell",Oleaginosas y frutos secos,2006,1867375.56
"Walnuts, in shell",Oleaginosas y frutos secos,2007,1995134.48
"Walnuts, in shell",Oleaginosas y frutos secos,2008,2255247.39
"Walnuts, in shell",Oleaginosas y frutos secos,2009,2489066.03
"Walnuts, in shell",Oleaginosas y frutos secos,2010,2780468.62
"Walnuts, in shell",Oleaginosas y frutos secos,2011,3361852.52
"Walnuts, in shell",Oleaginosas y frutos secos,2012,2613525.28
"Walnuts, in shell",Oleaginosas y frutos secos,2013,2641398.06
"Walnuts, in shell",Oleaginosas y frutos secos,2014,3002815.04
"Walnuts, in shell",Oleaginosas y frutos secos,2015,3262700.61
"Walnuts, in shell",Oleaginosas y frutos secos,2016,3303259.11
"Walnuts, in shell",Oleaginosas y frutos secos,2017,3363576.05
"Walnuts, in shell",Oleaginosas y frutos secos,2018,3298494.74
"Walnuts, in shell",Oleaginosas y frutos secos,2019,3421005.93
"Walnuts, in shell",Oleaginosas y frutos secos,2020,3748079.81
"Walnuts, in shell",Oleaginosas y frutos secos,2021,3812524.44
"Walnuts, in shell",Oleaginosas y frutos secos,2022,4002276.27
"Walnuts, in shell",Oleaginosas y frutos secos,2023,4257140.11
"Walnuts, in shell",Oleaginosas y frutos secos,2024,4349163.36
Watermelons,Frutas,1961,17847421.0
Watermelons,Frutas,1962,19137184.0
Watermelons,Frutas,1963,19182440.0
Watermelons,Frutas,1964,19618819.0
Watermelons,Frutas,1965,19149955.0
Watermelons,Frutas,1966,20090471.0
Watermelons,Frutas,1967,20893875.0
Watermelons,Frutas,1968,21256722.0
Watermelons,Frutas,1969,21113283.0
Watermelons,Frutas,1970,19577867.0
Watermelons,Frutas,1971,22148511.0
Watermelons,Frutas,1972,21116168.0
Watermelons,Frutas,1973,21926466.0
Watermelons,Frutas,1974,21988860.0
Watermelons,Frutas,1975,23766420.0
Watermelons,Frutas,1976,24385874.0
Watermelons,Frutas,1977,24239738.0
Watermelons,Frutas,1978,25154572.0
Watermelons,Frutas,1979,26442656.0
Watermelons,Frutas,1980,26406813.0
Watermelons,Frutas,1981,27720834.0
Watermelons,Frutas,1982,28749585.0
Watermelons,Frutas,1983,28837337.0
Watermelons,Frutas,1984,29572949.0
Watermelons,Frutas,1985,35304287.0
Watermelons,Frutas,1986,35614953.0
Watermelons,Frutas,1987,38947629.0
Watermelons,Frutas,1988,37556799.0
Watermelons,Frutas,1989,34959232.0
Watermelons,Frutas,1990,34869745.0
Watermelons,Frutas,1991,35076229.8
Watermelons,Frutas,1992,36447566.64
Watermelons,Frutas,1993,38456180.56
Watermelons,Frutas,1994,38652868.3
Watermelons,Frutas,1995,41927213.06
Watermelons,Frutas,1996,47989403.04
Watermelons,Frutas,1997,60192712.88
Watermelons,Frutas,1998,61702536.84
Watermelons,Frutas,1999,73705657.8
Watermelons,Frutas,2000,77192731.57
Watermelons,Frutas,2001,84000840.97
Watermelons,Frutas,2002,91035823.79
Watermelons,Frutas,2003,89183151.95
Watermelons,Frutas,2004,88877835.33
Watermelons,Frutas,2005,91870994.46
Watermelons,Frutas,2006,94379469.96
Watermelons,Frutas,2007,87483032.38
Watermelons,Frutas,2008,90071351.24
Watermelons,Frutas,2009,92358054.08
Watermelons,Frutas,2010,94552452.21
Watermelons,Frutas,2011,94740409.29
Watermelons,Frutas,2012,96333427.05
Watermelons,Frutas,2013,97754520.69
Watermelons,Frutas,2014,99430016.33
Watermelons,Frutas,2015,101345253.47
Watermelons,Frutas,2016,102758881.59
Watermelons,Frutas,2017,101420706.31
Watermelons,Frutas,2018,101116581.22
Watermelons,Frutas,2019,102188120.84
Watermelons,Frutas,2020,104348208.22
Watermelons,Frutas,2021,102702687.85
Watermelons,Frutas,2022,103180925.05
Watermelons,Frutas,2023,104408251.34
Watermelons,Frutas,2024,104959426.09
Wheat,Cereales,1961,222357231.0
Wheat,Cereales,1962,250319146.0
Wheat,Cereales,1963,233339473.0
Wheat,Cereales,1964,268791657.0
Wheat,Cereales,1965,263645963.0
Wheat,Cereales,1966,303785460.0
Wheat,Cereales,1967,294295876.0
Wheat,Cereales,1968,326843941.0
Wheat,Cereales,1969,308640283.0
Wheat,Cereales,1970,310740954.0
Wheat,Cereales,1971,347525581.0
Wheat,Cereales,1972,343001429.0
Wheat,Cereales,1973,369334126.0
Wheat,Cereales,1974,358825442.0
Wheat,Cereales,1975,355806146.0
Wheat,Cereales,1976,419868031.0
Wheat,Cereales,1977,382276677.0
Wheat,Cereales,1978,443844880.0
Wheat,Cereales,1979,422999301.0
Wheat,Cereales,1980,440187901.0
Wheat,Cereales,1981,449633986.0
Wheat,Cereales,1982,476768609.0
Wheat,Cereales,1983,489555281.0
Wheat,Cereales,1984,512330225.0
Wheat,Cereales,1985,499527392.0
Wheat,Cereales,1986,528685222.0
Wheat,Cereales,1987,505075847.0
Wheat,Cereales,1988,500656538.0
Wheat,Cereales,1989,538206114.0
Wheat,Cereales,1990,591330111.0
Wheat,Cereales,1991,546668130.95
Wheat,Cereales,1992,564987847.32
Wheat,Cereales,1993,564402165.42
Wheat,Cereales,1994,527005032.66
Wheat,Cereales,1995,542396086.58
Wheat,Cereales,1996,584210417.52
Wheat,Cereales,1997,613345309.96
Wheat,Cereales,1998,592888794.96
Wheat,Cereales,1999,587465397.7
Wheat,Cereales,2000,585479851.85
Wheat,Cereales,2001,589579961.28
Wheat,Cereales,2002,574751496.69
Wheat,Cereales,2003,568138334.24
Wheat,Cereales,2004,631654102.86
Wheat,Cereales,2005,626720292.28
Wheat,Cereales,2006,601878913.71
Wheat,Cereales,2007,611107130.34
Wheat,Cereales,2008,680105120.51
Wheat,Cereales,2009,684659723.98
Wheat,Cereales,2010,653707910.63
Wheat,Cereales,2011,698000561.61
Wheat,Cereales,2012,660022512.14
Wheat,Cereales,2013,713672297.86
Wheat,Cereales,2014,731940920.8
Wheat,Cereales,2015,737763843.19
Wheat,Cereales,2016,765075376.91
Wheat,Cereales,2017,762082346.51
Wheat,Cereales,2018,730694073.2
Wheat,Cereales,2019,760643589.04
Wheat,Cereales,2020,775796488.7
Wheat,Cereales,2021,783124200.41
Wheat,Cereales,2022,807987812.25
Wheat,Cereales,2023,794567417.02
Wheat,Cereales,2024,798481711.07
